feature_snapshot_id,segment_zone_id,as_of_date,road_code,segment_index,segment_length_m,zone_type,applicable_threshold_cm,simulated_current_height_cm,simulated_height_lag_1d_cm,simulated_height_lag_7d_cm,simulated_height_lag_14d_cm,simulated_growth_rolling_7d_cm,simulated_rainfall_rolling_7d_mm,simulated_rainfall_rolling_14d_mm,days_since_simulated_mowing,simulated_historical_class,simulated_threshold_state,rehearsal_split_role,source_record_ids,input_window_sha256,feature_definition_version,data_status,eligible_for_model_training,eligible_for_official_reporting,eligible_for_operations,authorizes_mowing
c9387d29-ac53-54ae-8f00-dff07d66b8f3,00cb94fd-970b-5652-b9e8-aa30d6d12bc3,2026-08-15,SP021,195,100,left,30,9.35,8.81,24.49,18.91,5.36,20.0,41.3,2,N1,within,development_rehearsal,485ea7d7-c0ed-5b24-bb69-9ff16baac6e0|06271238-c506-5b9f-a3bb-85b3904e29b9|fbf76465-c854-559f-9e46-ca5e34d6a7b0|527a0284-5df2-5ca4-be21-eb2980af1232|ca4dbb95-de36-57d8-bb9a-e248d930da65|8ce66ae9-5387-52da-a3af-2fbcb5262bf0|b58899b3-fa18-5d40-bfbc-8cf48e7200c4|c1ed3731-d1a6-5ce2-af55-242354473347|bdfc989b-4061-56e9-9953-d7c74f1d2bea|3293113d-1904-50ad-8601-ced31eee81c1|df523577-e66b-5e58-9a75-cad207c4da92|addbb82b-7d61-5811-9155-6138121ecb1e|7b294f2c-ff22-5320-a287-7c7420f0c580|8b4826f2-f6d5-5ef1-b2aa-804b91c95356|fdfb72bc-a703-5074-ac62-f8abaa1e8065,0a116d0e459f56d077d281d0d0f55d9115551075aed4e5df1fdf330a9b1e369b,zenit-simulated-feature-snapshot-v1,simulated,False,False,False,False
52b222dd-f899-5959-911e-ba56f82efc92,4721c12b-0a1b-5b6a-9fb3-cb0b40d23bfb,2026-08-15,SP021,195,100,median,30,25.9,25.31,21.31,16.67,4.59,22.4,39.3,,N2,within,development_rehearsal,396a4a1e-65bd-53bf-8859-a6a5b312ca23|03c064d6-e146-51ac-969f-9f5869a2dbc8|bb75dac1-8665-5535-b9dd-6c29fd748562|4366114c-cc04-5a97-a0f1-54c5473e018a|96e69c03-ac06-537b-812d-0b0b15eb2388|d28321ad-77c1-5f86-a713-5770656706d3|d749fd64-f46a-523c-8b7d-277971567e10|d0b964d2-a860-5ada-99e7-31bd94f88c33|57953ff8-c83f-501e-85f5-a8c542df89bd|e4bb93e8-a9dc-5c65-8ea2-0fa14ad1aadc|4f95252b-85be-5b0d-88b1-43ee3908abeb|402cd258-3154-5285-9751-3033027db902|c845c0c2-a0f9-58d7-ab0d-c460c508d58b|221c2511-3395-5a66-9ae5-a88e68c2d8ee|77f81726-1dcf-5787-b9dd-2ef8e6c23b09,8b96812cb62dc7b35ce1105c8b56632d8721bafc7bc559b7ae9f2ae6bbf074bb,zenit-simulated-feature-snapshot-v1,simulated,False,False,False,False
1be0df7e-308f-522d-b470-0b49e430cfef,046003bd-58ac-5aca-8364-c934ce6319c8,2026-08-15,SP021,195,100,right,30,33.49,32.71,27.62,21.66,5.87,38.6,63.5,,N3,exceeds,development_rehearsal,fceebfa4-af07-56fa-a4ba-6466c21996ba|6f97619e-8c5a-5de4-8844-d617d3a5e248|66669add-fa9d-514d-97c0-8a918293628c|ed512fb4-e2dc-5aee-866d-5b95e6f40578|e0e964c1-abe2-5abc-9ed3-af92a2fe40f7|1641cb55-06cf-58cf-ba26-ac6ae3e80f0f|e63b6266-cae3-5f5a-abcc-921ba772c565|7e218be1-1a86-51be-9b74-8e5f0f5fcfb3|f1e7159a-83f3-5f33-84e9-f7b1f19fe477|7e66b869-1359-52a3-9893-59de05e1e24b|af7c2948-d690-5cb0-9cf7-fbefb3ad9dd9|d987c31f-4061-5f9a-84bc-eb24c2972b70|fb9f215e-878b-5d12-8ada-a09a7807dc21|8e9ebffd-2e24-5f36-8fe4-39d8e7353129|3d599b79-4fc5-5382-89f1-34a7df8d5b7b,b47cdd910a9731ba40b68cd492d9a85591a1f64293da202d54f24f03a95bd56c,zenit-simulated-feature-snapshot-v1,simulated,False,False,False,False
f3911833-8b8a-5679-b2c9-9b5b539d6d1d,23232185-5c98-523a-a8a5-d53254b8a0d8,2026-08-15,SP021,195,100,special,10,8.8,8.21,11.8,7.74,4.42,29.5,68.6,6,N1,within,development_rehearsal,c15d2fd3-5f51-5743-9545-1312f192595b|e708c77c-21aa-5186-bede-224df5612111|8ccc5bb6-e8d0-5e69-8a84-4878c135bb8e|e434a8ac-4d21-5bc8-b1a5-05d1375bdd2e|35f9d313-1f80-5e2d-8550-f603c85b122b|404d5823-6f17-5f4b-8e02-1ae5b8ee0580|0ab819fe-3e8b-5f4e-abe1-3ad073d39593|1bc30c7e-cf42-56bf-abc6-296f113575bf|16868af0-614b-59fe-afbf-96d6aefa4519|dead432a-6ea7-5f19-b6f2-dd46cb2f17a8|437ea9db-16e6-5dcd-8ff6-22391962f916|40eac1e9-a65d-5d46-ab89-9267ee02703f|b615a17e-b19f-5e0c-9048-382ae0471ddc|144cc7e1-69cc-560e-b1b6-1bf244040358|c1d60c68-5b2f-5b5d-9d88-f554ccf8b1cb,ac41813901f4acc92cdb3d141aa0d4178db919e8df91cac582cfd880384fc87d,zenit-simulated-feature-snapshot-v1,simulated,False,False,False,False
7f6d439b-ac7f-5d8e-99e7-5ab5fd955d71,00cb94fd-970b-5652-b9e8-aa30d6d12bc3,2026-08-16,SP021,195,100,left,30,10.28,9.35,25.25,20.04,5.53,32.0,40.1,3,N2,within,development_rehearsal,06271238-c506-5b9f-a3bb-85b3904e29b9|fbf76465-c854-559f-9e46-ca5e34d6a7b0|527a0284-5df2-5ca4-be21-eb2980af1232|ca4dbb95-de36-57d8-bb9a-e248d930da65|8ce66ae9-5387-52da-a3af-2fbcb5262bf0|b58899b3-fa18-5d40-bfbc-8cf48e7200c4|c1ed3731-d1a6-5ce2-af55-242354473347|bdfc989b-4061-56e9-9953-d7c74f1d2bea|3293113d-1904-50ad-8601-ced31eee81c1|df523577-e66b-5e58-9a75-cad207c4da92|addbb82b-7d61-5811-9155-6138121ecb1e|7b294f2c-ff22-5320-a287-7c7420f0c580|8b4826f2-f6d5-5ef1-b2aa-804b91c95356|fdfb72bc-a703-5074-ac62-f8abaa1e8065|65d4ef17-56ef-56b0-b447-362e2654d5ed,79e032c88bfc79cb014376b79100be6a91401051c6ccc07fa50b767db4ff9054,zenit-simulated-feature-snapshot-v1,simulated,False,False,False,False
9b39225a-ab98-550f-b8de-2184e1600523,4721c12b-0a1b-5b6a-9fb3-cb0b40d23bfb,2026-08-16,SP021,195,100,median,30,26.56,25.9,21.82,17.52,4.74,22.4,33.3,,N2,within,development_rehearsal,03c064d6-e146-51ac-969f-9f5869a2dbc8|bb75dac1-8665-5535-b9dd-6c29fd748562|4366114c-cc04-5a97-a0f1-54c5473e018a|96e69c03-ac06-537b-812d-0b0b15eb2388|d28321ad-77c1-5f86-a713-5770656706d3|d749fd64-f46a-523c-8b7d-277971567e10|d0b964d2-a860-5ada-99e7-31bd94f88c33|57953ff8-c83f-501e-85f5-a8c542df89bd|e4bb93e8-a9dc-5c65-8ea2-0fa14ad1aadc|4f95252b-85be-5b0d-88b1-43ee3908abeb|402cd258-3154-5285-9751-3033027db902|c845c0c2-a0f9-58d7-ab0d-c460c508d58b|221c2511-3395-5a66-9ae5-a88e68c2d8ee|77f81726-1dcf-5787-b9dd-2ef8e6c23b09|a4ed14f7-fbc3-5daa-87d9-b37ca637b9a7,468080f9e0b016d2dc98e05aa717d7111b54f730463344e6990feabe58c7578f,zenit-simulated-feature-snapshot-v1,simulated,False,False,False,False
bd21ea34-a04b-583a-88a7-c1cc2b07bdf0,046003bd-58ac-5aca-8364-c934ce6319c8,2026-08-16,SP021,195,100,right,30,34.29,33.49,28.44,22.52,5.85,33.8,60.9,,N3,exceeds,development_rehearsal,6f97619e-8c5a-5de4-8844-d617d3a5e248|66669add-fa9d-514d-97c0-8a918293628c|ed512fb4-e2dc-5aee-866d-5b95e6f40578|e0e964c1-abe2-5abc-9ed3-af92a2fe40f7|1641cb55-06cf-58cf-ba26-ac6ae3e80f0f|e63b6266-cae3-5f5a-abcc-921ba772c565|7e218be1-1a86-51be-9b74-8e5f0f5fcfb3|f1e7159a-83f3-5f33-84e9-f7b1f19fe477|7e66b869-1359-52a3-9893-59de05e1e24b|af7c2948-d690-5cb0-9cf7-fbefb3ad9dd9|d987c31f-4061-5f9a-84bc-eb24c2972b70|fb9f215e-878b-5d12-8ada-a09a7807dc21|8e9ebffd-2e24-5f36-8fe4-39d8e7353129|3d599b79-4fc5-5382-89f1-34a7df8d5b7b|da96e0d7-4379-5a61-85fb-b09cc39c4f60,deeccf5ec53460f2faafc7eaa65f690355c64d8247d4bffec8e109b45dae68a6,zenit-simulated-feature-snapshot-v1,simulated,False,False,False,False
888b4325-bd61-5702-9293-eba6ee5cf21a,23232185-5c98-523a-a8a5-d53254b8a0d8,2026-08-16,SP021,195,100,special,10,9.41,8.8,5.0,8.43,4.41,29.5,62.9,7,N1,within,development_rehearsal,e708c77c-21aa-5186-bede-224df5612111|8ccc5bb6-e8d0-5e69-8a84-4878c135bb8e|e434a8ac-4d21-5bc8-b1a5-05d1375bdd2e|35f9d313-1f80-5e2d-8550-f603c85b122b|404d5823-6f17-5f4b-8e02-1ae5b8ee0580|0ab819fe-3e8b-5f4e-abe1-3ad073d39593|1bc30c7e-cf42-56bf-abc6-296f113575bf|16868af0-614b-59fe-afbf-96d6aefa4519|dead432a-6ea7-5f19-b6f2-dd46cb2f17a8|437ea9db-16e6-5dcd-8ff6-22391962f916|40eac1e9-a65d-5d46-ab89-9267ee02703f|b615a17e-b19f-5e0c-9048-382ae0471ddc|144cc7e1-69cc-560e-b1b6-1bf244040358|c1d60c68-5b2f-5b5d-9d88-f554ccf8b1cb|78ff41cb-a271-574b-b9de-b66c71d2dddc,73d0bf0a4f63694cf32b01ac9ab9d4bf503bfc1dbbb2d5969ce4fa9b682b19b1,zenit-simulated-feature-snapshot-v1,simulated,False,False,False,False
068a16f5-614c-58f8-8838-499ec65c96cc,00cb94fd-970b-5652-b9e8-aa30d6d12bc3,2026-08-17,SP021,195,100,left,30,10.98,10.28,25.96,20.85,5.52,25.1,37.5,4,N2,within,development_rehearsal,fbf76465-c854-559f-9e46-ca5e34d6a7b0|527a0284-5df2-5ca4-be21-eb2980af1232|ca4dbb95-de36-57d8-bb9a-e248d930da65|8ce66ae9-5387-52da-a3af-2fbcb5262bf0|b58899b3-fa18-5d40-bfbc-8cf48e7200c4|c1ed3731-d1a6-5ce2-af55-242354473347|bdfc989b-4061-56e9-9953-d7c74f1d2bea|3293113d-1904-50ad-8601-ced31eee81c1|df523577-e66b-5e58-9a75-cad207c4da92|addbb82b-7d61-5811-9155-6138121ecb1e|7b294f2c-ff22-5320-a287-7c7420f0c580|8b4826f2-f6d5-5ef1-b2aa-804b91c95356|fdfb72bc-a703-5074-ac62-f8abaa1e8065|65d4ef17-56ef-56b0-b447-362e2654d5ed|881a6a0e-f389-5086-9d22-4ceb130b045e,fefe686de8700425063223fd297bcea9a187ee637013ebc6af7478315267229e,zenit-simulated-feature-snapshot-v1,simulated,False,False,False,False
691d656b-dc6c-5a7e-8e18-d729de89d36d,4721c12b-0a1b-5b6a-9fb3-cb0b40d23bfb,2026-08-17,SP021,195,100,median,30,26.98,26.56,22.38,18.0,4.6,17.7,32.9,,N2,within,development_rehearsal,bb75dac1-8665-5535-b9dd-6c29fd748562|4366114c-cc04-5a97-a0f1-54c5473e018a|96e69c03-ac06-537b-812d-0b0b15eb2388|d28321ad-77c1-5f86-a713-5770656706d3|d749fd64-f46a-523c-8b7d-277971567e10|d0b964d2-a860-5ada-99e7-31bd94f88c33|57953ff8-c83f-501e-85f5-a8c542df89bd|e4bb93e8-a9dc-5c65-8ea2-0fa14ad1aadc|4f95252b-85be-5b0d-88b1-43ee3908abeb|402cd258-3154-5285-9751-3033027db902|c845c0c2-a0f9-58d7-ab0d-c460c508d58b|221c2511-3395-5a66-9ae5-a88e68c2d8ee|77f81726-1dcf-5787-b9dd-2ef8e6c23b09|a4ed14f7-fbc3-5daa-87d9-b37ca637b9a7|d110d095-6f64-51b7-9c5b-4fa1a96a1c1f,213d4568d845c7521bd7d840f490fb825c234f273e7bfbb41ed5d445990e62c5,zenit-simulated-feature-snapshot-v1,simulated,False,False,False,False
f3c12799-d71e-5a77-bcc1-44c1052ee6a3,046003bd-58ac-5aca-8364-c934ce6319c8,2026-08-17,SP021,195,100,right,30,8.0,34.29,29.21,23.51,6.17,35.6,65.9,0,N1,within,development_rehearsal,66669add-fa9d-514d-97c0-8a918293628c|ed512fb4-e2dc-5aee-866d-5b95e6f40578|e0e964c1-abe2-5abc-9ed3-af92a2fe40f7|1641cb55-06cf-58cf-ba26-ac6ae3e80f0f|e63b6266-cae3-5f5a-abcc-921ba772c565|7e218be1-1a86-51be-9b74-8e5f0f5fcfb3|f1e7159a-83f3-5f33-84e9-f7b1f19fe477|7e66b869-1359-52a3-9893-59de05e1e24b|af7c2948-d690-5cb0-9cf7-fbefb3ad9dd9|d987c31f-4061-5f9a-84bc-eb24c2972b70|fb9f215e-878b-5d12-8ada-a09a7807dc21|8e9ebffd-2e24-5f36-8fe4-39d8e7353129|3d599b79-4fc5-5382-89f1-34a7df8d5b7b|da96e0d7-4379-5a61-85fb-b09cc39c4f60|3a4b0c21-8f61-5610-a460-5af5bbf1df19,281f529a73bab4f69be1121e11ab0b08cbd6bbfd9b0ed6887a19dde01e695ae6,zenit-simulated-feature-snapshot-v1,simulated,False,False,False,False
00fbbd0a-922b-5086-8141-d6d0878cad5e,23232185-5c98-523a-a8a5-d53254b8a0d8,2026-08-17,SP021,195,100,special,10,10.12,9.41,5.83,8.97,4.29,21.3,60.2,8,N2,exceeds,development_rehearsal,8ccc5bb6-e8d0-5e69-8a84-4878c135bb8e|e434a8ac-4d21-5bc8-b1a5-05d1375bdd2e|35f9d313-1f80-5e2d-8550-f603c85b122b|404d5823-6f17-5f4b-8e02-1ae5b8ee0580|0ab819fe-3e8b-5f4e-abe1-3ad073d39593|1bc30c7e-cf42-56bf-abc6-296f113575bf|16868af0-614b-59fe-afbf-96d6aefa4519|dead432a-6ea7-5f19-b6f2-dd46cb2f17a8|437ea9db-16e6-5dcd-8ff6-22391962f916|40eac1e9-a65d-5d46-ab89-9267ee02703f|b615a17e-b19f-5e0c-9048-382ae0471ddc|144cc7e1-69cc-560e-b1b6-1bf244040358|c1d60c68-5b2f-5b5d-9d88-f554ccf8b1cb|78ff41cb-a271-574b-b9de-b66c71d2dddc|6384bc54-e493-570c-931e-b891fd11f8f5,32a8e1260c29ab0a9131c032356bd8acb76a050e2465d1e156dfa1934b1b9cab,zenit-simulated-feature-snapshot-v1,simulated,False,False,False,False
c49e6a66-7ee3-5e31-85ca-44c37e4d1302,00cb94fd-970b-5652-b9e8-aa30d6d12bc3,2026-08-18,SP021,195,100,left,30,11.74,10.98,26.78,21.67,5.46,18.7,33.4,5,N2,within,development_rehearsal,527a0284-5df2-5ca4-be21-eb2980af1232|ca4dbb95-de36-57d8-bb9a-e248d930da65|8ce66ae9-5387-52da-a3af-2fbcb5262bf0|b58899b3-fa18-5d40-bfbc-8cf48e7200c4|c1ed3731-d1a6-5ce2-af55-242354473347|bdfc989b-4061-56e9-9953-d7c74f1d2bea|3293113d-1904-50ad-8601-ced31eee81c1|df523577-e66b-5e58-9a75-cad207c4da92|addbb82b-7d61-5811-9155-6138121ecb1e|7b294f2c-ff22-5320-a287-7c7420f0c580|8b4826f2-f6d5-5ef1-b2aa-804b91c95356|fdfb72bc-a703-5074-ac62-f8abaa1e8065|65d4ef17-56ef-56b0-b447-362e2654d5ed|881a6a0e-f389-5086-9d22-4ceb130b045e|1d1d0818-0876-5476-a94c-aca5f31edc3b,5ccd4fcda29f72267e29f6009a0b1ccd7408d648af0f68eb076040da5eae99dc,zenit-simulated-feature-snapshot-v1,simulated,False,False,False,False
1cb13161-87e5-5f10-85eb-e159987b111c,4721c12b-0a1b-5b6a-9fb3-cb0b40d23bfb,2026-08-18,SP021,195,100,median,30,27.7,26.98,23.16,18.72,4.54,13.4,33.2,,N2,within,development_rehearsal,4366114c-cc04-5a97-a0f1-54c5473e018a|96e69c03-ac06-537b-812d-0b0b15eb2388|d28321ad-77c1-5f86-a713-5770656706d3|d749fd64-f46a-523c-8b7d-277971567e10|d0b964d2-a860-5ada-99e7-31bd94f88c33|57953ff8-c83f-501e-85f5-a8c542df89bd|e4bb93e8-a9dc-5c65-8ea2-0fa14ad1aadc|4f95252b-85be-5b0d-88b1-43ee3908abeb|402cd258-3154-5285-9751-3033027db902|c845c0c2-a0f9-58d7-ab0d-c460c508d58b|221c2511-3395-5a66-9ae5-a88e68c2d8ee|77f81726-1dcf-5787-b9dd-2ef8e6c23b09|a4ed14f7-fbc3-5daa-87d9-b37ca637b9a7|d110d095-6f64-51b7-9c5b-4fa1a96a1c1f|b181a290-f72b-5642-a2c8-120592cbf028,4bc0f9a8202aff9fee40b5c558a307cc5f200197f1a90f5df27adba7fda051a3,zenit-simulated-feature-snapshot-v1,simulated,False,False,False,False
9cfc42e5-c557-5341-8a20-e17eb30d0205,046003bd-58ac-5aca-8364-c934ce6319c8,2026-08-18,SP021,195,100,right,30,8.86,8.0,30.01,24.12,6.23,40.9,77.0,1,N1,within,development_rehearsal,ed512fb4-e2dc-5aee-866d-5b95e6f40578|e0e964c1-abe2-5abc-9ed3-af92a2fe40f7|1641cb55-06cf-58cf-ba26-ac6ae3e80f0f|e63b6266-cae3-5f5a-abcc-921ba772c565|7e218be1-1a86-51be-9b74-8e5f0f5fcfb3|f1e7159a-83f3-5f33-84e9-f7b1f19fe477|7e66b869-1359-52a3-9893-59de05e1e24b|af7c2948-d690-5cb0-9cf7-fbefb3ad9dd9|d987c31f-4061-5f9a-84bc-eb24c2972b70|fb9f215e-878b-5d12-8ada-a09a7807dc21|8e9ebffd-2e24-5f36-8fe4-39d8e7353129|3d599b79-4fc5-5382-89f1-34a7df8d5b7b|da96e0d7-4379-5a61-85fb-b09cc39c4f60|3a4b0c21-8f61-5610-a460-5af5bbf1df19|8d28b8f7-9ca8-5e1f-859d-f197b077f132,7a0d859d685929edd2fe63ab819b31dee55f1e250a159b5ad28273f4c632bb3a,zenit-simulated-feature-snapshot-v1,simulated,False,False,False,False
1dd9a0e8-7fd2-5ea7-9ee5-25a05bcdbb8e,23232185-5c98-523a-a8a5-d53254b8a0d8,2026-08-18,SP021,195,100,special,10,10.7,10.12,6.31,9.47,4.39,26.2,69.9,9,N2,exceeds,development_rehearsal,e434a8ac-4d21-5bc8-b1a5-05d1375bdd2e|35f9d313-1f80-5e2d-8550-f603c85b122b|404d5823-6f17-5f4b-8e02-1ae5b8ee0580|0ab819fe-3e8b-5f4e-abe1-3ad073d39593|1bc30c7e-cf42-56bf-abc6-296f113575bf|16868af0-614b-59fe-afbf-96d6aefa4519|dead432a-6ea7-5f19-b6f2-dd46cb2f17a8|437ea9db-16e6-5dcd-8ff6-22391962f916|40eac1e9-a65d-5d46-ab89-9267ee02703f|b615a17e-b19f-5e0c-9048-382ae0471ddc|144cc7e1-69cc-560e-b1b6-1bf244040358|c1d60c68-5b2f-5b5d-9d88-f554ccf8b1cb|78ff41cb-a271-574b-b9de-b66c71d2dddc|6384bc54-e493-570c-931e-b891fd11f8f5|df0faa5a-c39d-5b9e-a41c-970e43a48775,e8c00449503d4fc77b0cb49ed8a5780fd881aedf67a2eeadba97ce3422684e9c,zenit-simulated-feature-snapshot-v1,simulated,False,False,False,False
b2839b38-980f-5718-a733-c95d9992e665,00cb94fd-970b-5652-b9e8-aa30d6d12bc3,2026-08-19,SP021,195,100,left,30,12.52,11.74,27.62,22.39,5.4,17.0,33.4,6,N2,within,development_rehearsal,ca4dbb95-de36-57d8-bb9a-e248d930da65|8ce66ae9-5387-52da-a3af-2fbcb5262bf0|b58899b3-fa18-5d40-bfbc-8cf48e7200c4|c1ed3731-d1a6-5ce2-af55-242354473347|bdfc989b-4061-56e9-9953-d7c74f1d2bea|3293113d-1904-50ad-8601-ced31eee81c1|df523577-e66b-5e58-9a75-cad207c4da92|addbb82b-7d61-5811-9155-6138121ecb1e|7b294f2c-ff22-5320-a287-7c7420f0c580|8b4826f2-f6d5-5ef1-b2aa-804b91c95356|fdfb72bc-a703-5074-ac62-f8abaa1e8065|65d4ef17-56ef-56b0-b447-362e2654d5ed|881a6a0e-f389-5086-9d22-4ceb130b045e|1d1d0818-0876-5476-a94c-aca5f31edc3b|4c596e48-1825-54f4-934e-77519ad0b3c1,13a95d6bf171fe5da04fb01449e4e8f5b1b517a6386d2baf07d6b93d78870c90,zenit-simulated-feature-snapshot-v1,simulated,False,False,False,False
d15509ab-8f98-52f4-b621-b2ca65db6496,4721c12b-0a1b-5b6a-9fb3-cb0b40d23bfb,2026-08-19,SP021,195,100,median,30,28.55,27.7,23.76,19.49,4.79,20.1,37.2,,N2,within,development_rehearsal,96e69c03-ac06-537b-812d-0b0b15eb2388|d28321ad-77c1-5f86-a713-5770656706d3|d749fd64-f46a-523c-8b7d-277971567e10|d0b964d2-a860-5ada-99e7-31bd94f88c33|57953ff8-c83f-501e-85f5-a8c542df89bd|e4bb93e8-a9dc-5c65-8ea2-0fa14ad1aadc|4f95252b-85be-5b0d-88b1-43ee3908abeb|402cd258-3154-5285-9751-3033027db902|c845c0c2-a0f9-58d7-ab0d-c460c508d58b|221c2511-3395-5a66-9ae5-a88e68c2d8ee|77f81726-1dcf-5787-b9dd-2ef8e6c23b09|a4ed14f7-fbc3-5daa-87d9-b37ca637b9a7|d110d095-6f64-51b7-9c5b-4fa1a96a1c1f|b181a290-f72b-5642-a2c8-120592cbf028|bf89a385-fe44-5c8e-b474-a7eae242760e,36d47db387d9750d4188c70c6749528eca117112ffc8506ef0f24c62988cc7d8,zenit-simulated-feature-snapshot-v1,simulated,False,False,False,False
ca6d5802-713e-5c1f-b2ab-c090217e52b7,046003bd-58ac-5aca-8364-c934ce6319c8,2026-08-19,SP021,195,100,right,30,9.62,8.86,30.94,24.89,6.06,33.0,80.7,2,N1,within,development_rehearsal,e0e964c1-abe2-5abc-9ed3-af92a2fe40f7|1641cb55-06cf-58cf-ba26-ac6ae3e80f0f|e63b6266-cae3-5f5a-abcc-921ba772c565|7e218be1-1a86-51be-9b74-8e5f0f5fcfb3|f1e7159a-83f3-5f33-84e9-f7b1f19fe477|7e66b869-1359-52a3-9893-59de05e1e24b|af7c2948-d690-5cb0-9cf7-fbefb3ad9dd9|d987c31f-4061-5f9a-84bc-eb24c2972b70|fb9f215e-878b-5d12-8ada-a09a7807dc21|8e9ebffd-2e24-5f36-8fe4-39d8e7353129|3d599b79-4fc5-5382-89f1-34a7df8d5b7b|da96e0d7-4379-5a61-85fb-b09cc39c4f60|3a4b0c21-8f61-5610-a460-5af5bbf1df19|8d28b8f7-9ca8-5e1f-859d-f197b077f132|074a6ab8-e195-5af4-8780-5744b87dc949,d2ca8fba7ee8b9389db970beffe7872fd79a2def978c4955aaa221e2b87643b4,zenit-simulated-feature-snapshot-v1,simulated,False,False,False,False
c6125ca5-8bce-5319-b7f8-db7dad4c9f3a,23232185-5c98-523a-a8a5-d53254b8a0d8,2026-08-19,SP021,195,100,special,10,11.11,10.7,7.01,10.17,4.1,18.0,60.9,10,N2,exceeds,development_rehearsal,35f9d313-1f80-5e2d-8550-f603c85b122b|404d5823-6f17-5f4b-8e02-1ae5b8ee0580|0ab819fe-3e8b-5f4e-abe1-3ad073d39593|1bc30c7e-cf42-56bf-abc6-296f113575bf|16868af0-614b-59fe-afbf-96d6aefa4519|dead432a-6ea7-5f19-b6f2-dd46cb2f17a8|437ea9db-16e6-5dcd-8ff6-22391962f916|40eac1e9-a65d-5d46-ab89-9267ee02703f|b615a17e-b19f-5e0c-9048-382ae0471ddc|144cc7e1-69cc-560e-b1b6-1bf244040358|c1d60c68-5b2f-5b5d-9d88-f554ccf8b1cb|78ff41cb-a271-574b-b9de-b66c71d2dddc|6384bc54-e493-570c-931e-b891fd11f8f5|df0faa5a-c39d-5b9e-a41c-970e43a48775|bf983fa2-97a0-5df1-bd5a-d493ab374a48,b7626d90083aca7259ef83a8b1c03257a733167166af224f73b985da1f864d77,zenit-simulated-feature-snapshot-v1,simulated,False,False,False,False
984d0b11-fc34-569c-ae1a-374e5e0e4284,00cb94fd-970b-5652-b9e8-aa30d6d12bc3,2026-08-20,SP021,195,100,left,30,13.3,12.52,8.0,22.99,5.3,14.2,33.4,7,N2,within,development_rehearsal,8ce66ae9-5387-52da-a3af-2fbcb5262bf0|b58899b3-fa18-5d40-bfbc-8cf48e7200c4|c1ed3731-d1a6-5ce2-af55-242354473347|bdfc989b-4061-56e9-9953-d7c74f1d2bea|3293113d-1904-50ad-8601-ced31eee81c1|df523577-e66b-5e58-9a75-cad207c4da92|addbb82b-7d61-5811-9155-6138121ecb1e|7b294f2c-ff22-5320-a287-7c7420f0c580|8b4826f2-f6d5-5ef1-b2aa-804b91c95356|fdfb72bc-a703-5074-ac62-f8abaa1e8065|65d4ef17-56ef-56b0-b447-362e2654d5ed|881a6a0e-f389-5086-9d22-4ceb130b045e|1d1d0818-0876-5476-a94c-aca5f31edc3b|4c596e48-1825-54f4-934e-77519ad0b3c1|4352b367-002b-5e90-b59a-6bb8d4c4a093,86b5d5d4d0543ac59c23ce7fa512add7f3808cb25c26e1ab170c2b6534908b36,zenit-simulated-feature-snapshot-v1,simulated,False,False,False,False
43f94fb4-d23e-5ba7-986f-25b15e69703e,4721c12b-0a1b-5b6a-9fb3-cb0b40d23bfb,2026-08-20,SP021,195,100,median,30,29.35,28.55,24.62,20.19,4.73,23.2,45.6,,N2,within,development_rehearsal,d28321ad-77c1-5f86-a713-5770656706d3|d749fd64-f46a-523c-8b7d-277971567e10|d0b964d2-a860-5ada-99e7-31bd94f88c33|57953ff8-c83f-501e-85f5-a8c542df89bd|e4bb93e8-a9dc-5c65-8ea2-0fa14ad1aadc|4f95252b-85be-5b0d-88b1-43ee3908abeb|402cd258-3154-5285-9751-3033027db902|c845c0c2-a0f9-58d7-ab0d-c460c508d58b|221c2511-3395-5a66-9ae5-a88e68c2d8ee|77f81726-1dcf-5787-b9dd-2ef8e6c23b09|a4ed14f7-fbc3-5daa-87d9-b37ca637b9a7|d110d095-6f64-51b7-9c5b-4fa1a96a1c1f|b181a290-f72b-5642-a2c8-120592cbf028|bf89a385-fe44-5c8e-b474-a7eae242760e|57fa4e97-5197-5ba4-85a0-609d2188ad45,f936aec1246240de7de1b678b3b5cab4932700142cd0e6a8c55d11ec696c6655,zenit-simulated-feature-snapshot-v1,simulated,False,False,False,False
599ce777-79a2-55a2-bb0e-9aee62105afc,046003bd-58ac-5aca-8364-c934ce6319c8,2026-08-20,SP021,195,100,right,30,10.6,9.62,31.86,25.75,6.12,35.6,85.2,3,N2,within,development_rehearsal,1641cb55-06cf-58cf-ba26-ac6ae3e80f0f|e63b6266-cae3-5f5a-abcc-921ba772c565|7e218be1-1a86-51be-9b74-8e5f0f5fcfb3|f1e7159a-83f3-5f33-84e9-f7b1f19fe477|7e66b869-1359-52a3-9893-59de05e1e24b|af7c2948-d690-5cb0-9cf7-fbefb3ad9dd9|d987c31f-4061-5f9a-84bc-eb24c2972b70|fb9f215e-878b-5d12-8ada-a09a7807dc21|8e9ebffd-2e24-5f36-8fe4-39d8e7353129|3d599b79-4fc5-5382-89f1-34a7df8d5b7b|da96e0d7-4379-5a61-85fb-b09cc39c4f60|3a4b0c21-8f61-5610-a460-5af5bbf1df19|8d28b8f7-9ca8-5e1f-859d-f197b077f132|074a6ab8-e195-5af4-8780-5744b87dc949|c300a47d-6ec5-5a5e-b019-68045d7a4a9b,2ebf961b9b57b96cc9f19dfa1ecfb1891d660afeb106c75fb6057945228e0286,zenit-simulated-feature-snapshot-v1,simulated,False,False,False,False
c11e553d-f08a-5259-ba14-e6e6ed530214,23232185-5c98-523a-a8a5-d53254b8a0d8,2026-08-20,SP021,195,100,special,10,12.07,11.11,7.66,10.75,4.41,31.8,69.8,11,N2,exceeds,development_rehearsal,404d5823-6f17-5f4b-8e02-1ae5b8ee0580|0ab819fe-3e8b-5f4e-abe1-3ad073d39593|1bc30c7e-cf42-56bf-abc6-296f113575bf|16868af0-614b-59fe-afbf-96d6aefa4519|dead432a-6ea7-5f19-b6f2-dd46cb2f17a8|437ea9db-16e6-5dcd-8ff6-22391962f916|40eac1e9-a65d-5d46-ab89-9267ee02703f|b615a17e-b19f-5e0c-9048-382ae0471ddc|144cc7e1-69cc-560e-b1b6-1bf244040358|c1d60c68-5b2f-5b5d-9d88-f554ccf8b1cb|78ff41cb-a271-574b-b9de-b66c71d2dddc|6384bc54-e493-570c-931e-b891fd11f8f5|df0faa5a-c39d-5b9e-a41c-970e43a48775|bf983fa2-97a0-5df1-bd5a-d493ab374a48|07107945-cd84-599a-98d7-3c3598412bfa,779440d19e119438a5b94bfede541d4e6496799ca54754ef54b58ef9b7c2a412,zenit-simulated-feature-snapshot-v1,simulated,False,False,False,False
66166e36-d584-5c4e-b951-d51db9568e67,00cb94fd-970b-5652-b9e8-aa30d6d12bc3,2026-08-21,SP021,195,100,left,30,14.21,13.3,8.81,23.74,5.4,20.7,40.5,8,N2,within,development_rehearsal,b58899b3-fa18-5d40-bfbc-8cf48e7200c4|c1ed3731-d1a6-5ce2-af55-242354473347|bdfc989b-4061-56e9-9953-d7c74f1d2bea|3293113d-1904-50ad-8601-ced31eee81c1|df523577-e66b-5e58-9a75-cad207c4da92|addbb82b-7d61-5811-9155-6138121ecb1e|7b294f2c-ff22-5320-a287-7c7420f0c580|8b4826f2-f6d5-5ef1-b2aa-804b91c95356|fdfb72bc-a703-5074-ac62-f8abaa1e8065|65d4ef17-56ef-56b0-b447-362e2654d5ed|881a6a0e-f389-5086-9d22-4ceb130b045e|1d1d0818-0876-5476-a94c-aca5f31edc3b|4c596e48-1825-54f4-934e-77519ad0b3c1|4352b367-002b-5e90-b59a-6bb8d4c4a093|775f103a-739a-5469-b687-7c45ac2be528,3692143b4506a428c4110bc5f8c5f3e23fdbc7501bb9ca2e4b42817bae221c61,zenit-simulated-feature-snapshot-v1,simulated,False,False,False,False
e5b67208-6d8b-5b07-bc6a-d43038f4d06d,4721c12b-0a1b-5b6a-9fb3-cb0b40d23bfb,2026-08-21,SP021,195,100,median,30,8.0,29.35,25.31,20.86,4.6,23.2,45.6,0,N1,within,development_rehearsal,d749fd64-f46a-523c-8b7d-277971567e10|d0b964d2-a860-5ada-99e7-31bd94f88c33|57953ff8-c83f-501e-85f5-a8c542df89bd|e4bb93e8-a9dc-5c65-8ea2-0fa14ad1aadc|4f95252b-85be-5b0d-88b1-43ee3908abeb|402cd258-3154-5285-9751-3033027db902|c845c0c2-a0f9-58d7-ab0d-c460c508d58b|221c2511-3395-5a66-9ae5-a88e68c2d8ee|77f81726-1dcf-5787-b9dd-2ef8e6c23b09|a4ed14f7-fbc3-5daa-87d9-b37ca637b9a7|d110d095-6f64-51b7-9c5b-4fa1a96a1c1f|b181a290-f72b-5642-a2c8-120592cbf028|bf89a385-fe44-5c8e-b474-a7eae242760e|57fa4e97-5197-5ba4-85a0-609d2188ad45|decae4e9-42b9-5926-af37-67846ec694dd,346d8df1cc304a523739e5519e3aabc190077a8e6d6cf7951899dbc6e24f48c1,zenit-simulated-feature-snapshot-v1,simulated,False,False,False,False
58c1cacf-9304-5fbd-9983-5f7ccddead57,046003bd-58ac-5aca-8364-c934ce6319c8,2026-08-21,SP021,195,100,right,30,11.52,10.6,32.71,26.53,6.19,41.1,84.6,4,N2,within,development_rehearsal,e63b6266-cae3-5f5a-abcc-921ba772c565|7e218be1-1a86-51be-9b74-8e5f0f5fcfb3|f1e7159a-83f3-5f33-84e9-f7b1f19fe477|7e66b869-1359-52a3-9893-59de05e1e24b|af7c2948-d690-5cb0-9cf7-fbefb3ad9dd9|d987c31f-4061-5f9a-84bc-eb24c2972b70|fb9f215e-878b-5d12-8ada-a09a7807dc21|8e9ebffd-2e24-5f36-8fe4-39d8e7353129|3d599b79-4fc5-5382-89f1-34a7df8d5b7b|da96e0d7-4379-5a61-85fb-b09cc39c4f60|3a4b0c21-8f61-5610-a460-5af5bbf1df19|8d28b8f7-9ca8-5e1f-859d-f197b077f132|074a6ab8-e195-5af4-8780-5744b87dc949|c300a47d-6ec5-5a5e-b019-68045d7a4a9b|c8a5648d-3c36-5677-9097-c21ed3701559,8f6b965f6314d7665c82a69947af61d4db10a989391fe17d1ae9b7efee1e8234,zenit-simulated-feature-snapshot-v1,simulated,False,False,False,False
c22749ea-5bda-5ce2-9867-c0ef835bb405,23232185-5c98-523a-a8a5-d53254b8a0d8,2026-08-21,SP021,195,100,special,10,12.64,12.07,8.21,11.11,4.43,34.7,72.3,12,N2,exceeds,development_rehearsal,0ab819fe-3e8b-5f4e-abe1-3ad073d39593|1bc30c7e-cf42-56bf-abc6-296f113575bf|16868af0-614b-59fe-afbf-96d6aefa4519|dead432a-6ea7-5f19-b6f2-dd46cb2f17a8|437ea9db-16e6-5dcd-8ff6-22391962f916|40eac1e9-a65d-5d46-ab89-9267ee02703f|b615a17e-b19f-5e0c-9048-382ae0471ddc|144cc7e1-69cc-560e-b1b6-1bf244040358|c1d60c68-5b2f-5b5d-9d88-f554ccf8b1cb|78ff41cb-a271-574b-b9de-b66c71d2dddc|6384bc54-e493-570c-931e-b891fd11f8f5|df0faa5a-c39d-5b9e-a41c-970e43a48775|bf983fa2-97a0-5df1-bd5a-d493ab374a48|07107945-cd84-599a-98d7-3c3598412bfa|f7c2ae30-9e99-577f-8938-e5eba65ab0dc,fb5fae0f80c5345fc3db74b6e3b11d81850453c732a77dd5b9ec78590a593ab2,zenit-simulated-feature-snapshot-v1,simulated,False,False,False,False
5089aaa4-fc34-5ca0-9438-157b8c2e5a50,00cb94fd-970b-5652-b9e8-aa30d6d12bc3,2026-08-22,SP021,195,100,left,30,15.08,14.21,9.35,24.49,5.73,24.7,44.7,9,N2,within,development_rehearsal,c1ed3731-d1a6-5ce2-af55-242354473347|bdfc989b-4061-56e9-9953-d7c74f1d2bea|3293113d-1904-50ad-8601-ced31eee81c1|df523577-e66b-5e58-9a75-cad207c4da92|addbb82b-7d61-5811-9155-6138121ecb1e|7b294f2c-ff22-5320-a287-7c7420f0c580|8b4826f2-f6d5-5ef1-b2aa-804b91c95356|fdfb72bc-a703-5074-ac62-f8abaa1e8065|65d4ef17-56ef-56b0-b447-362e2654d5ed|881a6a0e-f389-5086-9d22-4ceb130b045e|1d1d0818-0876-5476-a94c-aca5f31edc3b|4c596e48-1825-54f4-934e-77519ad0b3c1|4352b367-002b-5e90-b59a-6bb8d4c4a093|775f103a-739a-5469-b687-7c45ac2be528|28eb96cf-12ec-58f6-b471-8041c5272c8c,55a0d752ba82007f7c38cb7bc45d09030ee6eff75947447272c35f4dd3eaa5c7,zenit-simulated-feature-snapshot-v1,simulated,False,False,False,False
d1b7ace1-ab27-592b-b193-0eb3a3f41388,4721c12b-0a1b-5b6a-9fb3-cb0b40d23bfb,2026-08-22,SP021,195,100,median,30,8.73,8.0,25.9,21.31,4.74,25.8,48.2,1,N1,within,development_rehearsal,d0b964d2-a860-5ada-99e7-31bd94f88c33|57953ff8-c83f-501e-85f5-a8c542df89bd|e4bb93e8-a9dc-5c65-8ea2-0fa14ad1aadc|4f95252b-85be-5b0d-88b1-43ee3908abeb|402cd258-3154-5285-9751-3033027db902|c845c0c2-a0f9-58d7-ab0d-c460c508d58b|221c2511-3395-5a66-9ae5-a88e68c2d8ee|77f81726-1dcf-5787-b9dd-2ef8e6c23b09|a4ed14f7-fbc3-5daa-87d9-b37ca637b9a7|d110d095-6f64-51b7-9c5b-4fa1a96a1c1f|b181a290-f72b-5642-a2c8-120592cbf028|bf89a385-fe44-5c8e-b474-a7eae242760e|57fa4e97-5197-5ba4-85a0-609d2188ad45|decae4e9-42b9-5926-af37-67846ec694dd|5ea7576a-e060-5655-bd78-d5ecf6fe5795,b4aba8e2316cb65c38f6b91a3318cc14377314dc531f32bcedd1164bb24732a9,zenit-simulated-feature-snapshot-v1,simulated,False,False,False,False
9052148a-798b-5c21-9373-7cf3e580c844,046003bd-58ac-5aca-8364-c934ce6319c8,2026-08-22,SP021,195,100,right,30,12.5,11.52,33.49,27.62,6.39,44.9,83.5,5,N2,within,development_rehearsal,7e218be1-1a86-51be-9b74-8e5f0f5fcfb3|f1e7159a-83f3-5f33-84e9-f7b1f19fe477|7e66b869-1359-52a3-9893-59de05e1e24b|af7c2948-d690-5cb0-9cf7-fbefb3ad9dd9|d987c31f-4061-5f9a-84bc-eb24c2972b70|fb9f215e-878b-5d12-8ada-a09a7807dc21|8e9ebffd-2e24-5f36-8fe4-39d8e7353129|3d599b79-4fc5-5382-89f1-34a7df8d5b7b|da96e0d7-4379-5a61-85fb-b09cc39c4f60|3a4b0c21-8f61-5610-a460-5af5bbf1df19|8d28b8f7-9ca8-5e1f-859d-f197b077f132|074a6ab8-e195-5af4-8780-5744b87dc949|c300a47d-6ec5-5a5e-b019-68045d7a4a9b|c8a5648d-3c36-5677-9097-c21ed3701559|d4b02cd0-65ac-58bb-a6de-5b51bab4f405,597854a6fc3f6a33b8c4753c6be4af65a7c6676523c94ea1d8fd4f667fce9c7b,zenit-simulated-feature-snapshot-v1,simulated,False,False,False,False
1f931946-d548-51e7-bbbf-48d04a7dc399,23232185-5c98-523a-a8a5-d53254b8a0d8,2026-08-22,SP021,195,100,special,10,13.02,12.64,8.8,11.8,4.22,36.0,65.5,13,N2,exceeds,development_rehearsal,1bc30c7e-cf42-56bf-abc6-296f113575bf|16868af0-614b-59fe-afbf-96d6aefa4519|dead432a-6ea7-5f19-b6f2-dd46cb2f17a8|437ea9db-16e6-5dcd-8ff6-22391962f916|40eac1e9-a65d-5d46-ab89-9267ee02703f|b615a17e-b19f-5e0c-9048-382ae0471ddc|144cc7e1-69cc-560e-b1b6-1bf244040358|c1d60c68-5b2f-5b5d-9d88-f554ccf8b1cb|78ff41cb-a271-574b-b9de-b66c71d2dddc|6384bc54-e493-570c-931e-b891fd11f8f5|df0faa5a-c39d-5b9e-a41c-970e43a48775|bf983fa2-97a0-5df1-bd5a-d493ab374a48|07107945-cd84-599a-98d7-3c3598412bfa|f7c2ae30-9e99-577f-8938-e5eba65ab0dc|973d8cad-7378-56cd-91d9-519602d9f609,b7e667e7ca361b5c3385395fb8b327e8774f399059b51932ed2226859ad6e2cb,zenit-simulated-feature-snapshot-v1,simulated,False,False,False,False
28f43234-a101-5e9a-b761-4e058733b974,00cb94fd-970b-5652-b9e8-aa30d6d12bc3,2026-08-23,SP021,195,100,left,30,15.95,15.08,10.28,25.25,5.67,24.1,56.1,10,N2,within,development_rehearsal,bdfc989b-4061-56e9-9953-d7c74f1d2bea|3293113d-1904-50ad-8601-ced31eee81c1|df523577-e66b-5e58-9a75-cad207c4da92|addbb82b-7d61-5811-9155-6138121ecb1e|7b294f2c-ff22-5320-a287-7c7420f0c580|8b4826f2-f6d5-5ef1-b2aa-804b91c95356|fdfb72bc-a703-5074-ac62-f8abaa1e8065|65d4ef17-56ef-56b0-b447-362e2654d5ed|881a6a0e-f389-5086-9d22-4ceb130b045e|1d1d0818-0876-5476-a94c-aca5f31edc3b|4c596e48-1825-54f4-934e-77519ad0b3c1|4352b367-002b-5e90-b59a-6bb8d4c4a093|775f103a-739a-5469-b687-7c45ac2be528|28eb96cf-12ec-58f6-b471-8041c5272c8c|d22a7f69-24ad-546e-9554-d35c5487f440,176e642ed95b6c3cbf511a59172991e0bea6b68a46e7a861e2174ab765f42f4e,zenit-simulated-feature-snapshot-v1,simulated,False,False,False,False
5ea59be3-d0b1-5d2e-b763-8432fa778a35,4721c12b-0a1b-5b6a-9fb3-cb0b40d23bfb,2026-08-23,SP021,195,100,median,30,9.33,8.73,26.56,21.82,4.68,28.8,51.2,2,N1,within,development_rehearsal,57953ff8-c83f-501e-85f5-a8c542df89bd|e4bb93e8-a9dc-5c65-8ea2-0fa14ad1aadc|4f95252b-85be-5b0d-88b1-43ee3908abeb|402cd258-3154-5285-9751-3033027db902|c845c0c2-a0f9-58d7-ab0d-c460c508d58b|221c2511-3395-5a66-9ae5-a88e68c2d8ee|77f81726-1dcf-5787-b9dd-2ef8e6c23b09|a4ed14f7-fbc3-5daa-87d9-b37ca637b9a7|d110d095-6f64-51b7-9c5b-4fa1a96a1c1f|b181a290-f72b-5642-a2c8-120592cbf028|bf89a385-fe44-5c8e-b474-a7eae242760e|57fa4e97-5197-5ba4-85a0-609d2188ad45|decae4e9-42b9-5926-af37-67846ec694dd|5ea7576a-e060-5655-bd78-d5ecf6fe5795|92e45a17-1160-5f59-92ba-dfeb1b4c7094,9565d3ff7fdf2dc6cd3dd41e640ed0f8cef6823505aad8b898993081cba5d5d2,zenit-simulated-feature-snapshot-v1,simulated,False,False,False,False
1a295042-e5f1-5654-a9a1-1c174033fdbf,046003bd-58ac-5aca-8364-c934ce6319c8,2026-08-23,SP021,195,100,right,30,13.21,12.5,34.29,28.44,6.3,43.4,77.2,6,N2,within,development_rehearsal,f1e7159a-83f3-5f33-84e9-f7b1f19fe477|7e66b869-1359-52a3-9893-59de05e1e24b|af7c2948-d690-5cb0-9cf7-fbefb3ad9dd9|d987c31f-4061-5f9a-84bc-eb24c2972b70|fb9f215e-878b-5d12-8ada-a09a7807dc21|8e9ebffd-2e24-5f36-8fe4-39d8e7353129|3d599b79-4fc5-5382-89f1-34a7df8d5b7b|da96e0d7-4379-5a61-85fb-b09cc39c4f60|3a4b0c21-8f61-5610-a460-5af5bbf1df19|8d28b8f7-9ca8-5e1f-859d-f197b077f132|074a6ab8-e195-5af4-8780-5744b87dc949|c300a47d-6ec5-5a5e-b019-68045d7a4a9b|c8a5648d-3c36-5677-9097-c21ed3701559|d4b02cd0-65ac-58bb-a6de-5b51bab4f405|35b5d334-ed68-5dcc-8ed4-216a7b489f63,e05aa988b65734c9616c6194edf3026f6ace136b4b45072fe7ba9db8d5995c95,zenit-simulated-feature-snapshot-v1,simulated,False,False,False,False
d5e79182-ad99-5131-802f-3fac576efcd1,23232185-5c98-523a-a8a5-d53254b8a0d8,2026-08-23,SP021,195,100,special,10,5.0,13.02,9.41,5.0,4.14,41.2,70.7,0,N1,within,development_rehearsal,16868af0-614b-59fe-afbf-96d6aefa4519|dead432a-6ea7-5f19-b6f2-dd46cb2f17a8|437ea9db-16e6-5dcd-8ff6-22391962f916|40eac1e9-a65d-5d46-ab89-9267ee02703f|b615a17e-b19f-5e0c-9048-382ae0471ddc|144cc7e1-69cc-560e-b1b6-1bf244040358|c1d60c68-5b2f-5b5d-9d88-f554ccf8b1cb|78ff41cb-a271-574b-b9de-b66c71d2dddc|6384bc54-e493-570c-931e-b891fd11f8f5|df0faa5a-c39d-5b9e-a41c-970e43a48775|bf983fa2-97a0-5df1-bd5a-d493ab374a48|07107945-cd84-599a-98d7-3c3598412bfa|f7c2ae30-9e99-577f-8938-e5eba65ab0dc|973d8cad-7378-56cd-91d9-519602d9f609|609afeec-4a18-59c7-a74f-cd5aa9879e6a,96158ebef582ccf5fdbebe59bac887fe6a047c1f7de339e56f56e6ee6883729e,zenit-simulated-feature-snapshot-v1,simulated,False,False,False,False
481cc66c-c553-5cb5-bc86-0447cd8f4bc0,00cb94fd-970b-5652-b9e8-aa30d6d12bc3,2026-08-24,SP021,195,100,left,30,16.89,15.95,10.98,25.96,5.91,32.7,57.8,11,N2,within,development_rehearsal,3293113d-1904-50ad-8601-ced31eee81c1|df523577-e66b-5e58-9a75-cad207c4da92|addbb82b-7d61-5811-9155-6138121ecb1e|7b294f2c-ff22-5320-a287-7c7420f0c580|8b4826f2-f6d5-5ef1-b2aa-804b91c95356|fdfb72bc-a703-5074-ac62-f8abaa1e8065|65d4ef17-56ef-56b0-b447-362e2654d5ed|881a6a0e-f389-5086-9d22-4ceb130b045e|1d1d0818-0876-5476-a94c-aca5f31edc3b|4c596e48-1825-54f4-934e-77519ad0b3c1|4352b367-002b-5e90-b59a-6bb8d4c4a093|775f103a-739a-5469-b687-7c45ac2be528|28eb96cf-12ec-58f6-b471-8041c5272c8c|d22a7f69-24ad-546e-9554-d35c5487f440|bd4321a7-1fe9-56aa-8055-f0bae4d03068,e0f80d8f2a2d749488fe0447d6aed20752af2fa5c2590baadab00accea11734b,zenit-simulated-feature-snapshot-v1,simulated,False,False,False,False
cae0c540-acba-506e-9efd-c1b435f96188,4721c12b-0a1b-5b6a-9fb3-cb0b40d23bfb,2026-08-24,SP021,195,100,median,30,10.03,9.33,26.98,22.38,4.96,37.8,55.5,3,N2,within,development_rehearsal,e4bb93e8-a9dc-5c65-8ea2-0fa14ad1aadc|4f95252b-85be-5b0d-88b1-43ee3908abeb|402cd258-3154-5285-9751-3033027db902|c845c0c2-a0f9-58d7-ab0d-c460c508d58b|221c2511-3395-5a66-9ae5-a88e68c2d8ee|77f81726-1dcf-5787-b9dd-2ef8e6c23b09|a4ed14f7-fbc3-5daa-87d9-b37ca637b9a7|d110d095-6f64-51b7-9c5b-4fa1a96a1c1f|b181a290-f72b-5642-a2c8-120592cbf028|bf89a385-fe44-5c8e-b474-a7eae242760e|57fa4e97-5197-5ba4-85a0-609d2188ad45|decae4e9-42b9-5926-af37-67846ec694dd|5ea7576a-e060-5655-bd78-d5ecf6fe5795|92e45a17-1160-5f59-92ba-dfeb1b4c7094|f78fa197-62ff-517a-911d-b807527b63a6,c7a221c803d1b54a2e8f3aa11edefdbef229424a56d9aa4c91646a2499825ce5,zenit-simulated-feature-snapshot-v1,simulated,False,False,False,False
b20e6abd-d011-549f-abce-abe4a3d5d82b,046003bd-58ac-5aca-8364-c934ce6319c8,2026-08-24,SP021,195,100,right,30,13.91,13.21,8.0,29.21,5.91,37.4,73.0,7,N2,within,development_rehearsal,7e66b869-1359-52a3-9893-59de05e1e24b|af7c2948-d690-5cb0-9cf7-fbefb3ad9dd9|d987c31f-4061-5f9a-84bc-eb24c2972b70|fb9f215e-878b-5d12-8ada-a09a7807dc21|8e9ebffd-2e24-5f36-8fe4-39d8e7353129|3d599b79-4fc5-5382-89f1-34a7df8d5b7b|da96e0d7-4379-5a61-85fb-b09cc39c4f60|3a4b0c21-8f61-5610-a460-5af5bbf1df19|8d28b8f7-9ca8-5e1f-859d-f197b077f132|074a6ab8-e195-5af4-8780-5744b87dc949|c300a47d-6ec5-5a5e-b019-68045d7a4a9b|c8a5648d-3c36-5677-9097-c21ed3701559|d4b02cd0-65ac-58bb-a6de-5b51bab4f405|35b5d334-ed68-5dcc-8ed4-216a7b489f63|b4ccafaa-c0c8-5456-a52b-8ce1ed8b3487,8420cb99a39285080395ab1b683f7be276018eb70cf3c63cc98332a98bfd6147,zenit-simulated-feature-snapshot-v1,simulated,False,False,False,False
727ba3e8-c8a1-59d6-b3c2-7e91a9d97e73,23232185-5c98-523a-a8a5-d53254b8a0d8,2026-08-24,SP021,195,100,special,10,5.56,5.0,10.12,5.83,3.99,39.3,60.6,1,N1,within,development_rehearsal,dead432a-6ea7-5f19-b6f2-dd46cb2f17a8|437ea9db-16e6-5dcd-8ff6-22391962f916|40eac1e9-a65d-5d46-ab89-9267ee02703f|b615a17e-b19f-5e0c-9048-382ae0471ddc|144cc7e1-69cc-560e-b1b6-1bf244040358|c1d60c68-5b2f-5b5d-9d88-f554ccf8b1cb|78ff41cb-a271-574b-b9de-b66c71d2dddc|6384bc54-e493-570c-931e-b891fd11f8f5|df0faa5a-c39d-5b9e-a41c-970e43a48775|bf983fa2-97a0-5df1-bd5a-d493ab374a48|07107945-cd84-599a-98d7-3c3598412bfa|f7c2ae30-9e99-577f-8938-e5eba65ab0dc|973d8cad-7378-56cd-91d9-519602d9f609|609afeec-4a18-59c7-a74f-cd5aa9879e6a|efef047e-7f24-5209-a250-e3960d080706,77aa5b764882308a1b45dd1cfe55f702dba943868d492294809142256b4ee4be,zenit-simulated-feature-snapshot-v1,simulated,False,False,False,False
d6705c4a-7f07-5cb6-b4fb-af06127730c1,00cb94fd-970b-5652-b9e8-aa30d6d12bc3,2026-08-25,SP021,195,100,left,30,17.53,16.89,11.74,26.78,5.79,37.8,56.5,12,N2,within,development_rehearsal,df523577-e66b-5e58-9a75-cad207c4da92|addbb82b-7d61-5811-9155-6138121ecb1e|7b294f2c-ff22-5320-a287-7c7420f0c580|8b4826f2-f6d5-5ef1-b2aa-804b91c95356|fdfb72bc-a703-5074-ac62-f8abaa1e8065|65d4ef17-56ef-56b0-b447-362e2654d5ed|881a6a0e-f389-5086-9d22-4ceb130b045e|1d1d0818-0876-5476-a94c-aca5f31edc3b|4c596e48-1825-54f4-934e-77519ad0b3c1|4352b367-002b-5e90-b59a-6bb8d4c4a093|775f103a-739a-5469-b687-7c45ac2be528|28eb96cf-12ec-58f6-b471-8041c5272c8c|d22a7f69-24ad-546e-9554-d35c5487f440|bd4321a7-1fe9-56aa-8055-f0bae4d03068|8a67db23-df8f-5e11-9bcd-d4a0b41943a4,f84a2354ab8a59c13755f27072c862bce8396912dbf42256d0909baa81e3ccab,zenit-simulated-feature-snapshot-v1,simulated,False,False,False,False
85091f76-0c60-5a86-8a36-9d6c4373d124,4721c12b-0a1b-5b6a-9fb3-cb0b40d23bfb,2026-08-25,SP021,195,100,median,30,10.89,10.03,27.7,23.16,5.1,37.4,50.8,4,N2,within,development_rehearsal,4f95252b-85be-5b0d-88b1-43ee3908abeb|402cd258-3154-5285-9751-3033027db902|c845c0c2-a0f9-58d7-ab0d-c460c508d58b|221c2511-3395-5a66-9ae5-a88e68c2d8ee|77f81726-1dcf-5787-b9dd-2ef8e6c23b09|a4ed14f7-fbc3-5daa-87d9-b37ca637b9a7|d110d095-6f64-51b7-9c5b-4fa1a96a1c1f|b181a290-f72b-5642-a2c8-120592cbf028|bf89a385-fe44-5c8e-b474-a7eae242760e|57fa4e97-5197-5ba4-85a0-609d2188ad45|decae4e9-42b9-5926-af37-67846ec694dd|5ea7576a-e060-5655-bd78-d5ecf6fe5795|92e45a17-1160-5f59-92ba-dfeb1b4c7094|f78fa197-62ff-517a-911d-b807527b63a6|f8c75360-6a72-537b-9810-5193e1b0b364,0d93c54b251e16a3adb42bfcb1b901a834787ee17397ef47438d1f9641d276ec,zenit-simulated-feature-snapshot-v1,simulated,False,False,False,False
76236007-67aa-5ca1-a7a1-233cf720719e,046003bd-58ac-5aca-8364-c934ce6319c8,2026-08-25,SP021,195,100,right,30,14.71,13.91,8.86,30.01,5.85,27.9,68.8,8,N2,within,development_rehearsal,af7c2948-d690-5cb0-9cf7-fbefb3ad9dd9|d987c31f-4061-5f9a-84bc-eb24c2972b70|fb9f215e-878b-5d12-8ada-a09a7807dc21|8e9ebffd-2e24-5f36-8fe4-39d8e7353129|3d599b79-4fc5-5382-89f1-34a7df8d5b7b|da96e0d7-4379-5a61-85fb-b09cc39c4f60|3a4b0c21-8f61-5610-a460-5af5bbf1df19|8d28b8f7-9ca8-5e1f-859d-f197b077f132|074a6ab8-e195-5af4-8780-5744b87dc949|c300a47d-6ec5-5a5e-b019-68045d7a4a9b|c8a5648d-3c36-5677-9097-c21ed3701559|d4b02cd0-65ac-58bb-a6de-5b51bab4f405|35b5d334-ed68-5dcc-8ed4-216a7b489f63|b4ccafaa-c0c8-5456-a52b-8ce1ed8b3487|cf302f97-5aef-5d2f-a54c-8d80c6332055,b68608a756a7860de191a0e2eb71bcf5995b6c12d17254b2532308ef1fabc958,zenit-simulated-feature-snapshot-v1,simulated,False,False,False,False
ba4f3447-8511-5f2d-b33f-1b6fbef19bf0,23232185-5c98-523a-a8a5-d53254b8a0d8,2026-08-25,SP021,195,100,special,10,6.12,5.56,10.7,6.31,3.97,37.6,63.8,2,N1,within,development_rehearsal,437ea9db-16e6-5dcd-8ff6-22391962f916|40eac1e9-a65d-5d46-ab89-9267ee02703f|b615a17e-b19f-5e0c-9048-382ae0471ddc|144cc7e1-69cc-560e-b1b6-1bf244040358|c1d60c68-5b2f-5b5d-9d88-f554ccf8b1cb|78ff41cb-a271-574b-b9de-b66c71d2dddc|6384bc54-e493-570c-931e-b891fd11f8f5|df0faa5a-c39d-5b9e-a41c-970e43a48775|bf983fa2-97a0-5df1-bd5a-d493ab374a48|07107945-cd84-599a-98d7-3c3598412bfa|f7c2ae30-9e99-577f-8938-e5eba65ab0dc|973d8cad-7378-56cd-91d9-519602d9f609|609afeec-4a18-59c7-a74f-cd5aa9879e6a|efef047e-7f24-5209-a250-e3960d080706|4bf8507a-2ab7-5d90-be1c-e3e61c61981b,207ceec9b0ea564df8bbf362d0d64a4e13b896a77d3842af62d81e7a0d67dace,zenit-simulated-feature-snapshot-v1,simulated,False,False,False,False
0ed58b03-6fa9-5da1-a9ac-dc22a419ad5f,00cb94fd-970b-5652-b9e8-aa30d6d12bc3,2026-08-26,SP021,195,100,left,30,18.29,17.53,12.52,27.62,5.77,41.7,58.7,13,N2,within,development_rehearsal,addbb82b-7d61-5811-9155-6138121ecb1e|7b294f2c-ff22-5320-a287-7c7420f0c580|8b4826f2-f6d5-5ef1-b2aa-804b91c95356|fdfb72bc-a703-5074-ac62-f8abaa1e8065|65d4ef17-56ef-56b0-b447-362e2654d5ed|881a6a0e-f389-5086-9d22-4ceb130b045e|1d1d0818-0876-5476-a94c-aca5f31edc3b|4c596e48-1825-54f4-934e-77519ad0b3c1|4352b367-002b-5e90-b59a-6bb8d4c4a093|775f103a-739a-5469-b687-7c45ac2be528|28eb96cf-12ec-58f6-b471-8041c5272c8c|d22a7f69-24ad-546e-9554-d35c5487f440|bd4321a7-1fe9-56aa-8055-f0bae4d03068|8a67db23-df8f-5e11-9bcd-d4a0b41943a4|33bef4d8-fa74-5961-80fa-8d16321b7caf,1f996fde1d03a38d896bcaf84f1ee0a9d29c69fe55259d76f4415b09def58917,zenit-simulated-feature-snapshot-v1,simulated,False,False,False,False
ba004abc-6764-55ca-b20e-684a2e6b2a41,4721c12b-0a1b-5b6a-9fb3-cb0b40d23bfb,2026-08-26,SP021,195,100,median,30,11.42,10.89,28.55,23.76,4.78,30.7,50.8,5,N2,within,development_rehearsal,402cd258-3154-5285-9751-3033027db902|c845c0c2-a0f9-58d7-ab0d-c460c508d58b|221c2511-3395-5a66-9ae5-a88e68c2d8ee|77f81726-1dcf-5787-b9dd-2ef8e6c23b09|a4ed14f7-fbc3-5daa-87d9-b37ca637b9a7|d110d095-6f64-51b7-9c5b-4fa1a96a1c1f|b181a290-f72b-5642-a2c8-120592cbf028|bf89a385-fe44-5c8e-b474-a7eae242760e|57fa4e97-5197-5ba4-85a0-609d2188ad45|decae4e9-42b9-5926-af37-67846ec694dd|5ea7576a-e060-5655-bd78-d5ecf6fe5795|92e45a17-1160-5f59-92ba-dfeb1b4c7094|f78fa197-62ff-517a-911d-b807527b63a6|f8c75360-6a72-537b-9810-5193e1b0b364|88cbf2b2-0a60-5954-93f6-e6fc502c11ee,5b990cdf3fb2c740bbfec307fe7337056d29cd7e8a9d338154d849f2177475c1,zenit-simulated-feature-snapshot-v1,simulated,False,False,False,False
225ca7c6-a963-59ff-831e-8968bffddc2f,046003bd-58ac-5aca-8364-c934ce6319c8,2026-08-26,SP021,195,100,right,30,15.36,14.71,9.62,30.94,5.74,24.2,57.2,9,N2,within,development_rehearsal,d987c31f-4061-5f9a-84bc-eb24c2972b70|fb9f215e-878b-5d12-8ada-a09a7807dc21|8e9ebffd-2e24-5f36-8fe4-39d8e7353129|3d599b79-4fc5-5382-89f1-34a7df8d5b7b|da96e0d7-4379-5a61-85fb-b09cc39c4f60|3a4b0c21-8f61-5610-a460-5af5bbf1df19|8d28b8f7-9ca8-5e1f-859d-f197b077f132|074a6ab8-e195-5af4-8780-5744b87dc949|c300a47d-6ec5-5a5e-b019-68045d7a4a9b|c8a5648d-3c36-5677-9097-c21ed3701559|d4b02cd0-65ac-58bb-a6de-5b51bab4f405|35b5d334-ed68-5dcc-8ed4-216a7b489f63|b4ccafaa-c0c8-5456-a52b-8ce1ed8b3487|cf302f97-5aef-5d2f-a54c-8d80c6332055|479cc1ff-6273-5987-b4e7-0a17dcf0520a,bb4d6a9d72f9fec51c741eb5da3a6a0342af3e3302c3ba33fea090a1f977f298,zenit-simulated-feature-snapshot-v1,simulated,False,False,False,False
db07c25b-b3bf-5fc4-b478-8cb91b1c6e80,23232185-5c98-523a-a8a5-d53254b8a0d8,2026-08-26,SP021,195,100,special,10,6.8,6.12,11.11,7.01,4.24,44.6,62.6,3,N1,within,development_rehearsal,40eac1e9-a65d-5d46-ab89-9267ee02703f|b615a17e-b19f-5e0c-9048-382ae0471ddc|144cc7e1-69cc-560e-b1b6-1bf244040358|c1d60c68-5b2f-5b5d-9d88-f554ccf8b1cb|78ff41cb-a271-574b-b9de-b66c71d2dddc|6384bc54-e493-570c-931e-b891fd11f8f5|df0faa5a-c39d-5b9e-a41c-970e43a48775|bf983fa2-97a0-5df1-bd5a-d493ab374a48|07107945-cd84-599a-98d7-3c3598412bfa|f7c2ae30-9e99-577f-8938-e5eba65ab0dc|973d8cad-7378-56cd-91d9-519602d9f609|609afeec-4a18-59c7-a74f-cd5aa9879e6a|efef047e-7f24-5209-a250-e3960d080706|4bf8507a-2ab7-5d90-be1c-e3e61c61981b|7a2281b9-9673-5e17-965a-277acad63013,640a8c6b6f0982fbdbf6c9fd7e807e0246e07078b32308a3cd6eb2ec2ef957b3,zenit-simulated-feature-snapshot-v1,simulated,False,False,False,False
89d0dce3-4038-540e-88d6-0e7d838059d6,00cb94fd-970b-5652-b9e8-aa30d6d12bc3,2026-08-27,SP021,195,100,left,30,19.14,18.29,13.3,8.0,5.84,49.7,63.9,14,N2,within,development_rehearsal,7b294f2c-ff22-5320-a287-7c7420f0c580|8b4826f2-f6d5-5ef1-b2aa-804b91c95356|fdfb72bc-a703-5074-ac62-f8abaa1e8065|65d4ef17-56ef-56b0-b447-362e2654d5ed|881a6a0e-f389-5086-9d22-4ceb130b045e|1d1d0818-0876-5476-a94c-aca5f31edc3b|4c596e48-1825-54f4-934e-77519ad0b3c1|4352b367-002b-5e90-b59a-6bb8d4c4a093|775f103a-739a-5469-b687-7c45ac2be528|28eb96cf-12ec-58f6-b471-8041c5272c8c|d22a7f69-24ad-546e-9554-d35c5487f440|bd4321a7-1fe9-56aa-8055-f0bae4d03068|8a67db23-df8f-5e11-9bcd-d4a0b41943a4|33bef4d8-fa74-5961-80fa-8d16321b7caf|ff1a7708-0411-5d98-90a8-d65b7b9feb61,7833e00bbc326d69b7e1ed6e88cf368db67d2a5c7b1dab421e15e0f3229350cf,zenit-simulated-feature-snapshot-v1,simulated,False,False,False,False
d666f528-fa40-5dc3-bb67-f1c16dec5b11,4721c12b-0a1b-5b6a-9fb3-cb0b40d23bfb,2026-08-27,SP021,195,100,median,30,12.21,11.42,29.35,24.62,4.77,27.6,50.8,6,N2,within,development_rehearsal,c845c0c2-a0f9-58d7-ab0d-c460c508d58b|221c2511-3395-5a66-9ae5-a88e68c2d8ee|77f81726-1dcf-5787-b9dd-2ef8e6c23b09|a4ed14f7-fbc3-5daa-87d9-b37ca637b9a7|d110d095-6f64-51b7-9c5b-4fa1a96a1c1f|b181a290-f72b-5642-a2c8-120592cbf028|bf89a385-fe44-5c8e-b474-a7eae242760e|57fa4e97-5197-5ba4-85a0-609d2188ad45|decae4e9-42b9-5926-af37-67846ec694dd|5ea7576a-e060-5655-bd78-d5ecf6fe5795|92e45a17-1160-5f59-92ba-dfeb1b4c7094|f78fa197-62ff-517a-911d-b807527b63a6|f8c75360-6a72-537b-9810-5193e1b0b364|88cbf2b2-0a60-5954-93f6-e6fc502c11ee|627a9b23-50d3-5114-8c3c-2a801cbef8e5,380f11c11a611301ac81806197b044a8925028c704ce3f05601678d41f668d33,zenit-simulated-feature-snapshot-v1,simulated,False,False,False,False
d2c71b82-ff68-5c0c-bf52-fb97b36ab8b0,046003bd-58ac-5aca-8364-c934ce6319c8,2026-08-27,SP021,195,100,right,30,16.12,15.36,10.6,31.86,5.52,19.7,55.3,10,N2,within,development_rehearsal,fb9f215e-878b-5d12-8ada-a09a7807dc21|8e9ebffd-2e24-5f36-8fe4-39d8e7353129|3d599b79-4fc5-5382-89f1-34a7df8d5b7b|da96e0d7-4379-5a61-85fb-b09cc39c4f60|3a4b0c21-8f61-5610-a460-5af5bbf1df19|8d28b8f7-9ca8-5e1f-859d-f197b077f132|074a6ab8-e195-5af4-8780-5744b87dc949|c300a47d-6ec5-5a5e-b019-68045d7a4a9b|c8a5648d-3c36-5677-9097-c21ed3701559|d4b02cd0-65ac-58bb-a6de-5b51bab4f405|35b5d334-ed68-5dcc-8ed4-216a7b489f63|b4ccafaa-c0c8-5456-a52b-8ce1ed8b3487|cf302f97-5aef-5d2f-a54c-8d80c6332055|479cc1ff-6273-5987-b4e7-0a17dcf0520a|c300c41f-ec1c-51fb-8f8f-3260d417098e,2074e6caebaa59ab2e33b1d9cc478074247629d7c6003c9e076881426cb1dcdf,zenit-simulated-feature-snapshot-v1,simulated,False,False,False,False
973bcc15-bc54-57cc-8635-9e3b0d1f6222,23232185-5c98-523a-a8a5-d53254b8a0d8,2026-08-27,SP021,195,100,special,10,7.27,6.8,12.07,7.66,3.75,31.9,63.7,4,N1,within,development_rehearsal,b615a17e-b19f-5e0c-9048-382ae0471ddc|144cc7e1-69cc-560e-b1b6-1bf244040358|c1d60c68-5b2f-5b5d-9d88-f554ccf8b1cb|78ff41cb-a271-574b-b9de-b66c71d2dddc|6384bc54-e493-570c-931e-b891fd11f8f5|df0faa5a-c39d-5b9e-a41c-970e43a48775|bf983fa2-97a0-5df1-bd5a-d493ab374a48|07107945-cd84-599a-98d7-3c3598412bfa|f7c2ae30-9e99-577f-8938-e5eba65ab0dc|973d8cad-7378-56cd-91d9-519602d9f609|609afeec-4a18-59c7-a74f-cd5aa9879e6a|efef047e-7f24-5209-a250-e3960d080706|4bf8507a-2ab7-5d90-be1c-e3e61c61981b|7a2281b9-9673-5e17-965a-277acad63013|c2034b90-d504-5be0-9a12-4400154d83a4,ae4eabeccdaf40190e149855f26204e094d222b28c3ca40c5c03c94f019d526d,zenit-simulated-feature-snapshot-v1,simulated,False,False,False,False
a26201ce-3cc4-5f77-9fca-4a44d8739e47,00cb94fd-970b-5652-b9e8-aa30d6d12bc3,2026-08-28,SP021,195,100,left,30,19.84,19.14,14.21,8.81,5.63,47.6,68.3,15,N2,within,development_rehearsal,8b4826f2-f6d5-5ef1-b2aa-804b91c95356|fdfb72bc-a703-5074-ac62-f8abaa1e8065|65d4ef17-56ef-56b0-b447-362e2654d5ed|881a6a0e-f389-5086-9d22-4ceb130b045e|1d1d0818-0876-5476-a94c-aca5f31edc3b|4c596e48-1825-54f4-934e-77519ad0b3c1|4352b367-002b-5e90-b59a-6bb8d4c4a093|775f103a-739a-5469-b687-7c45ac2be528|28eb96cf-12ec-58f6-b471-8041c5272c8c|d22a7f69-24ad-546e-9554-d35c5487f440|bd4321a7-1fe9-56aa-8055-f0bae4d03068|8a67db23-df8f-5e11-9bcd-d4a0b41943a4|33bef4d8-fa74-5961-80fa-8d16321b7caf|ff1a7708-0411-5d98-90a8-d65b7b9feb61|fb279b2e-e361-5039-9021-8520ece09635,91da3d868df7cb0a94ce11a1e2008490a1e6decdeb0fb25cea5bd70d8efdf13e,zenit-simulated-feature-snapshot-v1,simulated,False,False,False,False
68e18560-11c0-5c5f-ac59-7bc1bb5c8bd1,4721c12b-0a1b-5b6a-9fb3-cb0b40d23bfb,2026-08-28,SP021,195,100,median,30,12.94,12.21,8.0,25.31,4.94,30.6,53.8,7,N2,within,development_rehearsal,221c2511-3395-5a66-9ae5-a88e68c2d8ee|77f81726-1dcf-5787-b9dd-2ef8e6c23b09|a4ed14f7-fbc3-5daa-87d9-b37ca637b9a7|d110d095-6f64-51b7-9c5b-4fa1a96a1c1f|b181a290-f72b-5642-a2c8-120592cbf028|bf89a385-fe44-5c8e-b474-a7eae242760e|57fa4e97-5197-5ba4-85a0-609d2188ad45|decae4e9-42b9-5926-af37-67846ec694dd|5ea7576a-e060-5655-bd78-d5ecf6fe5795|92e45a17-1160-5f59-92ba-dfeb1b4c7094|f78fa197-62ff-517a-911d-b807527b63a6|f8c75360-6a72-537b-9810-5193e1b0b364|88cbf2b2-0a60-5954-93f6-e6fc502c11ee|627a9b23-50d3-5114-8c3c-2a801cbef8e5|e29541f2-fd3f-5060-8f88-349fa39717bd,d3fcd5df0bab0af4864afd463e2c900c09ba1235315075ec849be0181ed4b9bd,zenit-simulated-feature-snapshot-v1,simulated,False,False,False,False
84dec507-94d5-57d1-966a-eaf28550211d,046003bd-58ac-5aca-8364-c934ce6319c8,2026-08-28,SP021,195,100,right,30,16.91,16.12,11.52,32.71,5.39,14.0,55.1,11,N2,within,development_rehearsal,8e9ebffd-2e24-5f36-8fe4-39d8e7353129|3d599b79-4fc5-5382-89f1-34a7df8d5b7b|da96e0d7-4379-5a61-85fb-b09cc39c4f60|3a4b0c21-8f61-5610-a460-5af5bbf1df19|8d28b8f7-9ca8-5e1f-859d-f197b077f132|074a6ab8-e195-5af4-8780-5744b87dc949|c300a47d-6ec5-5a5e-b019-68045d7a4a9b|c8a5648d-3c36-5677-9097-c21ed3701559|d4b02cd0-65ac-58bb-a6de-5b51bab4f405|35b5d334-ed68-5dcc-8ed4-216a7b489f63|b4ccafaa-c0c8-5456-a52b-8ce1ed8b3487|cf302f97-5aef-5d2f-a54c-8d80c6332055|479cc1ff-6273-5987-b4e7-0a17dcf0520a|c300c41f-ec1c-51fb-8f8f-3260d417098e|f5c8cd88-f1d7-5e43-b92e-b6a36eace80d,ea4b2d671d37c2d652a61c85215f65d2f592a0819c7fa1675fdccdab4d6f3e61,zenit-simulated-feature-snapshot-v1,simulated,False,False,False,False
e329fc23-8ce7-55b0-bf3d-c36042e35a20,23232185-5c98-523a-a8a5-d53254b8a0d8,2026-08-28,SP021,195,100,special,10,7.82,7.27,12.64,8.21,3.73,36.4,71.1,5,N1,within,development_rehearsal,144cc7e1-69cc-560e-b1b6-1bf244040358|c1d60c68-5b2f-5b5d-9d88-f554ccf8b1cb|78ff41cb-a271-574b-b9de-b66c71d2dddc|6384bc54-e493-570c-931e-b891fd11f8f5|df0faa5a-c39d-5b9e-a41c-970e43a48775|bf983fa2-97a0-5df1-bd5a-d493ab374a48|07107945-cd84-599a-98d7-3c3598412bfa|f7c2ae30-9e99-577f-8938-e5eba65ab0dc|973d8cad-7378-56cd-91d9-519602d9f609|609afeec-4a18-59c7-a74f-cd5aa9879e6a|efef047e-7f24-5209-a250-e3960d080706|4bf8507a-2ab7-5d90-be1c-e3e61c61981b|7a2281b9-9673-5e17-965a-277acad63013|c2034b90-d504-5be0-9a12-4400154d83a4|747ec439-23cb-50ed-91d8-b1ad5ea81f1f,88ff4cfb98a9a9160dea492a903700a30d088bf20ffec0c0b134e3f975489e0b,zenit-simulated-feature-snapshot-v1,simulated,False,False,False,False
1b52a7dc-f87a-53f7-8fc7-ed9a2631fd9e,00cb94fd-970b-5652-b9e8-aa30d6d12bc3,2026-08-29,SP021,195,100,left,30,20.65,19.84,15.08,9.35,5.57,44.9,69.6,16,N2,within,development_rehearsal,fdfb72bc-a703-5074-ac62-f8abaa1e8065|65d4ef17-56ef-56b0-b447-362e2654d5ed|881a6a0e-f389-5086-9d22-4ceb130b045e|1d1d0818-0876-5476-a94c-aca5f31edc3b|4c596e48-1825-54f4-934e-77519ad0b3c1|4352b367-002b-5e90-b59a-6bb8d4c4a093|775f103a-739a-5469-b687-7c45ac2be528|28eb96cf-12ec-58f6-b471-8041c5272c8c|d22a7f69-24ad-546e-9554-d35c5487f440|bd4321a7-1fe9-56aa-8055-f0bae4d03068|8a67db23-df8f-5e11-9bcd-d4a0b41943a4|33bef4d8-fa74-5961-80fa-8d16321b7caf|ff1a7708-0411-5d98-90a8-d65b7b9feb61|fb279b2e-e361-5039-9021-8520ece09635|bd56f370-566b-56a3-88ed-329bc57024ba,7f2974488b4dfbb3b716726a9d31bb6b3df4ca069b80b175fd8a21aa3f30ae8b,zenit-simulated-feature-snapshot-v1,simulated,False,False,False,False
7d588ba9-095e-5174-96ce-8b80e1cdd191,4721c12b-0a1b-5b6a-9fb3-cb0b40d23bfb,2026-08-29,SP021,195,100,median,30,13.94,12.94,8.73,25.9,5.21,39.6,65.4,8,N2,within,development_rehearsal,77f81726-1dcf-5787-b9dd-2ef8e6c23b09|a4ed14f7-fbc3-5daa-87d9-b37ca637b9a7|d110d095-6f64-51b7-9c5b-4fa1a96a1c1f|b181a290-f72b-5642-a2c8-120592cbf028|bf89a385-fe44-5c8e-b474-a7eae242760e|57fa4e97-5197-5ba4-85a0-609d2188ad45|decae4e9-42b9-5926-af37-67846ec694dd|5ea7576a-e060-5655-bd78-d5ecf6fe5795|92e45a17-1160-5f59-92ba-dfeb1b4c7094|f78fa197-62ff-517a-911d-b807527b63a6|f8c75360-6a72-537b-9810-5193e1b0b364|88cbf2b2-0a60-5954-93f6-e6fc502c11ee|627a9b23-50d3-5114-8c3c-2a801cbef8e5|e29541f2-fd3f-5060-8f88-349fa39717bd|5a322e8c-567a-5b51-b633-f9e3684b7b0a,30b753bbf0610737623ca05b48cc4e059f1afeb08df1d46ae83b56cea66b6821,zenit-simulated-feature-snapshot-v1,simulated,False,False,False,False
6619ab06-fba1-5b0b-83eb-afcc2e58e892,046003bd-58ac-5aca-8364-c934ce6319c8,2026-08-29,SP021,195,100,right,30,17.66,16.91,12.5,33.49,5.16,11.1,56.0,12,N2,within,development_rehearsal,3d599b79-4fc5-5382-89f1-34a7df8d5b7b|da96e0d7-4379-5a61-85fb-b09cc39c4f60|3a4b0c21-8f61-5610-a460-5af5bbf1df19|8d28b8f7-9ca8-5e1f-859d-f197b077f132|074a6ab8-e195-5af4-8780-5744b87dc949|c300a47d-6ec5-5a5e-b019-68045d7a4a9b|c8a5648d-3c36-5677-9097-c21ed3701559|d4b02cd0-65ac-58bb-a6de-5b51bab4f405|35b5d334-ed68-5dcc-8ed4-216a7b489f63|b4ccafaa-c0c8-5456-a52b-8ce1ed8b3487|cf302f97-5aef-5d2f-a54c-8d80c6332055|479cc1ff-6273-5987-b4e7-0a17dcf0520a|c300c41f-ec1c-51fb-8f8f-3260d417098e|f5c8cd88-f1d7-5e43-b92e-b6a36eace80d|ef7eda18-6350-5511-8dde-3b60f303a0c1,90060aff90c387800de4c713230464c6bda5b8b5de35534a6549c8944e9e9d9d,zenit-simulated-feature-snapshot-v1,simulated,False,False,False,False
ada02660-53b2-5084-8d54-69357f6a4925,23232185-5c98-523a-a8a5-d53254b8a0d8,2026-08-29,SP021,195,100,special,10,8.62,7.82,13.02,8.8,4.15,43.8,79.8,6,N1,within,development_rehearsal,c1d60c68-5b2f-5b5d-9d88-f554ccf8b1cb|78ff41cb-a271-574b-b9de-b66c71d2dddc|6384bc54-e493-570c-931e-b891fd11f8f5|df0faa5a-c39d-5b9e-a41c-970e43a48775|bf983fa2-97a0-5df1-bd5a-d493ab374a48|07107945-cd84-599a-98d7-3c3598412bfa|f7c2ae30-9e99-577f-8938-e5eba65ab0dc|973d8cad-7378-56cd-91d9-519602d9f609|609afeec-4a18-59c7-a74f-cd5aa9879e6a|efef047e-7f24-5209-a250-e3960d080706|4bf8507a-2ab7-5d90-be1c-e3e61c61981b|7a2281b9-9673-5e17-965a-277acad63013|c2034b90-d504-5be0-9a12-4400154d83a4|747ec439-23cb-50ed-91d8-b1ad5ea81f1f|760eb06f-ad03-567d-ac96-9da027898626,55e746d752e84563c12db1a9c669496ce9ecf0959630353aa33a66c646e70407,zenit-simulated-feature-snapshot-v1,simulated,False,False,False,False
cd8a65ea-d9f4-5b8f-a91c-24946f93e125,00cb94fd-970b-5652-b9e8-aa30d6d12bc3,2026-08-30,SP021,195,100,left,30,21.31,20.65,15.95,10.28,5.36,40.2,64.3,17,N2,within,development_rehearsal,65d4ef17-56ef-56b0-b447-362e2654d5ed|881a6a0e-f389-5086-9d22-4ceb130b045e|1d1d0818-0876-5476-a94c-aca5f31edc3b|4c596e48-1825-54f4-934e-77519ad0b3c1|4352b367-002b-5e90-b59a-6bb8d4c4a093|775f103a-739a-5469-b687-7c45ac2be528|28eb96cf-12ec-58f6-b471-8041c5272c8c|d22a7f69-24ad-546e-9554-d35c5487f440|bd4321a7-1fe9-56aa-8055-f0bae4d03068|8a67db23-df8f-5e11-9bcd-d4a0b41943a4|33bef4d8-fa74-5961-80fa-8d16321b7caf|ff1a7708-0411-5d98-90a8-d65b7b9feb61|fb279b2e-e361-5039-9021-8520ece09635|bd56f370-566b-56a3-88ed-329bc57024ba|9d52b5d8-2d2d-53bc-b99a-44cf1f9fe073,fdcf25589e9cfc49d193ef9e4bb6c293aea434b4dfdc24cb26de7ef210504048,zenit-simulated-feature-snapshot-v1,simulated,False,False,False,False
65754fc7-f48d-52b9-85dc-be159ba11230,4721c12b-0a1b-5b6a-9fb3-cb0b40d23bfb,2026-08-30,SP021,195,100,median,30,14.82,13.94,9.33,26.56,5.49,42.3,71.1,9,N2,within,development_rehearsal,a4ed14f7-fbc3-5daa-87d9-b37ca637b9a7|d110d095-6f64-51b7-9c5b-4fa1a96a1c1f|b181a290-f72b-5642-a2c8-120592cbf028|bf89a385-fe44-5c8e-b474-a7eae242760e|57fa4e97-5197-5ba4-85a0-609d2188ad45|decae4e9-42b9-5926-af37-67846ec694dd|5ea7576a-e060-5655-bd78-d5ecf6fe5795|92e45a17-1160-5f59-92ba-dfeb1b4c7094|f78fa197-62ff-517a-911d-b807527b63a6|f8c75360-6a72-537b-9810-5193e1b0b364|88cbf2b2-0a60-5954-93f6-e6fc502c11ee|627a9b23-50d3-5114-8c3c-2a801cbef8e5|e29541f2-fd3f-5060-8f88-349fa39717bd|5a322e8c-567a-5b51-b633-f9e3684b7b0a|44aee22f-50e9-503c-96b1-f7ba7ca50250,6119b9492cd6298561fd214770ece83d4b330255b380485c0821eb2cc0004498,zenit-simulated-feature-snapshot-v1,simulated,False,False,False,False
aec600f4-6d3a-5dc5-b5ea-684d13e0917c,046003bd-58ac-5aca-8364-c934ce6319c8,2026-08-30,SP021,195,100,right,30,18.72,17.66,13.21,34.29,5.51,18.2,61.6,13,N2,within,development_rehearsal,da96e0d7-4379-5a61-85fb-b09cc39c4f60|3a4b0c21-8f61-5610-a460-5af5bbf1df19|8d28b8f7-9ca8-5e1f-859d-f197b077f132|074a6ab8-e195-5af4-8780-5744b87dc949|c300a47d-6ec5-5a5e-b019-68045d7a4a9b|c8a5648d-3c36-5677-9097-c21ed3701559|d4b02cd0-65ac-58bb-a6de-5b51bab4f405|35b5d334-ed68-5dcc-8ed4-216a7b489f63|b4ccafaa-c0c8-5456-a52b-8ce1ed8b3487|cf302f97-5aef-5d2f-a54c-8d80c6332055|479cc1ff-6273-5987-b4e7-0a17dcf0520a|c300c41f-ec1c-51fb-8f8f-3260d417098e|f5c8cd88-f1d7-5e43-b92e-b6a36eace80d|ef7eda18-6350-5511-8dde-3b60f303a0c1|9bb3e26b-fb01-5109-bd27-e2fcacbc861b,16e34e50aaf2baa01de842dddc6e118e39528b8aa2b99155e8749684c1fa5d1e,zenit-simulated-feature-snapshot-v1,simulated,False,False,False,False
41292ea4-b354-50cb-943d-c21c7ee67227,23232185-5c98-523a-a8a5-d53254b8a0d8,2026-08-30,SP021,195,100,special,10,9.42,8.62,5.0,9.41,4.42,48.0,89.2,7,N1,within,development_rehearsal,78ff41cb-a271-574b-b9de-b66c71d2dddc|6384bc54-e493-570c-931e-b891fd11f8f5|df0faa5a-c39d-5b9e-a41c-970e43a48775|bf983fa2-97a0-5df1-bd5a-d493ab374a48|07107945-cd84-599a-98d7-3c3598412bfa|f7c2ae30-9e99-577f-8938-e5eba65ab0dc|973d8cad-7378-56cd-91d9-519602d9f609|609afeec-4a18-59c7-a74f-cd5aa9879e6a|efef047e-7f24-5209-a250-e3960d080706|4bf8507a-2ab7-5d90-be1c-e3e61c61981b|7a2281b9-9673-5e17-965a-277acad63013|c2034b90-d504-5be0-9a12-4400154d83a4|747ec439-23cb-50ed-91d8-b1ad5ea81f1f|760eb06f-ad03-567d-ac96-9da027898626|665c94cf-d686-5c72-9f98-bdcee92265d9,571db19f1c4bee10c89acf0d27fbce58876f4f8105cb527bf9ad3108344b050d,zenit-simulated-feature-snapshot-v1,simulated,False,False,False,False
4668583a-95e4-5d23-93d3-33009b306a9a,00cb94fd-970b-5652-b9e8-aa30d6d12bc3,2026-08-31,SP021,195,100,left,30,21.92,21.31,16.89,10.98,5.03,31.6,64.3,18,N2,within,development_rehearsal,881a6a0e-f389-5086-9d22-4ceb130b045e|1d1d0818-0876-5476-a94c-aca5f31edc3b|4c596e48-1825-54f4-934e-77519ad0b3c1|4352b367-002b-5e90-b59a-6bb8d4c4a093|775f103a-739a-5469-b687-7c45ac2be528|28eb96cf-12ec-58f6-b471-8041c5272c8c|d22a7f69-24ad-546e-9554-d35c5487f440|bd4321a7-1fe9-56aa-8055-f0bae4d03068|8a67db23-df8f-5e11-9bcd-d4a0b41943a4|33bef4d8-fa74-5961-80fa-8d16321b7caf|ff1a7708-0411-5d98-90a8-d65b7b9feb61|fb279b2e-e361-5039-9021-8520ece09635|bd56f370-566b-56a3-88ed-329bc57024ba|9d52b5d8-2d2d-53bc-b99a-44cf1f9fe073|31e1699f-0747-5444-ace8-61e042b0c511,74384532cbc9ee1d78c2b49a3102cab026d1776dcfdd46ac631bd95f41def25d,zenit-simulated-feature-snapshot-v1,simulated,False,False,False,False
f866986f-86bb-51bd-984f-e105e350108f,4721c12b-0a1b-5b6a-9fb3-cb0b40d23bfb,2026-08-31,SP021,195,100,median,30,15.62,14.82,10.03,26.98,5.59,46.0,83.8,10,N2,within,development_rehearsal,d110d095-6f64-51b7-9c5b-4fa1a96a1c1f|b181a290-f72b-5642-a2c8-120592cbf028|bf89a385-fe44-5c8e-b474-a7eae242760e|57fa4e97-5197-5ba4-85a0-609d2188ad45|decae4e9-42b9-5926-af37-67846ec694dd|5ea7576a-e060-5655-bd78-d5ecf6fe5795|92e45a17-1160-5f59-92ba-dfeb1b4c7094|f78fa197-62ff-517a-911d-b807527b63a6|f8c75360-6a72-537b-9810-5193e1b0b364|88cbf2b2-0a60-5954-93f6-e6fc502c11ee|627a9b23-50d3-5114-8c3c-2a801cbef8e5|e29541f2-fd3f-5060-8f88-349fa39717bd|5a322e8c-567a-5b51-b633-f9e3684b7b0a|44aee22f-50e9-503c-96b1-f7ba7ca50250|7a315f66-6873-5b3c-b4f5-2713b8951a8c,81799736b48b385ed8bb66e2ac6878df1e5141fdeae033e5d43a3bfbc3dcae98,zenit-simulated-feature-snapshot-v1,simulated,False,False,False,False
d505d8bc-c83e-5fc1-805a-f0f5e5711f94,046003bd-58ac-5aca-8364-c934ce6319c8,2026-08-31,SP021,195,100,right,30,19.54,18.72,13.91,8.0,5.63,15.1,52.5,14,N2,within,development_rehearsal,3a4b0c21-8f61-5610-a460-5af5bbf1df19|8d28b8f7-9ca8-5e1f-859d-f197b077f132|074a6ab8-e195-5af4-8780-5744b87dc949|c300a47d-6ec5-5a5e-b019-68045d7a4a9b|c8a5648d-3c36-5677-9097-c21ed3701559|d4b02cd0-65ac-58bb-a6de-5b51bab4f405|35b5d334-ed68-5dcc-8ed4-216a7b489f63|b4ccafaa-c0c8-5456-a52b-8ce1ed8b3487|cf302f97-5aef-5d2f-a54c-8d80c6332055|479cc1ff-6273-5987-b4e7-0a17dcf0520a|c300c41f-ec1c-51fb-8f8f-3260d417098e|f5c8cd88-f1d7-5e43-b92e-b6a36eace80d|ef7eda18-6350-5511-8dde-3b60f303a0c1|9bb3e26b-fb01-5109-bd27-e2fcacbc861b|b8ee09ba-51b5-5ccf-aa4c-f593fdcade4f,998e894c2e45d8550f283b41a2baacd630fc7c640a0fe3f2db4082c7e32ab753,zenit-simulated-feature-snapshot-v1,simulated,False,False,False,False
bba46fe5-6c4c-56e6-a8ec-40d4276a7587,23232185-5c98-523a-a8a5-d53254b8a0d8,2026-08-31,SP021,195,100,special,10,10.26,9.42,5.56,10.12,4.7,55.0,94.3,8,N2,exceeds,development_rehearsal,6384bc54-e493-570c-931e-b891fd11f8f5|df0faa5a-c39d-5b9e-a41c-970e43a48775|bf983fa2-97a0-5df1-bd5a-d493ab374a48|07107945-cd84-599a-98d7-3c3598412bfa|f7c2ae30-9e99-577f-8938-e5eba65ab0dc|973d8cad-7378-56cd-91d9-519602d9f609|609afeec-4a18-59c7-a74f-cd5aa9879e6a|efef047e-7f24-5209-a250-e3960d080706|4bf8507a-2ab7-5d90-be1c-e3e61c61981b|7a2281b9-9673-5e17-965a-277acad63013|c2034b90-d504-5be0-9a12-4400154d83a4|747ec439-23cb-50ed-91d8-b1ad5ea81f1f|760eb06f-ad03-567d-ac96-9da027898626|665c94cf-d686-5c72-9f98-bdcee92265d9|281b9648-0e67-5d86-983b-52f46d089b3e,eed7ea356cea43b2eb13892d2039624644edefe87a95868e3076c39f7f60486c,zenit-simulated-feature-snapshot-v1,simulated,False,False,False,False
4ed72e78-5dfa-5e3a-9b01-d8b4efdc5c72,00cb94fd-970b-5652-b9e8-aa30d6d12bc3,2026-09-01,SP021,195,100,left,30,22.53,21.92,17.53,11.74,5.0,26.5,64.3,19,N2,within,development_rehearsal,1d1d0818-0876-5476-a94c-aca5f31edc3b|4c596e48-1825-54f4-934e-77519ad0b3c1|4352b367-002b-5e90-b59a-6bb8d4c4a093|775f103a-739a-5469-b687-7c45ac2be528|28eb96cf-12ec-58f6-b471-8041c5272c8c|d22a7f69-24ad-546e-9554-d35c5487f440|bd4321a7-1fe9-56aa-8055-f0bae4d03068|8a67db23-df8f-5e11-9bcd-d4a0b41943a4|33bef4d8-fa74-5961-80fa-8d16321b7caf|ff1a7708-0411-5d98-90a8-d65b7b9feb61|fb279b2e-e361-5039-9021-8520ece09635|bd56f370-566b-56a3-88ed-329bc57024ba|9d52b5d8-2d2d-53bc-b99a-44cf1f9fe073|31e1699f-0747-5444-ace8-61e042b0c511|9f2a80ae-f16b-53ff-832e-b6f25bc2f06b,7bb8f116863560212a82f96b74a0f50168e5443d2ee7626c13048bd039ff9bc8,zenit-simulated-feature-snapshot-v1,simulated,False,False,False,False
6a44a4c3-eed2-52cb-9206-bc250e50191c,4721c12b-0a1b-5b6a-9fb3-cb0b40d23bfb,2026-09-01,SP021,195,100,median,30,16.4,15.62,10.89,27.7,5.51,42.4,79.8,11,N2,within,development_rehearsal,b181a290-f72b-5642-a2c8-120592cbf028|bf89a385-fe44-5c8e-b474-a7eae242760e|57fa4e97-5197-5ba4-85a0-609d2188ad45|decae4e9-42b9-5926-af37-67846ec694dd|5ea7576a-e060-5655-bd78-d5ecf6fe5795|92e45a17-1160-5f59-92ba-dfeb1b4c7094|f78fa197-62ff-517a-911d-b807527b63a6|f8c75360-6a72-537b-9810-5193e1b0b364|88cbf2b2-0a60-5954-93f6-e6fc502c11ee|627a9b23-50d3-5114-8c3c-2a801cbef8e5|e29541f2-fd3f-5060-8f88-349fa39717bd|5a322e8c-567a-5b51-b633-f9e3684b7b0a|44aee22f-50e9-503c-96b1-f7ba7ca50250|7a315f66-6873-5b3c-b4f5-2713b8951a8c|81ebcadf-9ab0-59e2-804e-ca1e88e92035,ae7b4fc222272dcfd03603ab75212c5feb03e4cf262347b17a8dc2988f4486ca,zenit-simulated-feature-snapshot-v1,simulated,False,False,False,False
b25d0623-9e4e-530d-a78a-a2ba66b535bc,046003bd-58ac-5aca-8364-c934ce6319c8,2026-09-01,SP021,195,100,right,30,20.38,19.54,14.71,8.86,5.67,21.2,49.1,15,N2,within,development_rehearsal,8d28b8f7-9ca8-5e1f-859d-f197b077f132|074a6ab8-e195-5af4-8780-5744b87dc949|c300a47d-6ec5-5a5e-b019-68045d7a4a9b|c8a5648d-3c36-5677-9097-c21ed3701559|d4b02cd0-65ac-58bb-a6de-5b51bab4f405|35b5d334-ed68-5dcc-8ed4-216a7b489f63|b4ccafaa-c0c8-5456-a52b-8ce1ed8b3487|cf302f97-5aef-5d2f-a54c-8d80c6332055|479cc1ff-6273-5987-b4e7-0a17dcf0520a|c300c41f-ec1c-51fb-8f8f-3260d417098e|f5c8cd88-f1d7-5e43-b92e-b6a36eace80d|ef7eda18-6350-5511-8dde-3b60f303a0c1|9bb3e26b-fb01-5109-bd27-e2fcacbc861b|b8ee09ba-51b5-5ccf-aa4c-f593fdcade4f|e9357b8a-d248-5400-b177-3dec0eb32c8b,73b447468d541d80432bba609780c37b1d0855e18336af26b8d28373c8ca41db,zenit-simulated-feature-snapshot-v1,simulated,False,False,False,False
9fb784a7-82ac-5833-80b4-df438d892507,23232185-5c98-523a-a8a5-d53254b8a0d8,2026-09-01,SP021,195,100,special,10,10.95,10.26,6.12,10.7,4.83,54.6,92.2,9,N2,exceeds,development_rehearsal,df0faa5a-c39d-5b9e-a41c-970e43a48775|bf983fa2-97a0-5df1-bd5a-d493ab374a48|07107945-cd84-599a-98d7-3c3598412bfa|f7c2ae30-9e99-577f-8938-e5eba65ab0dc|973d8cad-7378-56cd-91d9-519602d9f609|609afeec-4a18-59c7-a74f-cd5aa9879e6a|efef047e-7f24-5209-a250-e3960d080706|4bf8507a-2ab7-5d90-be1c-e3e61c61981b|7a2281b9-9673-5e17-965a-277acad63013|c2034b90-d504-5be0-9a12-4400154d83a4|747ec439-23cb-50ed-91d8-b1ad5ea81f1f|760eb06f-ad03-567d-ac96-9da027898626|665c94cf-d686-5c72-9f98-bdcee92265d9|281b9648-0e67-5d86-983b-52f46d089b3e|5cb819fc-3af9-53fb-953c-fa04dc824ee3,815bdcd89c8218297f94958ad49cfdd14c63b8c747a8a7ee48bd2cbaa0bc4013,zenit-simulated-feature-snapshot-v1,simulated,False,False,False,False
3563fd82-0129-54b6-95d3-bfba44eb2414,00cb94fd-970b-5652-b9e8-aa30d6d12bc3,2026-09-02,SP021,195,100,left,30,23.55,22.53,18.29,12.52,5.26,38.0,79.7,20,N2,within,development_rehearsal,4c596e48-1825-54f4-934e-77519ad0b3c1|4352b367-002b-5e90-b59a-6bb8d4c4a093|775f103a-739a-5469-b687-7c45ac2be528|28eb96cf-12ec-58f6-b471-8041c5272c8c|d22a7f69-24ad-546e-9554-d35c5487f440|bd4321a7-1fe9-56aa-8055-f0bae4d03068|8a67db23-df8f-5e11-9bcd-d4a0b41943a4|33bef4d8-fa74-5961-80fa-8d16321b7caf|ff1a7708-0411-5d98-90a8-d65b7b9feb61|fb279b2e-e361-5039-9021-8520ece09635|bd56f370-566b-56a3-88ed-329bc57024ba|9d52b5d8-2d2d-53bc-b99a-44cf1f9fe073|31e1699f-0747-5444-ace8-61e042b0c511|9f2a80ae-f16b-53ff-832e-b6f25bc2f06b|b6ce4131-8cfe-5652-a434-f036ea58bec7,7ec498851e41499983dc40e72ae4cd3eae3f84a442707a252ad96be1868631f3,zenit-simulated-feature-snapshot-v1,simulated,False,False,False,False
4742964b-22f2-51c0-ad4a-f00ab0948d30,4721c12b-0a1b-5b6a-9fb3-cb0b40d23bfb,2026-09-02,SP021,195,100,median,30,17.3,16.4,11.42,28.55,5.88,54.3,85.0,12,N2,within,development_rehearsal,bf89a385-fe44-5c8e-b474-a7eae242760e|57fa4e97-5197-5ba4-85a0-609d2188ad45|decae4e9-42b9-5926-af37-67846ec694dd|5ea7576a-e060-5655-bd78-d5ecf6fe5795|92e45a17-1160-5f59-92ba-dfeb1b4c7094|f78fa197-62ff-517a-911d-b807527b63a6|f8c75360-6a72-537b-9810-5193e1b0b364|88cbf2b2-0a60-5954-93f6-e6fc502c11ee|627a9b23-50d3-5114-8c3c-2a801cbef8e5|e29541f2-fd3f-5060-8f88-349fa39717bd|5a322e8c-567a-5b51-b633-f9e3684b7b0a|44aee22f-50e9-503c-96b1-f7ba7ca50250|7a315f66-6873-5b3c-b4f5-2713b8951a8c|81ebcadf-9ab0-59e2-804e-ca1e88e92035|5e7ed280-43db-5faa-bd5c-8cb21720ff39,86cff82c06af0e0bae134d0d723fe66193c4f5c25e6c19d0266a051cda4cf24d,zenit-simulated-feature-snapshot-v1,simulated,False,False,False,False
4cc96e0a-06b7-5de4-aed4-9175befab47f,046003bd-58ac-5aca-8364-c934ce6319c8,2026-09-02,SP021,195,100,right,30,21.39,20.38,15.36,9.62,6.03,32.1,56.3,16,N2,within,development_rehearsal,074a6ab8-e195-5af4-8780-5744b87dc949|c300a47d-6ec5-5a5e-b019-68045d7a4a9b|c8a5648d-3c36-5677-9097-c21ed3701559|d4b02cd0-65ac-58bb-a6de-5b51bab4f405|35b5d334-ed68-5dcc-8ed4-216a7b489f63|b4ccafaa-c0c8-5456-a52b-8ce1ed8b3487|cf302f97-5aef-5d2f-a54c-8d80c6332055|479cc1ff-6273-5987-b4e7-0a17dcf0520a|c300c41f-ec1c-51fb-8f8f-3260d417098e|f5c8cd88-f1d7-5e43-b92e-b6a36eace80d|ef7eda18-6350-5511-8dde-3b60f303a0c1|9bb3e26b-fb01-5109-bd27-e2fcacbc861b|b8ee09ba-51b5-5ccf-aa4c-f593fdcade4f|e9357b8a-d248-5400-b177-3dec0eb32c8b|1d1841ab-d6e2-557d-af6e-22814b84d34b,4bc25c8efd6d5a191372d37c0e5ad16cb5e188c38d59e62656741c1bcae2119a,zenit-simulated-feature-snapshot-v1,simulated,False,False,False,False
d7798b83-2d3d-5343-8711-02646f384e53,23232185-5c98-523a-a8a5-d53254b8a0d8,2026-09-02,SP021,195,100,special,10,11.43,10.95,6.8,11.11,4.63,47.4,92.0,10,N2,exceeds,development_rehearsal,bf983fa2-97a0-5df1-bd5a-d493ab374a48|07107945-cd84-599a-98d7-3c3598412bfa|f7c2ae30-9e99-577f-8938-e5eba65ab0dc|973d8cad-7378-56cd-91d9-519602d9f609|609afeec-4a18-59c7-a74f-cd5aa9879e6a|efef047e-7f24-5209-a250-e3960d080706|4bf8507a-2ab7-5d90-be1c-e3e61c61981b|7a2281b9-9673-5e17-965a-277acad63013|c2034b90-d504-5be0-9a12-4400154d83a4|747ec439-23cb-50ed-91d8-b1ad5ea81f1f|760eb06f-ad03-567d-ac96-9da027898626|665c94cf-d686-5c72-9f98-bdcee92265d9|281b9648-0e67-5d86-983b-52f46d089b3e|5cb819fc-3af9-53fb-953c-fa04dc824ee3|2f579fd9-239e-54b6-80f8-410dab3e30fb,4b1d4fd6d52aeabdbfe37100e669bd19f140db9e654a2df30ab0250339dfa9a8,zenit-simulated-feature-snapshot-v1,simulated,False,False,False,False
55bf8a3a-3c64-5500-90a1-4ade1cb95b60,00cb94fd-970b-5652-b9e8-aa30d6d12bc3,2026-09-03,SP021,195,100,left,30,24.06,23.55,19.14,13.3,4.92,30.0,79.7,21,N2,within,development_rehearsal,4352b367-002b-5e90-b59a-6bb8d4c4a093|775f103a-739a-5469-b687-7c45ac2be528|28eb96cf-12ec-58f6-b471-8041c5272c8c|d22a7f69-24ad-546e-9554-d35c5487f440|bd4321a7-1fe9-56aa-8055-f0bae4d03068|8a67db23-df8f-5e11-9bcd-d4a0b41943a4|33bef4d8-fa74-5961-80fa-8d16321b7caf|ff1a7708-0411-5d98-90a8-d65b7b9feb61|fb279b2e-e361-5039-9021-8520ece09635|bd56f370-566b-56a3-88ed-329bc57024ba|9d52b5d8-2d2d-53bc-b99a-44cf1f9fe073|31e1699f-0747-5444-ace8-61e042b0c511|9f2a80ae-f16b-53ff-832e-b6f25bc2f06b|b6ce4131-8cfe-5652-a434-f036ea58bec7|ebd930f2-ff62-5b57-936b-10e62ced0475,574e10e62fad3963f31f57fe0dd26f40ce8273887c8668259ca813d5cc5c82b3,zenit-simulated-feature-snapshot-v1,simulated,False,False,False,False
7be6b613-78ed-588e-aafd-4620dfa32756,4721c12b-0a1b-5b6a-9fb3-cb0b40d23bfb,2026-09-03,SP021,195,100,median,30,18.21,17.3,12.21,29.35,6.0,58.4,86.0,13,N2,within,development_rehearsal,57fa4e97-5197-5ba4-85a0-609d2188ad45|decae4e9-42b9-5926-af37-67846ec694dd|5ea7576a-e060-5655-bd78-d5ecf6fe5795|92e45a17-1160-5f59-92ba-dfeb1b4c7094|f78fa197-62ff-517a-911d-b807527b63a6|f8c75360-6a72-537b-9810-5193e1b0b364|88cbf2b2-0a60-5954-93f6-e6fc502c11ee|627a9b23-50d3-5114-8c3c-2a801cbef8e5|e29541f2-fd3f-5060-8f88-349fa39717bd|5a322e8c-567a-5b51-b633-f9e3684b7b0a|44aee22f-50e9-503c-96b1-f7ba7ca50250|7a315f66-6873-5b3c-b4f5-2713b8951a8c|81ebcadf-9ab0-59e2-804e-ca1e88e92035|5e7ed280-43db-5faa-bd5c-8cb21720ff39|80213d58-bde1-585d-9179-c53038f0d8b1,5ab101aab5718b23231a554778e852b1966a49280ee752bf80e4722aa1010130,zenit-simulated-feature-snapshot-v1,simulated,False,False,False,False
e8b13f07-8a4e-537e-b40e-4a58a7d82a6d,046003bd-58ac-5aca-8364-c934ce6319c8,2026-09-03,SP021,195,100,right,30,22.18,21.39,16.12,10.6,6.06,36.9,56.6,17,N2,within,development_rehearsal,c300a47d-6ec5-5a5e-b019-68045d7a4a9b|c8a5648d-3c36-5677-9097-c21ed3701559|d4b02cd0-65ac-58bb-a6de-5b51bab4f405|35b5d334-ed68-5dcc-8ed4-216a7b489f63|b4ccafaa-c0c8-5456-a52b-8ce1ed8b3487|cf302f97-5aef-5d2f-a54c-8d80c6332055|479cc1ff-6273-5987-b4e7-0a17dcf0520a|c300c41f-ec1c-51fb-8f8f-3260d417098e|f5c8cd88-f1d7-5e43-b92e-b6a36eace80d|ef7eda18-6350-5511-8dde-3b60f303a0c1|9bb3e26b-fb01-5109-bd27-e2fcacbc861b|b8ee09ba-51b5-5ccf-aa4c-f593fdcade4f|e9357b8a-d248-5400-b177-3dec0eb32c8b|1d1841ab-d6e2-557d-af6e-22814b84d34b|42b41909-f23d-5d39-a5b8-bcf53db11ec1,144bcdf1e27c7875c26b44407aee5f69cc3236fe5b80792a2d3a604c455735f0,zenit-simulated-feature-snapshot-v1,simulated,False,False,False,False
f1dd5e14-f74f-59c3-9f6b-46755343629f,23232185-5c98-523a-a8a5-d53254b8a0d8,2026-09-03,SP021,195,100,special,10,11.8,11.43,7.27,12.07,4.53,45.3,77.2,11,N2,exceeds,development_rehearsal,07107945-cd84-599a-98d7-3c3598412bfa|f7c2ae30-9e99-577f-8938-e5eba65ab0dc|973d8cad-7378-56cd-91d9-519602d9f609|609afeec-4a18-59c7-a74f-cd5aa9879e6a|efef047e-7f24-5209-a250-e3960d080706|4bf8507a-2ab7-5d90-be1c-e3e61c61981b|7a2281b9-9673-5e17-965a-277acad63013|c2034b90-d504-5be0-9a12-4400154d83a4|747ec439-23cb-50ed-91d8-b1ad5ea81f1f|760eb06f-ad03-567d-ac96-9da027898626|665c94cf-d686-5c72-9f98-bdcee92265d9|281b9648-0e67-5d86-983b-52f46d089b3e|5cb819fc-3af9-53fb-953c-fa04dc824ee3|2f579fd9-239e-54b6-80f8-410dab3e30fb|1de247e1-dba9-5453-8ebc-701d79fe285d,3414c0607eab9ed789e99659b69028e3b914eabb8f5c3db9f5162a1df5ae3c20,zenit-simulated-feature-snapshot-v1,simulated,False,False,False,False
0b254630-2d1a-585a-9c1d-289ae9df8d01,00cb94fd-970b-5652-b9e8-aa30d6d12bc3,2026-09-04,SP021,195,100,left,30,25.05,24.06,19.84,14.21,5.21,32.8,80.4,22,N2,within,development_rehearsal,775f103a-739a-5469-b687-7c45ac2be528|28eb96cf-12ec-58f6-b471-8041c5272c8c|d22a7f69-24ad-546e-9554-d35c5487f440|bd4321a7-1fe9-56aa-8055-f0bae4d03068|8a67db23-df8f-5e11-9bcd-d4a0b41943a4|33bef4d8-fa74-5961-80fa-8d16321b7caf|ff1a7708-0411-5d98-90a8-d65b7b9feb61|fb279b2e-e361-5039-9021-8520ece09635|bd56f370-566b-56a3-88ed-329bc57024ba|9d52b5d8-2d2d-53bc-b99a-44cf1f9fe073|31e1699f-0747-5444-ace8-61e042b0c511|9f2a80ae-f16b-53ff-832e-b6f25bc2f06b|b6ce4131-8cfe-5652-a434-f036ea58bec7|ebd930f2-ff62-5b57-936b-10e62ced0475|ac8a7260-327e-5c90-863a-0f90badae887,6f4673ba24d08989663ec7e7cf7d686d21a934475243d9ad1a9594c98dd7d35d,zenit-simulated-feature-snapshot-v1,simulated,False,False,False,False
01b964e1-1014-5310-8e1e-6af07379f3c8,4721c12b-0a1b-5b6a-9fb3-cb0b40d23bfb,2026-09-04,SP021,195,100,median,30,19.01,18.21,12.94,8.0,6.07,61.7,92.3,14,N2,within,development_rehearsal,decae4e9-42b9-5926-af37-67846ec694dd|5ea7576a-e060-5655-bd78-d5ecf6fe5795|92e45a17-1160-5f59-92ba-dfeb1b4c7094|f78fa197-62ff-517a-911d-b807527b63a6|f8c75360-6a72-537b-9810-5193e1b0b364|88cbf2b2-0a60-5954-93f6-e6fc502c11ee|627a9b23-50d3-5114-8c3c-2a801cbef8e5|e29541f2-fd3f-5060-8f88-349fa39717bd|5a322e8c-567a-5b51-b633-f9e3684b7b0a|44aee22f-50e9-503c-96b1-f7ba7ca50250|7a315f66-6873-5b3c-b4f5-2713b8951a8c|81ebcadf-9ab0-59e2-804e-ca1e88e92035|5e7ed280-43db-5faa-bd5c-8cb21720ff39|80213d58-bde1-585d-9179-c53038f0d8b1|056f8c29-429e-5ca0-866c-f639e66ebf45,b8b18138ed6e9ba3359306856fe803b95f00af81115f2cf3c98e06f9157751fd,zenit-simulated-feature-snapshot-v1,simulated,False,False,False,False
c49cb1d3-f9ee-5338-8f25-a97f3d0ac0c8,046003bd-58ac-5aca-8364-c934ce6319c8,2026-09-04,SP021,195,100,right,30,23.32,22.18,16.91,11.52,6.41,49.8,63.8,18,N2,within,development_rehearsal,c8a5648d-3c36-5677-9097-c21ed3701559|d4b02cd0-65ac-58bb-a6de-5b51bab4f405|35b5d334-ed68-5dcc-8ed4-216a7b489f63|b4ccafaa-c0c8-5456-a52b-8ce1ed8b3487|cf302f97-5aef-5d2f-a54c-8d80c6332055|479cc1ff-6273-5987-b4e7-0a17dcf0520a|c300c41f-ec1c-51fb-8f8f-3260d417098e|f5c8cd88-f1d7-5e43-b92e-b6a36eace80d|ef7eda18-6350-5511-8dde-3b60f303a0c1|9bb3e26b-fb01-5109-bd27-e2fcacbc861b|b8ee09ba-51b5-5ccf-aa4c-f593fdcade4f|e9357b8a-d248-5400-b177-3dec0eb32c8b|1d1841ab-d6e2-557d-af6e-22814b84d34b|42b41909-f23d-5d39-a5b8-bcf53db11ec1|ca997823-e94f-5f97-9bac-36966f83aaba,4bd346c258870b891473dfb0d5b1c7351ef89e10727b66fd33994b1ce59a9553,zenit-simulated-feature-snapshot-v1,simulated,False,False,False,False
36c27d1d-d27b-5306-890c-04764125fd38,23232185-5c98-523a-a8a5-d53254b8a0d8,2026-09-04,SP021,195,100,special,10,12.3,11.8,7.82,12.64,4.48,39.7,76.1,12,N2,exceeds,development_rehearsal,f7c2ae30-9e99-577f-8938-e5eba65ab0dc|973d8cad-7378-56cd-91d9-519602d9f609|609afeec-4a18-59c7-a74f-cd5aa9879e6a|efef047e-7f24-5209-a250-e3960d080706|4bf8507a-2ab7-5d90-be1c-e3e61c61981b|7a2281b9-9673-5e17-965a-277acad63013|c2034b90-d504-5be0-9a12-4400154d83a4|747ec439-23cb-50ed-91d8-b1ad5ea81f1f|760eb06f-ad03-567d-ac96-9da027898626|665c94cf-d686-5c72-9f98-bdcee92265d9|281b9648-0e67-5d86-983b-52f46d089b3e|5cb819fc-3af9-53fb-953c-fa04dc824ee3|2f579fd9-239e-54b6-80f8-410dab3e30fb|1de247e1-dba9-5453-8ebc-701d79fe285d|24fe0633-95e2-5123-b014-b0680b60df7e,53991111678bc7ac15fe99dcd4941b5aa8d9e7723b1f62fe68fb2fda012672a2,zenit-simulated-feature-snapshot-v1,simulated,False,False,False,False
3b673156-3470-5f0f-bd8c-182aff3dc4bf,00cb94fd-970b-5652-b9e8-aa30d6d12bc3,2026-09-05,SP021,195,100,left,30,25.8,25.05,20.65,15.08,5.15,38.7,83.6,23,N2,within,development_rehearsal,28eb96cf-12ec-58f6-b471-8041c5272c8c|d22a7f69-24ad-546e-9554-d35c5487f440|bd4321a7-1fe9-56aa-8055-f0bae4d03068|8a67db23-df8f-5e11-9bcd-d4a0b41943a4|33bef4d8-fa74-5961-80fa-8d16321b7caf|ff1a7708-0411-5d98-90a8-d65b7b9feb61|fb279b2e-e361-5039-9021-8520ece09635|bd56f370-566b-56a3-88ed-329bc57024ba|9d52b5d8-2d2d-53bc-b99a-44cf1f9fe073|31e1699f-0747-5444-ace8-61e042b0c511|9f2a80ae-f16b-53ff-832e-b6f25bc2f06b|b6ce4131-8cfe-5652-a434-f036ea58bec7|ebd930f2-ff62-5b57-936b-10e62ced0475|ac8a7260-327e-5c90-863a-0f90badae887|fb3b1abc-210c-5756-84b7-b28348207381,a5b8fb5fa3065467137c04f2c88648876ca72926c4562f601b8d2ce8b42f87b7,zenit-simulated-feature-snapshot-v1,simulated,False,False,False,False
f6be34b7-212f-512f-b70d-1213fe87ab1a,4721c12b-0a1b-5b6a-9fb3-cb0b40d23bfb,2026-09-05,SP021,195,100,median,30,19.75,19.01,13.94,8.73,5.81,52.6,92.2,15,N2,within,development_rehearsal,5ea7576a-e060-5655-bd78-d5ecf6fe5795|92e45a17-1160-5f59-92ba-dfeb1b4c7094|f78fa197-62ff-517a-911d-b807527b63a6|f8c75360-6a72-537b-9810-5193e1b0b364|88cbf2b2-0a60-5954-93f6-e6fc502c11ee|627a9b23-50d3-5114-8c3c-2a801cbef8e5|e29541f2-fd3f-5060-8f88-349fa39717bd|5a322e8c-567a-5b51-b633-f9e3684b7b0a|44aee22f-50e9-503c-96b1-f7ba7ca50250|7a315f66-6873-5b3c-b4f5-2713b8951a8c|81ebcadf-9ab0-59e2-804e-ca1e88e92035|5e7ed280-43db-5faa-bd5c-8cb21720ff39|80213d58-bde1-585d-9179-c53038f0d8b1|056f8c29-429e-5ca0-866c-f639e66ebf45|6d21e279-1b6a-5d3c-af85-da083bde8026,06e126fe07afe072f32d80606c3ac8553c56dcc8d17a716419a706d869f8da9e,zenit-simulated-feature-snapshot-v1,simulated,False,False,False,False
efc146fd-c4a1-5ef6-9ab9-505fcae56b78,046003bd-58ac-5aca-8364-c934ce6319c8,2026-09-05,SP021,195,100,right,30,24.18,23.32,17.66,12.5,6.52,46.9,58.0,19,N2,within,development_rehearsal,d4b02cd0-65ac-58bb-a6de-5b51bab4f405|35b5d334-ed68-5dcc-8ed4-216a7b489f63|b4ccafaa-c0c8-5456-a52b-8ce1ed8b3487|cf302f97-5aef-5d2f-a54c-8d80c6332055|479cc1ff-6273-5987-b4e7-0a17dcf0520a|c300c41f-ec1c-51fb-8f8f-3260d417098e|f5c8cd88-f1d7-5e43-b92e-b6a36eace80d|ef7eda18-6350-5511-8dde-3b60f303a0c1|9bb3e26b-fb01-5109-bd27-e2fcacbc861b|b8ee09ba-51b5-5ccf-aa4c-f593fdcade4f|e9357b8a-d248-5400-b177-3dec0eb32c8b|1d1841ab-d6e2-557d-af6e-22814b84d34b|42b41909-f23d-5d39-a5b8-bcf53db11ec1|ca997823-e94f-5f97-9bac-36966f83aaba|602036bb-fd6f-5ee1-be18-110a38e347e6,320be868a7fdcf3152cce0ef027d6c76795ab0f8ed0427cf642eb92948ecb097,zenit-simulated-feature-snapshot-v1,simulated,False,False,False,False
3ebc6e5e-8324-55bf-af46-d5da49e6063c,23232185-5c98-523a-a8a5-d53254b8a0d8,2026-09-05,SP021,195,100,special,10,12.97,12.3,8.62,13.02,4.35,42.7,86.5,13,N2,exceeds,development_rehearsal,973d8cad-7378-56cd-91d9-519602d9f609|609afeec-4a18-59c7-a74f-cd5aa9879e6a|efef047e-7f24-5209-a250-e3960d080706|4bf8507a-2ab7-5d90-be1c-e3e61c61981b|7a2281b9-9673-5e17-965a-277acad63013|c2034b90-d504-5be0-9a12-4400154d83a4|747ec439-23cb-50ed-91d8-b1ad5ea81f1f|760eb06f-ad03-567d-ac96-9da027898626|665c94cf-d686-5c72-9f98-bdcee92265d9|281b9648-0e67-5d86-983b-52f46d089b3e|5cb819fc-3af9-53fb-953c-fa04dc824ee3|2f579fd9-239e-54b6-80f8-410dab3e30fb|1de247e1-dba9-5453-8ebc-701d79fe285d|24fe0633-95e2-5123-b014-b0680b60df7e|937cc0a6-b36a-5cad-8d05-57efe808dac6,3140ce1a002473eabab5cb0bdafebf559b7eedeefe407762318a5013d4dd4f09,zenit-simulated-feature-snapshot-v1,simulated,False,False,False,False
f9781eee-3f54-5d39-b1bb-916b47b8e002,00cb94fd-970b-5652-b9e8-aa30d6d12bc3,2026-09-06,SP021,195,100,left,30,26.74,25.8,21.31,15.95,5.43,39.0,79.2,24,N2,within,development_rehearsal,d22a7f69-24ad-546e-9554-d35c5487f440|bd4321a7-1fe9-56aa-8055-f0bae4d03068|8a67db23-df8f-5e11-9bcd-d4a0b41943a4|33bef4d8-fa74-5961-80fa-8d16321b7caf|ff1a7708-0411-5d98-90a8-d65b7b9feb61|fb279b2e-e361-5039-9021-8520ece09635|bd56f370-566b-56a3-88ed-329bc57024ba|9d52b5d8-2d2d-53bc-b99a-44cf1f9fe073|31e1699f-0747-5444-ace8-61e042b0c511|9f2a80ae-f16b-53ff-832e-b6f25bc2f06b|b6ce4131-8cfe-5652-a434-f036ea58bec7|ebd930f2-ff62-5b57-936b-10e62ced0475|ac8a7260-327e-5c90-863a-0f90badae887|fb3b1abc-210c-5756-84b7-b28348207381|54b88f2e-3341-514e-b044-b15478a4fb0f,3b25f79ee0262691ead6ada4da8098b1dbc389f6c1ed38efb7dcb437b320e210,zenit-simulated-feature-snapshot-v1,simulated,False,False,False,False
7ec8f2e1-ef95-5b7b-9dc7-8896b13e6936,4721c12b-0a1b-5b6a-9fb3-cb0b40d23bfb,2026-09-06,SP021,195,100,median,30,20.34,19.75,14.82,9.33,5.52,46.9,89.2,16,N2,within,development_rehearsal,92e45a17-1160-5f59-92ba-dfeb1b4c7094|f78fa197-62ff-517a-911d-b807527b63a6|f8c75360-6a72-537b-9810-5193e1b0b364|88cbf2b2-0a60-5954-93f6-e6fc502c11ee|627a9b23-50d3-5114-8c3c-2a801cbef8e5|e29541f2-fd3f-5060-8f88-349fa39717bd|5a322e8c-567a-5b51-b633-f9e3684b7b0a|44aee22f-50e9-503c-96b1-f7ba7ca50250|7a315f66-6873-5b3c-b4f5-2713b8951a8c|81ebcadf-9ab0-59e2-804e-ca1e88e92035|5e7ed280-43db-5faa-bd5c-8cb21720ff39|80213d58-bde1-585d-9179-c53038f0d8b1|056f8c29-429e-5ca0-866c-f639e66ebf45|6d21e279-1b6a-5d3c-af85-da083bde8026|2d7bc09f-eafe-5e0e-88be-bfda8b9430c7,d83668c5389e057cc100515ef159d2735cc755df46dd1aea26534a580caa76c9,zenit-simulated-feature-snapshot-v1,simulated,False,False,False,False
c1f6b4df-fca8-52c2-b0e9-c267846eac65,046003bd-58ac-5aca-8364-c934ce6319c8,2026-09-06,SP021,195,100,right,30,24.97,24.18,18.72,13.21,6.25,46.6,64.8,20,N2,within,development_rehearsal,35b5d334-ed68-5dcc-8ed4-216a7b489f63|b4ccafaa-c0c8-5456-a52b-8ce1ed8b3487|cf302f97-5aef-5d2f-a54c-8d80c6332055|479cc1ff-6273-5987-b4e7-0a17dcf0520a|c300c41f-ec1c-51fb-8f8f-3260d417098e|f5c8cd88-f1d7-5e43-b92e-b6a36eace80d|ef7eda18-6350-5511-8dde-3b60f303a0c1|9bb3e26b-fb01-5109-bd27-e2fcacbc861b|b8ee09ba-51b5-5ccf-aa4c-f593fdcade4f|e9357b8a-d248-5400-b177-3dec0eb32c8b|1d1841ab-d6e2-557d-af6e-22814b84d34b|42b41909-f23d-5d39-a5b8-bcf53db11ec1|ca997823-e94f-5f97-9bac-36966f83aaba|602036bb-fd6f-5ee1-be18-110a38e347e6|db195a55-a2ee-5bed-827b-e59c8570dac7,63afa1af3e70d296aa9cae9793af2791e86bc8bb548aaed511e1837efea14e7c,zenit-simulated-feature-snapshot-v1,simulated,False,False,False,False
537d0a11-b729-5594-b137-17e4fe5dca2c,23232185-5c98-523a-a8a5-d53254b8a0d8,2026-09-06,SP021,195,100,special,10,5.0,12.97,9.42,5.0,3.91,33.3,81.3,0,N1,within,development_rehearsal,609afeec-4a18-59c7-a74f-cd5aa9879e6a|efef047e-7f24-5209-a250-e3960d080706|4bf8507a-2ab7-5d90-be1c-e3e61c61981b|7a2281b9-9673-5e17-965a-277acad63013|c2034b90-d504-5be0-9a12-4400154d83a4|747ec439-23cb-50ed-91d8-b1ad5ea81f1f|760eb06f-ad03-567d-ac96-9da027898626|665c94cf-d686-5c72-9f98-bdcee92265d9|281b9648-0e67-5d86-983b-52f46d089b3e|5cb819fc-3af9-53fb-953c-fa04dc824ee3|2f579fd9-239e-54b6-80f8-410dab3e30fb|1de247e1-dba9-5453-8ebc-701d79fe285d|24fe0633-95e2-5123-b014-b0680b60df7e|937cc0a6-b36a-5cad-8d05-57efe808dac6|92edce4e-8868-578f-b63b-4c1ba7f01fc4,a0ea2a99f06e6e1941304b2226b734b597eadb6f2539020ade93e27085aa5573,zenit-simulated-feature-snapshot-v1,simulated,False,False,False,False
ea56fdf1-9f88-5044-b821-70267e2ce3d4,00cb94fd-970b-5652-b9e8-aa30d6d12bc3,2026-09-07,SP021,195,100,left,30,27.49,26.74,21.92,16.89,5.57,46.7,78.3,25,N2,within,development_rehearsal,bd4321a7-1fe9-56aa-8055-f0bae4d03068|8a67db23-df8f-5e11-9bcd-d4a0b41943a4|33bef4d8-fa74-5961-80fa-8d16321b7caf|ff1a7708-0411-5d98-90a8-d65b7b9feb61|fb279b2e-e361-5039-9021-8520ece09635|bd56f370-566b-56a3-88ed-329bc57024ba|9d52b5d8-2d2d-53bc-b99a-44cf1f9fe073|31e1699f-0747-5444-ace8-61e042b0c511|9f2a80ae-f16b-53ff-832e-b6f25bc2f06b|b6ce4131-8cfe-5652-a434-f036ea58bec7|ebd930f2-ff62-5b57-936b-10e62ced0475|ac8a7260-327e-5c90-863a-0f90badae887|fb3b1abc-210c-5756-84b7-b28348207381|54b88f2e-3341-514e-b044-b15478a4fb0f|3021b8e0-1082-5da8-b04e-bf50eef64954,4d985d84fba4b1bc061f7d354b823a12bf33c209106f861f08b3291d901a83f4,zenit-simulated-feature-snapshot-v1,simulated,False,False,False,False
78ba505d-b1e5-5150-9500-52cfcfca1dba,4721c12b-0a1b-5b6a-9fb3-cb0b40d23bfb,2026-09-07,SP021,195,100,median,30,20.93,20.34,15.62,10.03,5.31,39.3,85.3,17,N2,within,development_rehearsal,f78fa197-62ff-517a-911d-b807527b63a6|f8c75360-6a72-537b-9810-5193e1b0b364|88cbf2b2-0a60-5954-93f6-e6fc502c11ee|627a9b23-50d3-5114-8c3c-2a801cbef8e5|e29541f2-fd3f-5060-8f88-349fa39717bd|5a322e8c-567a-5b51-b633-f9e3684b7b0a|44aee22f-50e9-503c-96b1-f7ba7ca50250|7a315f66-6873-5b3c-b4f5-2713b8951a8c|81ebcadf-9ab0-59e2-804e-ca1e88e92035|5e7ed280-43db-5faa-bd5c-8cb21720ff39|80213d58-bde1-585d-9179-c53038f0d8b1|056f8c29-429e-5ca0-866c-f639e66ebf45|6d21e279-1b6a-5d3c-af85-da083bde8026|2d7bc09f-eafe-5e0e-88be-bfda8b9430c7|6f666375-69e8-5dd3-ac75-39fd6077d50c,1f39a991ae95ee5f2ed4a150d65e8783d8804ce1b3fa31432d98e7ac4c3190d7,zenit-simulated-feature-snapshot-v1,simulated,False,False,False,False
7f99c253-9513-5620-b213-6aee0c1f60c8,046003bd-58ac-5aca-8364-c934ce6319c8,2026-09-07,SP021,195,100,right,30,25.86,24.97,19.54,13.91,6.32,47.6,62.7,21,N2,within,development_rehearsal,b4ccafaa-c0c8-5456-a52b-8ce1ed8b3487|cf302f97-5aef-5d2f-a54c-8d80c6332055|479cc1ff-6273-5987-b4e7-0a17dcf0520a|c300c41f-ec1c-51fb-8f8f-3260d417098e|f5c8cd88-f1d7-5e43-b92e-b6a36eace80d|ef7eda18-6350-5511-8dde-3b60f303a0c1|9bb3e26b-fb01-5109-bd27-e2fcacbc861b|b8ee09ba-51b5-5ccf-aa4c-f593fdcade4f|e9357b8a-d248-5400-b177-3dec0eb32c8b|1d1841ab-d6e2-557d-af6e-22814b84d34b|42b41909-f23d-5d39-a5b8-bcf53db11ec1|ca997823-e94f-5f97-9bac-36966f83aaba|602036bb-fd6f-5ee1-be18-110a38e347e6|db195a55-a2ee-5bed-827b-e59c8570dac7|43cce4d8-58b4-5c2b-b29b-8092f68d38ce,6dba5046c834a6934df1a934829d7eb4ea0613f9809ba58ad3a172d0c887924c,zenit-simulated-feature-snapshot-v1,simulated,False,False,False,False
af6e22cc-0be7-5cff-8ca3-6783fb80fce8,23232185-5c98-523a-a8a5-d53254b8a0d8,2026-09-07,SP021,195,100,special,10,5.59,5.0,10.26,5.56,3.66,29.0,84.0,1,N1,within,development_rehearsal,efef047e-7f24-5209-a250-e3960d080706|4bf8507a-2ab7-5d90-be1c-e3e61c61981b|7a2281b9-9673-5e17-965a-277acad63013|c2034b90-d504-5be0-9a12-4400154d83a4|747ec439-23cb-50ed-91d8-b1ad5ea81f1f|760eb06f-ad03-567d-ac96-9da027898626|665c94cf-d686-5c72-9f98-bdcee92265d9|281b9648-0e67-5d86-983b-52f46d089b3e|5cb819fc-3af9-53fb-953c-fa04dc824ee3|2f579fd9-239e-54b6-80f8-410dab3e30fb|1de247e1-dba9-5453-8ebc-701d79fe285d|24fe0633-95e2-5123-b014-b0680b60df7e|937cc0a6-b36a-5cad-8d05-57efe808dac6|92edce4e-8868-578f-b63b-4c1ba7f01fc4|020b562c-e5e8-5bcf-a60e-881a6c8e8e5b,5db6abf3f51af8771a5fbc0d0c055ef7eb306a434507c99eb6c20126c1a89044,zenit-simulated-feature-snapshot-v1,simulated,False,False,False,False
97149475-c12b-578c-8c22-4d1ff05bfe99,00cb94fd-970b-5652-b9e8-aa30d6d12bc3,2026-09-08,SP021,195,100,left,30,28.07,27.49,22.53,17.53,5.54,48.6,75.1,26,N2,within,development_rehearsal,8a67db23-df8f-5e11-9bcd-d4a0b41943a4|33bef4d8-fa74-5961-80fa-8d16321b7caf|ff1a7708-0411-5d98-90a8-d65b7b9feb61|fb279b2e-e361-5039-9021-8520ece09635|bd56f370-566b-56a3-88ed-329bc57024ba|9d52b5d8-2d2d-53bc-b99a-44cf1f9fe073|31e1699f-0747-5444-ace8-61e042b0c511|9f2a80ae-f16b-53ff-832e-b6f25bc2f06b|b6ce4131-8cfe-5652-a434-f036ea58bec7|ebd930f2-ff62-5b57-936b-10e62ced0475|ac8a7260-327e-5c90-863a-0f90badae887|fb3b1abc-210c-5756-84b7-b28348207381|54b88f2e-3341-514e-b044-b15478a4fb0f|3021b8e0-1082-5da8-b04e-bf50eef64954|6dfa43b4-61bf-5215-9581-f5016b6220e4,b51aaa63210a63e080857cd0b4b308cbacb78955bd2088dfab4472cac64c81d0,zenit-simulated-feature-snapshot-v1,simulated,False,False,False,False
6d541dd4-ec4d-5760-9319-22094dfdf4ba,4721c12b-0a1b-5b6a-9fb3-cb0b40d23bfb,2026-09-08,SP021,195,100,median,30,21.75,20.93,16.4,10.89,5.35,40.6,83.0,18,N2,within,development_rehearsal,f8c75360-6a72-537b-9810-5193e1b0b364|88cbf2b2-0a60-5954-93f6-e6fc502c11ee|627a9b23-50d3-5114-8c3c-2a801cbef8e5|e29541f2-fd3f-5060-8f88-349fa39717bd|5a322e8c-567a-5b51-b633-f9e3684b7b0a|44aee22f-50e9-503c-96b1-f7ba7ca50250|7a315f66-6873-5b3c-b4f5-2713b8951a8c|81ebcadf-9ab0-59e2-804e-ca1e88e92035|5e7ed280-43db-5faa-bd5c-8cb21720ff39|80213d58-bde1-585d-9179-c53038f0d8b1|056f8c29-429e-5ca0-866c-f639e66ebf45|6d21e279-1b6a-5d3c-af85-da083bde8026|2d7bc09f-eafe-5e0e-88be-bfda8b9430c7|6f666375-69e8-5dd3-ac75-39fd6077d50c|3a805f86-1a94-5882-a6f8-97fcec1d3f85,bd01e0bd576cded39eceb2702831c9a25f82793e7ba0e999d6fd2a3f98d18980,zenit-simulated-feature-snapshot-v1,simulated,False,False,False,False
242b8ea6-2175-5e07-9abe-1e52944ae739,046003bd-58ac-5aca-8364-c934ce6319c8,2026-09-08,SP021,195,100,right,30,26.79,25.86,20.38,14.71,6.41,49.5,70.7,22,N2,within,development_rehearsal,cf302f97-5aef-5d2f-a54c-8d80c6332055|479cc1ff-6273-5987-b4e7-0a17dcf0520a|c300c41f-ec1c-51fb-8f8f-3260d417098e|f5c8cd88-f1d7-5e43-b92e-b6a36eace80d|ef7eda18-6350-5511-8dde-3b60f303a0c1|9bb3e26b-fb01-5109-bd27-e2fcacbc861b|b8ee09ba-51b5-5ccf-aa4c-f593fdcade4f|e9357b8a-d248-5400-b177-3dec0eb32c8b|1d1841ab-d6e2-557d-af6e-22814b84d34b|42b41909-f23d-5d39-a5b8-bcf53db11ec1|ca997823-e94f-5f97-9bac-36966f83aaba|602036bb-fd6f-5ee1-be18-110a38e347e6|db195a55-a2ee-5bed-827b-e59c8570dac7|43cce4d8-58b4-5c2b-b29b-8092f68d38ce|2672d9da-fa3c-5974-bcdf-655897a26b6b,c4c62aeccc9b17a58e378f18a5f645d63b8a7a8799b3fa936a8bbff02ca63b5c,zenit-simulated-feature-snapshot-v1,simulated,False,False,False,False
1b25c058-5db9-521c-bada-9ebe4b93f6e9,23232185-5c98-523a-a8a5-d53254b8a0d8,2026-09-08,SP021,195,100,special,10,6.27,5.59,10.95,6.12,3.65,25.6,80.2,2,N1,within,development_rehearsal,4bf8507a-2ab7-5d90-be1c-e3e61c61981b|7a2281b9-9673-5e17-965a-277acad63013|c2034b90-d504-5be0-9a12-4400154d83a4|747ec439-23cb-50ed-91d8-b1ad5ea81f1f|760eb06f-ad03-567d-ac96-9da027898626|665c94cf-d686-5c72-9f98-bdcee92265d9|281b9648-0e67-5d86-983b-52f46d089b3e|5cb819fc-3af9-53fb-953c-fa04dc824ee3|2f579fd9-239e-54b6-80f8-410dab3e30fb|1de247e1-dba9-5453-8ebc-701d79fe285d|24fe0633-95e2-5123-b014-b0680b60df7e|937cc0a6-b36a-5cad-8d05-57efe808dac6|92edce4e-8868-578f-b63b-4c1ba7f01fc4|020b562c-e5e8-5bcf-a60e-881a6c8e8e5b|02a6caeb-8430-53e0-a90f-d036349988e4,ad4ed5e3ee91975616b48a3c6793d03f4359e49258e6c8acf31a402c56a7aa2f,zenit-simulated-feature-snapshot-v1,simulated,False,False,False,False
96c5e7c9-2abe-5eca-99e0-3e029d1e6fa0,00cb94fd-970b-5652-b9e8-aa30d6d12bc3,2026-09-09,SP021,195,100,left,30,29.02,28.07,23.55,18.29,5.47,44.8,82.8,27,N2,within,development_rehearsal,33bef4d8-fa74-5961-80fa-8d16321b7caf|ff1a7708-0411-5d98-90a8-d65b7b9feb61|fb279b2e-e361-5039-9021-8520ece09635|bd56f370-566b-56a3-88ed-329bc57024ba|9d52b5d8-2d2d-53bc-b99a-44cf1f9fe073|31e1699f-0747-5444-ace8-61e042b0c511|9f2a80ae-f16b-53ff-832e-b6f25bc2f06b|b6ce4131-8cfe-5652-a434-f036ea58bec7|ebd930f2-ff62-5b57-936b-10e62ced0475|ac8a7260-327e-5c90-863a-0f90badae887|fb3b1abc-210c-5756-84b7-b28348207381|54b88f2e-3341-514e-b044-b15478a4fb0f|3021b8e0-1082-5da8-b04e-bf50eef64954|6dfa43b4-61bf-5215-9581-f5016b6220e4|eaa1b81c-f115-51e5-b200-9c7535a0f2bf,c047134b89608163efc6f581c20bfa41e05fd2cd689a84d5f775367059458df9,zenit-simulated-feature-snapshot-v1,simulated,False,False,False,False
07254f83-8fc0-5be7-8a80-af0d4d6d8277,4721c12b-0a1b-5b6a-9fb3-cb0b40d23bfb,2026-09-09,SP021,195,100,median,30,22.25,21.75,17.3,11.42,4.95,28.7,83.0,19,N2,within,development_rehearsal,88cbf2b2-0a60-5954-93f6-e6fc502c11ee|627a9b23-50d3-5114-8c3c-2a801cbef8e5|e29541f2-fd3f-5060-8f88-349fa39717bd|5a322e8c-567a-5b51-b633-f9e3684b7b0a|44aee22f-50e9-503c-96b1-f7ba7ca50250|7a315f66-6873-5b3c-b4f5-2713b8951a8c|81ebcadf-9ab0-59e2-804e-ca1e88e92035|5e7ed280-43db-5faa-bd5c-8cb21720ff39|80213d58-bde1-585d-9179-c53038f0d8b1|056f8c29-429e-5ca0-866c-f639e66ebf45|6d21e279-1b6a-5d3c-af85-da083bde8026|2d7bc09f-eafe-5e0e-88be-bfda8b9430c7|6f666375-69e8-5dd3-ac75-39fd6077d50c|3a805f86-1a94-5882-a6f8-97fcec1d3f85|83edd250-ff15-546e-ae4e-03272b61545a,26422fa93a9db90777849b417b67f7e8ba58b61304534c1c17073b9abda80cc8,zenit-simulated-feature-snapshot-v1,simulated,False,False,False,False
2d77715b-fa7a-5a89-a179-8acbd0e50b91,046003bd-58ac-5aca-8364-c934ce6319c8,2026-09-09,SP021,195,100,right,30,27.55,26.79,21.39,15.36,6.16,40.3,72.4,23,N2,within,development_rehearsal,479cc1ff-6273-5987-b4e7-0a17dcf0520a|c300c41f-ec1c-51fb-8f8f-3260d417098e|f5c8cd88-f1d7-5e43-b92e-b6a36eace80d|ef7eda18-6350-5511-8dde-3b60f303a0c1|9bb3e26b-fb01-5109-bd27-e2fcacbc861b|b8ee09ba-51b5-5ccf-aa4c-f593fdcade4f|e9357b8a-d248-5400-b177-3dec0eb32c8b|1d1841ab-d6e2-557d-af6e-22814b84d34b|42b41909-f23d-5d39-a5b8-bcf53db11ec1|ca997823-e94f-5f97-9bac-36966f83aaba|602036bb-fd6f-5ee1-be18-110a38e347e6|db195a55-a2ee-5bed-827b-e59c8570dac7|43cce4d8-58b4-5c2b-b29b-8092f68d38ce|2672d9da-fa3c-5974-bcdf-655897a26b6b|cb7ee299-d8e9-5551-950a-6210c10f9726,ecb60925f7d291b8c948d9c49b2dfba24c6bbbafe42fd82fe71b6a9bdb1adada,zenit-simulated-feature-snapshot-v1,simulated,False,False,False,False
d0ccac03-e03e-5a48-a9a5-3ba37a764a26,23232185-5c98-523a-a8a5-d53254b8a0d8,2026-09-09,SP021,195,100,special,10,6.83,6.27,11.43,6.8,3.73,30.9,78.3,3,N1,within,development_rehearsal,7a2281b9-9673-5e17-965a-277acad63013|c2034b90-d504-5be0-9a12-4400154d83a4|747ec439-23cb-50ed-91d8-b1ad5ea81f1f|760eb06f-ad03-567d-ac96-9da027898626|665c94cf-d686-5c72-9f98-bdcee92265d9|281b9648-0e67-5d86-983b-52f46d089b3e|5cb819fc-3af9-53fb-953c-fa04dc824ee3|2f579fd9-239e-54b6-80f8-410dab3e30fb|1de247e1-dba9-5453-8ebc-701d79fe285d|24fe0633-95e2-5123-b014-b0680b60df7e|937cc0a6-b36a-5cad-8d05-57efe808dac6|92edce4e-8868-578f-b63b-4c1ba7f01fc4|020b562c-e5e8-5bcf-a60e-881a6c8e8e5b|02a6caeb-8430-53e0-a90f-d036349988e4|e1981eba-5957-5a96-9dd0-dc9cb18cbfb9,8c55d73983579934ebc7efcb2911de41073f8add3d2dde42cf98b59fd0836b4c,zenit-simulated-feature-snapshot-v1,simulated,False,False,False,False
55dd670d-8e2f-56a7-a4ec-9533bec2c6d1,00cb94fd-970b-5652-b9e8-aa30d6d12bc3,2026-09-10,SP021,195,100,left,30,29.57,29.02,24.06,19.14,5.51,44.8,74.8,28,N2,within,development_rehearsal,ff1a7708-0411-5d98-90a8-d65b7b9feb61|fb279b2e-e361-5039-9021-8520ece09635|bd56f370-566b-56a3-88ed-329bc57024ba|9d52b5d8-2d2d-53bc-b99a-44cf1f9fe073|31e1699f-0747-5444-ace8-61e042b0c511|9f2a80ae-f16b-53ff-832e-b6f25bc2f06b|b6ce4131-8cfe-5652-a434-f036ea58bec7|ebd930f2-ff62-5b57-936b-10e62ced0475|ac8a7260-327e-5c90-863a-0f90badae887|fb3b1abc-210c-5756-84b7-b28348207381|54b88f2e-3341-514e-b044-b15478a4fb0f|3021b8e0-1082-5da8-b04e-bf50eef64954|6dfa43b4-61bf-5215-9581-f5016b6220e4|eaa1b81c-f115-51e5-b200-9c7535a0f2bf|19abc899-194a-50f6-8f4e-5360c951b391,547872f094eba243659e1f76e6f26ec529ac16be9f21c6747b5499f3d3622fe2,zenit-simulated-feature-snapshot-v1,simulated,False,False,False,False
bc40712e-fb40-5edc-aceb-5a032034e66d,4721c12b-0a1b-5b6a-9fb3-cb0b40d23bfb,2026-09-10,SP021,195,100,median,30,23.11,22.25,18.21,12.21,4.9,25.0,83.4,20,N2,within,development_rehearsal,627a9b23-50d3-5114-8c3c-2a801cbef8e5|e29541f2-fd3f-5060-8f88-349fa39717bd|5a322e8c-567a-5b51-b633-f9e3684b7b0a|44aee22f-50e9-503c-96b1-f7ba7ca50250|7a315f66-6873-5b3c-b4f5-2713b8951a8c|81ebcadf-9ab0-59e2-804e-ca1e88e92035|5e7ed280-43db-5faa-bd5c-8cb21720ff39|80213d58-bde1-585d-9179-c53038f0d8b1|056f8c29-429e-5ca0-866c-f639e66ebf45|6d21e279-1b6a-5d3c-af85-da083bde8026|2d7bc09f-eafe-5e0e-88be-bfda8b9430c7|6f666375-69e8-5dd3-ac75-39fd6077d50c|3a805f86-1a94-5882-a6f8-97fcec1d3f85|83edd250-ff15-546e-ae4e-03272b61545a|ed26d4c0-0b2e-57f8-8bb1-faaf7651436c,fbe38150813cca07bc5f3ce197901358c9d89627a9f674a22731f88de09364f4,zenit-simulated-feature-snapshot-v1,simulated,False,False,False,False
3d4b4c0c-ddf8-56cc-a317-e2df4a806929,046003bd-58ac-5aca-8364-c934ce6319c8,2026-09-10,SP021,195,100,right,30,28.15,27.55,22.18,16.12,5.97,35.5,72.4,24,N2,within,development_rehearsal,c300c41f-ec1c-51fb-8f8f-3260d417098e|f5c8cd88-f1d7-5e43-b92e-b6a36eace80d|ef7eda18-6350-5511-8dde-3b60f303a0c1|9bb3e26b-fb01-5109-bd27-e2fcacbc861b|b8ee09ba-51b5-5ccf-aa4c-f593fdcade4f|e9357b8a-d248-5400-b177-3dec0eb32c8b|1d1841ab-d6e2-557d-af6e-22814b84d34b|42b41909-f23d-5d39-a5b8-bcf53db11ec1|ca997823-e94f-5f97-9bac-36966f83aaba|602036bb-fd6f-5ee1-be18-110a38e347e6|db195a55-a2ee-5bed-827b-e59c8570dac7|43cce4d8-58b4-5c2b-b29b-8092f68d38ce|2672d9da-fa3c-5974-bcdf-655897a26b6b|cb7ee299-d8e9-5551-950a-6210c10f9726|42d6c2b3-eefb-546e-a8b9-1d05a4fa79b4,e89b1c59a8b2007421f41708a3fbb68fd89da6b66e725b20b4c22d2bd32a9c12,zenit-simulated-feature-snapshot-v1,simulated,False,False,False,False
e3fbd9a7-85fb-5192-8fed-63471a34dc23,23232185-5c98-523a-a8a5-d53254b8a0d8,2026-09-10,SP021,195,100,special,10,7.72,6.83,11.8,7.27,4.25,40.8,86.1,4,N1,within,development_rehearsal,c2034b90-d504-5be0-9a12-4400154d83a4|747ec439-23cb-50ed-91d8-b1ad5ea81f1f|760eb06f-ad03-567d-ac96-9da027898626|665c94cf-d686-5c72-9f98-bdcee92265d9|281b9648-0e67-5d86-983b-52f46d089b3e|5cb819fc-3af9-53fb-953c-fa04dc824ee3|2f579fd9-239e-54b6-80f8-410dab3e30fb|1de247e1-dba9-5453-8ebc-701d79fe285d|24fe0633-95e2-5123-b014-b0680b60df7e|937cc0a6-b36a-5cad-8d05-57efe808dac6|92edce4e-8868-578f-b63b-4c1ba7f01fc4|020b562c-e5e8-5bcf-a60e-881a6c8e8e5b|02a6caeb-8430-53e0-a90f-d036349988e4|e1981eba-5957-5a96-9dd0-dc9cb18cbfb9|cf423b17-7678-5324-991c-5126ec7cd45c,470eddb1f5164b054bca74981943323b820e89eea32dd91eae19d0c89d097523,zenit-simulated-feature-snapshot-v1,simulated,False,False,False,False
ba64fade-0841-5454-a2ad-3de8e5beca2d,00cb94fd-970b-5652-b9e8-aa30d6d12bc3,2026-09-11,SP021,195,100,left,30,30.31,29.57,25.05,19.84,5.26,37.0,69.8,29,N3,exceeds,development_rehearsal,fb279b2e-e361-5039-9021-8520ece09635|bd56f370-566b-56a3-88ed-329bc57024ba|9d52b5d8-2d2d-53bc-b99a-44cf1f9fe073|31e1699f-0747-5444-ace8-61e042b0c511|9f2a80ae-f16b-53ff-832e-b6f25bc2f06b|b6ce4131-8cfe-5652-a434-f036ea58bec7|ebd930f2-ff62-5b57-936b-10e62ced0475|ac8a7260-327e-5c90-863a-0f90badae887|fb3b1abc-210c-5756-84b7-b28348207381|54b88f2e-3341-514e-b044-b15478a4fb0f|3021b8e0-1082-5da8-b04e-bf50eef64954|6dfa43b4-61bf-5215-9581-f5016b6220e4|eaa1b81c-f115-51e5-b200-9c7535a0f2bf|19abc899-194a-50f6-8f4e-5360c951b391|298586d5-75bb-5c7d-ab3c-6c735facbc98,c0790681ce3659b241310685a47986a519b7c794eb19af4dc3fc24bede69d10d,zenit-simulated-feature-snapshot-v1,simulated,False,False,False,False
c9c413e1-508c-531b-90c8-54140253dee6,4721c12b-0a1b-5b6a-9fb3-cb0b40d23bfb,2026-09-11,SP021,195,100,median,30,23.72,23.11,19.01,12.94,4.71,25.6,87.3,21,N2,within,development_rehearsal,e29541f2-fd3f-5060-8f88-349fa39717bd|5a322e8c-567a-5b51-b633-f9e3684b7b0a|44aee22f-50e9-503c-96b1-f7ba7ca50250|7a315f66-6873-5b3c-b4f5-2713b8951a8c|81ebcadf-9ab0-59e2-804e-ca1e88e92035|5e7ed280-43db-5faa-bd5c-8cb21720ff39|80213d58-bde1-585d-9179-c53038f0d8b1|056f8c29-429e-5ca0-866c-f639e66ebf45|6d21e279-1b6a-5d3c-af85-da083bde8026|2d7bc09f-eafe-5e0e-88be-bfda8b9430c7|6f666375-69e8-5dd3-ac75-39fd6077d50c|3a805f86-1a94-5882-a6f8-97fcec1d3f85|83edd250-ff15-546e-ae4e-03272b61545a|ed26d4c0-0b2e-57f8-8bb1-faaf7651436c|f144a952-1603-5229-b906-05bf41eaab1d,27e923e41adc18b74a342550b7dc2610c0c081d75a56d85c5e0c325991da5cfc,zenit-simulated-feature-snapshot-v1,simulated,False,False,False,False
6fdeaa3a-4048-55c0-9980-0717e3354efc,046003bd-58ac-5aca-8364-c934ce6319c8,2026-09-11,SP021,195,100,right,30,29.11,28.15,23.32,16.91,5.79,31.2,81.0,25,N2,within,development_rehearsal,f5c8cd88-f1d7-5e43-b92e-b6a36eace80d|ef7eda18-6350-5511-8dde-3b60f303a0c1|9bb3e26b-fb01-5109-bd27-e2fcacbc861b|b8ee09ba-51b5-5ccf-aa4c-f593fdcade4f|e9357b8a-d248-5400-b177-3dec0eb32c8b|1d1841ab-d6e2-557d-af6e-22814b84d34b|42b41909-f23d-5d39-a5b8-bcf53db11ec1|ca997823-e94f-5f97-9bac-36966f83aaba|602036bb-fd6f-5ee1-be18-110a38e347e6|db195a55-a2ee-5bed-827b-e59c8570dac7|43cce4d8-58b4-5c2b-b29b-8092f68d38ce|2672d9da-fa3c-5974-bcdf-655897a26b6b|cb7ee299-d8e9-5551-950a-6210c10f9726|42d6c2b3-eefb-546e-a8b9-1d05a4fa79b4|49581379-427a-5a24-b1b2-6cab794cb56c,55a530f05cf3c5563fd8d4582cea60c68af35ceaea012224b29969497feb568a,zenit-simulated-feature-snapshot-v1,simulated,False,False,False,False
7ab400a1-be1f-5fdb-8226-47f9509ff885,23232185-5c98-523a-a8a5-d53254b8a0d8,2026-09-11,SP021,195,100,special,10,8.45,7.72,12.3,7.82,4.48,47.8,87.5,5,N1,within,development_rehearsal,747ec439-23cb-50ed-91d8-b1ad5ea81f1f|760eb06f-ad03-567d-ac96-9da027898626|665c94cf-d686-5c72-9f98-bdcee92265d9|281b9648-0e67-5d86-983b-52f46d089b3e|5cb819fc-3af9-53fb-953c-fa04dc824ee3|2f579fd9-239e-54b6-80f8-410dab3e30fb|1de247e1-dba9-5453-8ebc-701d79fe285d|24fe0633-95e2-5123-b014-b0680b60df7e|937cc0a6-b36a-5cad-8d05-57efe808dac6|92edce4e-8868-578f-b63b-4c1ba7f01fc4|020b562c-e5e8-5bcf-a60e-881a6c8e8e5b|02a6caeb-8430-53e0-a90f-d036349988e4|e1981eba-5957-5a96-9dd0-dc9cb18cbfb9|cf423b17-7678-5324-991c-5126ec7cd45c|13a0e80d-c152-563d-893b-da18266e4ba4,d17c4790535865001278f11166be1c42e3e49da6185bff46a112b5f513261040,zenit-simulated-feature-snapshot-v1,simulated,False,False,False,False
c6f0aca9-b42e-5716-998e-77786bf3d45d,00cb94fd-970b-5652-b9e8-aa30d6d12bc3,2026-09-12,SP021,195,100,left,30,31.15,30.31,25.8,20.65,5.35,36.7,75.4,30,N3,exceeds,development_rehearsal,bd56f370-566b-56a3-88ed-329bc57024ba|9d52b5d8-2d2d-53bc-b99a-44cf1f9fe073|31e1699f-0747-5444-ace8-61e042b0c511|9f2a80ae-f16b-53ff-832e-b6f25bc2f06b|b6ce4131-8cfe-5652-a434-f036ea58bec7|ebd930f2-ff62-5b57-936b-10e62ced0475|ac8a7260-327e-5c90-863a-0f90badae887|fb3b1abc-210c-5756-84b7-b28348207381|54b88f2e-3341-514e-b044-b15478a4fb0f|3021b8e0-1082-5da8-b04e-bf50eef64954|6dfa43b4-61bf-5215-9581-f5016b6220e4|eaa1b81c-f115-51e5-b200-9c7535a0f2bf|19abc899-194a-50f6-8f4e-5360c951b391|298586d5-75bb-5c7d-ab3c-6c735facbc98|a1c723d0-6701-5117-ab05-f5fc3652d1e5,f03fe954d90105a129d3875f5e0bba80749557ba14ee6b031dddb2b3a41d6a4a,zenit-simulated-feature-snapshot-v1,simulated,False,False,False,False
684c0464-bde8-5b86-a527-0b4500669a1a,4721c12b-0a1b-5b6a-9fb3-cb0b40d23bfb,2026-09-12,SP021,195,100,median,30,24.28,23.72,19.75,13.94,4.53,26.0,78.6,22,N2,within,development_rehearsal,5a322e8c-567a-5b51-b633-f9e3684b7b0a|44aee22f-50e9-503c-96b1-f7ba7ca50250|7a315f66-6873-5b3c-b4f5-2713b8951a8c|81ebcadf-9ab0-59e2-804e-ca1e88e92035|5e7ed280-43db-5faa-bd5c-8cb21720ff39|80213d58-bde1-585d-9179-c53038f0d8b1|056f8c29-429e-5ca0-866c-f639e66ebf45|6d21e279-1b6a-5d3c-af85-da083bde8026|2d7bc09f-eafe-5e0e-88be-bfda8b9430c7|6f666375-69e8-5dd3-ac75-39fd6077d50c|3a805f86-1a94-5882-a6f8-97fcec1d3f85|83edd250-ff15-546e-ae4e-03272b61545a|ed26d4c0-0b2e-57f8-8bb1-faaf7651436c|f144a952-1603-5229-b906-05bf41eaab1d|8efe0597-7f55-5203-bc5f-c75fa032a2d7,7e123b62c7fcebc06ee2d3b7a8b888642f455a10cec79dc9668874fab34ba706,zenit-simulated-feature-snapshot-v1,simulated,False,False,False,False
2d1a0910-d576-53fc-8783-398c7cb27186,046003bd-58ac-5aca-8364-c934ce6319c8,2026-09-12,SP021,195,100,right,30,29.98,29.11,24.18,17.66,5.8,36.5,83.4,26,N2,within,development_rehearsal,ef7eda18-6350-5511-8dde-3b60f303a0c1|9bb3e26b-fb01-5109-bd27-e2fcacbc861b|b8ee09ba-51b5-5ccf-aa4c-f593fdcade4f|e9357b8a-d248-5400-b177-3dec0eb32c8b|1d1841ab-d6e2-557d-af6e-22814b84d34b|42b41909-f23d-5d39-a5b8-bcf53db11ec1|ca997823-e94f-5f97-9bac-36966f83aaba|602036bb-fd6f-5ee1-be18-110a38e347e6|db195a55-a2ee-5bed-827b-e59c8570dac7|43cce4d8-58b4-5c2b-b29b-8092f68d38ce|2672d9da-fa3c-5974-bcdf-655897a26b6b|cb7ee299-d8e9-5551-950a-6210c10f9726|42d6c2b3-eefb-546e-a8b9-1d05a4fa79b4|49581379-427a-5a24-b1b2-6cab794cb56c|d0213ca4-02b8-55d8-8237-752455257e60,75b01a10f20b3a93ff28d98d4ddfd02f3936eeae702c006cd76686b23d1e338e,zenit-simulated-feature-snapshot-v1,simulated,False,False,False,False
af49907d-5b5e-5656-9557-12e07e2c80fe,23232185-5c98-523a-a8a5-d53254b8a0d8,2026-09-12,SP021,195,100,special,10,9.03,8.45,12.97,8.62,4.39,35.6,78.3,6,N1,within,development_rehearsal,760eb06f-ad03-567d-ac96-9da027898626|665c94cf-d686-5c72-9f98-bdcee92265d9|281b9648-0e67-5d86-983b-52f46d089b3e|5cb819fc-3af9-53fb-953c-fa04dc824ee3|2f579fd9-239e-54b6-80f8-410dab3e30fb|1de247e1-dba9-5453-8ebc-701d79fe285d|24fe0633-95e2-5123-b014-b0680b60df7e|937cc0a6-b36a-5cad-8d05-57efe808dac6|92edce4e-8868-578f-b63b-4c1ba7f01fc4|020b562c-e5e8-5bcf-a60e-881a6c8e8e5b|02a6caeb-8430-53e0-a90f-d036349988e4|e1981eba-5957-5a96-9dd0-dc9cb18cbfb9|cf423b17-7678-5324-991c-5126ec7cd45c|13a0e80d-c152-563d-893b-da18266e4ba4|1ae2eeb3-72db-5577-b435-cc164bbcef68,30954f818a7746870aaf461d4295df227c384d47cd854cd6617e5f88a98b70cb,zenit-simulated-feature-snapshot-v1,simulated,False,False,False,False
aff1f6a3-c7b3-559f-b28f-3b1e749104a4,00cb94fd-970b-5652-b9e8-aa30d6d12bc3,2026-09-13,SP021,195,100,left,30,31.92,31.15,26.74,21.31,5.18,38.9,77.9,31,N3,exceeds,development_rehearsal,9d52b5d8-2d2d-53bc-b99a-44cf1f9fe073|31e1699f-0747-5444-ace8-61e042b0c511|9f2a80ae-f16b-53ff-832e-b6f25bc2f06b|b6ce4131-8cfe-5652-a434-f036ea58bec7|ebd930f2-ff62-5b57-936b-10e62ced0475|ac8a7260-327e-5c90-863a-0f90badae887|fb3b1abc-210c-5756-84b7-b28348207381|54b88f2e-3341-514e-b044-b15478a4fb0f|3021b8e0-1082-5da8-b04e-bf50eef64954|6dfa43b4-61bf-5215-9581-f5016b6220e4|eaa1b81c-f115-51e5-b200-9c7535a0f2bf|19abc899-194a-50f6-8f4e-5360c951b391|298586d5-75bb-5c7d-ab3c-6c735facbc98|a1c723d0-6701-5117-ab05-f5fc3652d1e5|eda797ef-756b-5808-b3e8-26f747960678,b5f4fc7e27af326ae76f9ae06c11fbdc81dc08a001346d5d908f673b1c901687,zenit-simulated-feature-snapshot-v1,simulated,False,False,False,False
2b629868-1c5e-5846-bce0-9306bbb5b668,4721c12b-0a1b-5b6a-9fb3-cb0b40d23bfb,2026-09-13,SP021,195,100,median,30,24.93,24.28,20.34,14.82,4.59,31.2,78.1,23,N2,within,development_rehearsal,44aee22f-50e9-503c-96b1-f7ba7ca50250|7a315f66-6873-5b3c-b4f5-2713b8951a8c|81ebcadf-9ab0-59e2-804e-ca1e88e92035|5e7ed280-43db-5faa-bd5c-8cb21720ff39|80213d58-bde1-585d-9179-c53038f0d8b1|056f8c29-429e-5ca0-866c-f639e66ebf45|6d21e279-1b6a-5d3c-af85-da083bde8026|2d7bc09f-eafe-5e0e-88be-bfda8b9430c7|6f666375-69e8-5dd3-ac75-39fd6077d50c|3a805f86-1a94-5882-a6f8-97fcec1d3f85|83edd250-ff15-546e-ae4e-03272b61545a|ed26d4c0-0b2e-57f8-8bb1-faaf7651436c|f144a952-1603-5229-b906-05bf41eaab1d|8efe0597-7f55-5203-bc5f-c75fa032a2d7|dc8ee188-f7b2-587c-88a3-8025ab62d730,b9cad6918e5a0209fdbf85902140e3034ce30c1d3c156ae99b94df77908f7d05,zenit-simulated-feature-snapshot-v1,simulated,False,False,False,False
e95f5fc5-15cf-54ec-909a-1893f8cde91d,046003bd-58ac-5aca-8364-c934ce6319c8,2026-09-13,SP021,195,100,right,30,30.71,29.98,24.97,18.72,5.74,32.0,78.6,27,N3,exceeds,development_rehearsal,9bb3e26b-fb01-5109-bd27-e2fcacbc861b|b8ee09ba-51b5-5ccf-aa4c-f593fdcade4f|e9357b8a-d248-5400-b177-3dec0eb32c8b|1d1841ab-d6e2-557d-af6e-22814b84d34b|42b41909-f23d-5d39-a5b8-bcf53db11ec1|ca997823-e94f-5f97-9bac-36966f83aaba|602036bb-fd6f-5ee1-be18-110a38e347e6|db195a55-a2ee-5bed-827b-e59c8570dac7|43cce4d8-58b4-5c2b-b29b-8092f68d38ce|2672d9da-fa3c-5974-bcdf-655897a26b6b|cb7ee299-d8e9-5551-950a-6210c10f9726|42d6c2b3-eefb-546e-a8b9-1d05a4fa79b4|49581379-427a-5a24-b1b2-6cab794cb56c|d0213ca4-02b8-55d8-8237-752455257e60|99c4ec38-054b-5a12-8db9-bad46c54ca71,190d4a263e67f3b50ccce96411c1eb0b8f6dcc5bb60b2e5fbf6c95050fae1784,zenit-simulated-feature-snapshot-v1,simulated,False,False,False,False
cbc18d86-48db-5777-a55e-2a0e8e5c0fb5,23232185-5c98-523a-a8a5-d53254b8a0d8,2026-09-13,SP021,195,100,special,10,9.5,9.03,5.0,9.42,4.5,35.6,68.9,7,N1,within,development_rehearsal,665c94cf-d686-5c72-9f98-bdcee92265d9|281b9648-0e67-5d86-983b-52f46d089b3e|5cb819fc-3af9-53fb-953c-fa04dc824ee3|2f579fd9-239e-54b6-80f8-410dab3e30fb|1de247e1-dba9-5453-8ebc-701d79fe285d|24fe0633-95e2-5123-b014-b0680b60df7e|937cc0a6-b36a-5cad-8d05-57efe808dac6|92edce4e-8868-578f-b63b-4c1ba7f01fc4|020b562c-e5e8-5bcf-a60e-881a6c8e8e5b|02a6caeb-8430-53e0-a90f-d036349988e4|e1981eba-5957-5a96-9dd0-dc9cb18cbfb9|cf423b17-7678-5324-991c-5126ec7cd45c|13a0e80d-c152-563d-893b-da18266e4ba4|1ae2eeb3-72db-5577-b435-cc164bbcef68|00dca0a0-7742-59ac-8cce-d718a64c9399,b47e098ac71982a604e29864cfdc76453348838897b0584802ebf9cc4a62c51b,zenit-simulated-feature-snapshot-v1,simulated,False,False,False,False
390e68e5-0741-51bb-95a3-06718934978e,00cb94fd-970b-5652-b9e8-aa30d6d12bc3,2026-09-14,SP021,195,100,left,30,32.53,31.92,27.49,21.92,5.04,35.1,81.8,32,N3,exceeds,development_rehearsal,31e1699f-0747-5444-ace8-61e042b0c511|9f2a80ae-f16b-53ff-832e-b6f25bc2f06b|b6ce4131-8cfe-5652-a434-f036ea58bec7|ebd930f2-ff62-5b57-936b-10e62ced0475|ac8a7260-327e-5c90-863a-0f90badae887|fb3b1abc-210c-5756-84b7-b28348207381|54b88f2e-3341-514e-b044-b15478a4fb0f|3021b8e0-1082-5da8-b04e-bf50eef64954|6dfa43b4-61bf-5215-9581-f5016b6220e4|eaa1b81c-f115-51e5-b200-9c7535a0f2bf|19abc899-194a-50f6-8f4e-5360c951b391|298586d5-75bb-5c7d-ab3c-6c735facbc98|a1c723d0-6701-5117-ab05-f5fc3652d1e5|eda797ef-756b-5808-b3e8-26f747960678|9f189603-7ac1-5325-9c7b-1a91bf098d10,fbb942b444928f2dbf22006d08056ba5de3d17abcc1863effe4aead2cc1b5d76,zenit-simulated-feature-snapshot-v1,simulated,False,False,False,False
847f6746-63f3-5378-b296-a5c4f6ea236d,4721c12b-0a1b-5b6a-9fb3-cb0b40d23bfb,2026-09-14,SP021,195,100,median,30,25.35,24.93,20.93,15.62,4.42,26.1,65.4,24,N2,within,development_rehearsal,7a315f66-6873-5b3c-b4f5-2713b8951a8c|81ebcadf-9ab0-59e2-804e-ca1e88e92035|5e7ed280-43db-5faa-bd5c-8cb21720ff39|80213d58-bde1-585d-9179-c53038f0d8b1|056f8c29-429e-5ca0-866c-f639e66ebf45|6d21e279-1b6a-5d3c-af85-da083bde8026|2d7bc09f-eafe-5e0e-88be-bfda8b9430c7|6f666375-69e8-5dd3-ac75-39fd6077d50c|3a805f86-1a94-5882-a6f8-97fcec1d3f85|83edd250-ff15-546e-ae4e-03272b61545a|ed26d4c0-0b2e-57f8-8bb1-faaf7651436c|f144a952-1603-5229-b906-05bf41eaab1d|8efe0597-7f55-5203-bc5f-c75fa032a2d7|dc8ee188-f7b2-587c-88a3-8025ab62d730|306ff78e-f3fb-51a7-927e-48ce2f510be5,ea76eefdd5b95623bf4f0d62c85d248c821ab24b7535a811d75361bb326839cb,zenit-simulated-feature-snapshot-v1,simulated,False,False,False,False
df4b1528-524d-5831-ae52-f0a4498e8c20,046003bd-58ac-5aca-8364-c934ce6319c8,2026-09-14,SP021,195,100,right,30,31.52,30.71,25.86,19.54,5.66,31.1,78.7,28,N3,exceeds,development_rehearsal,b8ee09ba-51b5-5ccf-aa4c-f593fdcade4f|e9357b8a-d248-5400-b177-3dec0eb32c8b|1d1841ab-d6e2-557d-af6e-22814b84d34b|42b41909-f23d-5d39-a5b8-bcf53db11ec1|ca997823-e94f-5f97-9bac-36966f83aaba|602036bb-fd6f-5ee1-be18-110a38e347e6|db195a55-a2ee-5bed-827b-e59c8570dac7|43cce4d8-58b4-5c2b-b29b-8092f68d38ce|2672d9da-fa3c-5974-bcdf-655897a26b6b|cb7ee299-d8e9-5551-950a-6210c10f9726|42d6c2b3-eefb-546e-a8b9-1d05a4fa79b4|49581379-427a-5a24-b1b2-6cab794cb56c|d0213ca4-02b8-55d8-8237-752455257e60|99c4ec38-054b-5a12-8db9-bad46c54ca71|e111b5e3-6a62-5522-806d-6786c7be0530,e72f007078ac45e75528a85d71f5ae45b6b163db9bd8456751484160febc2f5a,zenit-simulated-feature-snapshot-v1,simulated,False,False,False,False
56f989d4-7c9e-5722-9bab-9239d53428c7,23232185-5c98-523a-a8a5-d53254b8a0d8,2026-09-14,SP021,195,100,special,10,10.24,9.5,5.59,10.26,4.65,37.4,66.4,8,N2,exceeds,development_rehearsal,281b9648-0e67-5d86-983b-52f46d089b3e|5cb819fc-3af9-53fb-953c-fa04dc824ee3|2f579fd9-239e-54b6-80f8-410dab3e30fb|1de247e1-dba9-5453-8ebc-701d79fe285d|24fe0633-95e2-5123-b014-b0680b60df7e|937cc0a6-b36a-5cad-8d05-57efe808dac6|92edce4e-8868-578f-b63b-4c1ba7f01fc4|020b562c-e5e8-5bcf-a60e-881a6c8e8e5b|02a6caeb-8430-53e0-a90f-d036349988e4|e1981eba-5957-5a96-9dd0-dc9cb18cbfb9|cf423b17-7678-5324-991c-5126ec7cd45c|13a0e80d-c152-563d-893b-da18266e4ba4|1ae2eeb3-72db-5577-b435-cc164bbcef68|00dca0a0-7742-59ac-8cce-d718a64c9399|3ea64e43-6b8e-5470-94e6-2abbcbdb2df0,559c76424d474b76e84dcb472c0ec634539f5f8255bd6bddba077b4d9c8593b9,zenit-simulated-feature-snapshot-v1,simulated,False,False,False,False
bfd5eac6-1a04-5ce8-b6ba-3ad889082caf,00cb94fd-970b-5652-b9e8-aa30d6d12bc3,2026-09-15,SP021,195,100,left,30,33.06,32.53,28.07,22.53,4.99,33.2,81.8,33,N3,exceeds,development_rehearsal,9f2a80ae-f16b-53ff-832e-b6f25bc2f06b|b6ce4131-8cfe-5652-a434-f036ea58bec7|ebd930f2-ff62-5b57-936b-10e62ced0475|ac8a7260-327e-5c90-863a-0f90badae887|fb3b1abc-210c-5756-84b7-b28348207381|54b88f2e-3341-514e-b044-b15478a4fb0f|3021b8e0-1082-5da8-b04e-bf50eef64954|6dfa43b4-61bf-5215-9581-f5016b6220e4|eaa1b81c-f115-51e5-b200-9c7535a0f2bf|19abc899-194a-50f6-8f4e-5360c951b391|298586d5-75bb-5c7d-ab3c-6c735facbc98|a1c723d0-6701-5117-ab05-f5fc3652d1e5|eda797ef-756b-5808-b3e8-26f747960678|9f189603-7ac1-5325-9c7b-1a91bf098d10|a4b0f048-2b24-541b-85c3-46363da35b10,a79d66476de54d62f8d210e6e218edbe0d3befdb6e163d0e45636be01c5f122b,zenit-simulated-feature-snapshot-v1,simulated,False,False,False,False
9620a100-8cbe-5cc4-856a-5066feea48b8,4721c12b-0a1b-5b6a-9fb3-cb0b40d23bfb,2026-09-15,SP021,195,100,median,30,26.05,25.35,21.75,16.4,4.3,22.1,62.7,25,N2,within,development_rehearsal,81ebcadf-9ab0-59e2-804e-ca1e88e92035|5e7ed280-43db-5faa-bd5c-8cb21720ff39|80213d58-bde1-585d-9179-c53038f0d8b1|056f8c29-429e-5ca0-866c-f639e66ebf45|6d21e279-1b6a-5d3c-af85-da083bde8026|2d7bc09f-eafe-5e0e-88be-bfda8b9430c7|6f666375-69e8-5dd3-ac75-39fd6077d50c|3a805f86-1a94-5882-a6f8-97fcec1d3f85|83edd250-ff15-546e-ae4e-03272b61545a|ed26d4c0-0b2e-57f8-8bb1-faaf7651436c|f144a952-1603-5229-b906-05bf41eaab1d|8efe0597-7f55-5203-bc5f-c75fa032a2d7|dc8ee188-f7b2-587c-88a3-8025ab62d730|306ff78e-f3fb-51a7-927e-48ce2f510be5|850653bb-7839-5123-b37b-5c7b34da1414,aeeb5ed4c9f82b6847af4543db65696bbff18c8380253ad415be64a2f7cb081b,zenit-simulated-feature-snapshot-v1,simulated,False,False,False,False
545fecde-ba93-5bd8-9683-235c0b04d22d,046003bd-58ac-5aca-8364-c934ce6319c8,2026-09-15,SP021,195,100,right,30,32.3,31.52,26.79,20.38,5.51,21.5,71.0,29,N3,exceeds,development_rehearsal,e9357b8a-d248-5400-b177-3dec0eb32c8b|1d1841ab-d6e2-557d-af6e-22814b84d34b|42b41909-f23d-5d39-a5b8-bcf53db11ec1|ca997823-e94f-5f97-9bac-36966f83aaba|602036bb-fd6f-5ee1-be18-110a38e347e6|db195a55-a2ee-5bed-827b-e59c8570dac7|43cce4d8-58b4-5c2b-b29b-8092f68d38ce|2672d9da-fa3c-5974-bcdf-655897a26b6b|cb7ee299-d8e9-5551-950a-6210c10f9726|42d6c2b3-eefb-546e-a8b9-1d05a4fa79b4|49581379-427a-5a24-b1b2-6cab794cb56c|d0213ca4-02b8-55d8-8237-752455257e60|99c4ec38-054b-5a12-8db9-bad46c54ca71|e111b5e3-6a62-5522-806d-6786c7be0530|daa1bec6-bece-56e2-844c-b03be3eb4672,07c50e0a158fc1e7cedd86a3476624b57f000df08e948bde98d3dcd642acfa0b,zenit-simulated-feature-snapshot-v1,simulated,False,False,False,False
45f1079a-c15c-5f59-9c58-b436d18c82ee,23232185-5c98-523a-a8a5-d53254b8a0d8,2026-09-15,SP021,195,100,special,10,10.75,10.24,6.27,10.95,4.48,39.5,65.1,9,N2,exceeds,development_rehearsal,5cb819fc-3af9-53fb-953c-fa04dc824ee3|2f579fd9-239e-54b6-80f8-410dab3e30fb|1de247e1-dba9-5453-8ebc-701d79fe285d|24fe0633-95e2-5123-b014-b0680b60df7e|937cc0a6-b36a-5cad-8d05-57efe808dac6|92edce4e-8868-578f-b63b-4c1ba7f01fc4|020b562c-e5e8-5bcf-a60e-881a6c8e8e5b|02a6caeb-8430-53e0-a90f-d036349988e4|e1981eba-5957-5a96-9dd0-dc9cb18cbfb9|cf423b17-7678-5324-991c-5126ec7cd45c|13a0e80d-c152-563d-893b-da18266e4ba4|1ae2eeb3-72db-5577-b435-cc164bbcef68|00dca0a0-7742-59ac-8cce-d718a64c9399|3ea64e43-6b8e-5470-94e6-2abbcbdb2df0|d693a4f2-d5a1-5669-8958-fff7aeaab56b,db54bb95e963b6132b63857d2ccd86ba59c52f4350a24e1a43c7ba9270facd9e,zenit-simulated-feature-snapshot-v1,simulated,False,False,False,False
f460db91-6893-5420-943d-a1173cc67d08,00cb94fd-970b-5652-b9e8-aa30d6d12bc3,2026-09-16,SP021,195,100,left,30,33.79,33.06,29.02,23.55,4.77,25.5,70.3,34,N3,exceeds,development_rehearsal,b6ce4131-8cfe-5652-a434-f036ea58bec7|ebd930f2-ff62-5b57-936b-10e62ced0475|ac8a7260-327e-5c90-863a-0f90badae887|fb3b1abc-210c-5756-84b7-b28348207381|54b88f2e-3341-514e-b044-b15478a4fb0f|3021b8e0-1082-5da8-b04e-bf50eef64954|6dfa43b4-61bf-5215-9581-f5016b6220e4|eaa1b81c-f115-51e5-b200-9c7535a0f2bf|19abc899-194a-50f6-8f4e-5360c951b391|298586d5-75bb-5c7d-ab3c-6c735facbc98|a1c723d0-6701-5117-ab05-f5fc3652d1e5|eda797ef-756b-5808-b3e8-26f747960678|9f189603-7ac1-5325-9c7b-1a91bf098d10|a4b0f048-2b24-541b-85c3-46363da35b10|0e0f07aa-740a-5b1d-a164-a7f05d55e2ad,bd6b4f2d665ea49cd8a88bc36181eea7a7a30c71db666ca487a6f4af401575c2,zenit-simulated-feature-snapshot-v1,simulated,False,False,False,False
61d549b4-cc34-55d9-a4d4-da36ea8edf2f,4721c12b-0a1b-5b6a-9fb3-cb0b40d23bfb,2026-09-16,SP021,195,100,median,30,26.56,26.05,22.25,17.3,4.31,23.8,52.5,26,N2,within,development_rehearsal,5e7ed280-43db-5faa-bd5c-8cb21720ff39|80213d58-bde1-585d-9179-c53038f0d8b1|056f8c29-429e-5ca0-866c-f639e66ebf45|6d21e279-1b6a-5d3c-af85-da083bde8026|2d7bc09f-eafe-5e0e-88be-bfda8b9430c7|6f666375-69e8-5dd3-ac75-39fd6077d50c|3a805f86-1a94-5882-a6f8-97fcec1d3f85|83edd250-ff15-546e-ae4e-03272b61545a|ed26d4c0-0b2e-57f8-8bb1-faaf7651436c|f144a952-1603-5229-b906-05bf41eaab1d|8efe0597-7f55-5203-bc5f-c75fa032a2d7|dc8ee188-f7b2-587c-88a3-8025ab62d730|306ff78e-f3fb-51a7-927e-48ce2f510be5|850653bb-7839-5123-b37b-5c7b34da1414|be8038f6-f4e2-5e9c-aad3-4231502cfbe9,94d77f7c513221e836140b3fbcbadd3ac2a232abb60f4a1d43e99510b92478bf,zenit-simulated-feature-snapshot-v1,simulated,False,False,False,False
6c3b1035-fe2b-5688-9a69-259ee60b65a9,046003bd-58ac-5aca-8364-c934ce6319c8,2026-09-16,SP021,195,100,right,30,32.92,32.3,27.55,21.39,5.37,22.0,62.3,30,N3,exceeds,development_rehearsal,1d1841ab-d6e2-557d-af6e-22814b84d34b|42b41909-f23d-5d39-a5b8-bcf53db11ec1|ca997823-e94f-5f97-9bac-36966f83aaba|602036bb-fd6f-5ee1-be18-110a38e347e6|db195a55-a2ee-5bed-827b-e59c8570dac7|43cce4d8-58b4-5c2b-b29b-8092f68d38ce|2672d9da-fa3c-5974-bcdf-655897a26b6b|cb7ee299-d8e9-5551-950a-6210c10f9726|42d6c2b3-eefb-546e-a8b9-1d05a4fa79b4|49581379-427a-5a24-b1b2-6cab794cb56c|d0213ca4-02b8-55d8-8237-752455257e60|99c4ec38-054b-5a12-8db9-bad46c54ca71|e111b5e3-6a62-5522-806d-6786c7be0530|daa1bec6-bece-56e2-844c-b03be3eb4672|df2b3cae-593f-5d01-b6e3-bca96ea3f2c6,6a9f131d2a9c58826e3892ebf688d5f575d40e92a7b982a682c1baaa970fb5f4,zenit-simulated-feature-snapshot-v1,simulated,False,False,False,False
474d9b84-94a5-5837-b599-5b6d0b6eb47f,23232185-5c98-523a-a8a5-d53254b8a0d8,2026-09-16,SP021,195,100,special,10,11.61,10.75,6.83,11.43,4.78,41.9,72.8,10,N2,exceeds,development_rehearsal,2f579fd9-239e-54b6-80f8-410dab3e30fb|1de247e1-dba9-5453-8ebc-701d79fe285d|24fe0633-95e2-5123-b014-b0680b60df7e|937cc0a6-b36a-5cad-8d05-57efe808dac6|92edce4e-8868-578f-b63b-4c1ba7f01fc4|020b562c-e5e8-5bcf-a60e-881a6c8e8e5b|02a6caeb-8430-53e0-a90f-d036349988e4|e1981eba-5957-5a96-9dd0-dc9cb18cbfb9|cf423b17-7678-5324-991c-5126ec7cd45c|13a0e80d-c152-563d-893b-da18266e4ba4|1ae2eeb3-72db-5577-b435-cc164bbcef68|00dca0a0-7742-59ac-8cce-d718a64c9399|3ea64e43-6b8e-5470-94e6-2abbcbdb2df0|d693a4f2-d5a1-5669-8958-fff7aeaab56b|f720c24e-3f2f-5fcc-984c-bbeae6ce78ee,3d8d121e56a34646948301343c0a48a310ff465ca7131dcecc71d5f187bea64c,zenit-simulated-feature-snapshot-v1,simulated,False,False,False,False
c0fe4bd1-8053-5cc4-8b11-e62a0d28f160,00cb94fd-970b-5652-b9e8-aa30d6d12bc3,2026-09-17,SP021,195,100,left,30,34.61,33.79,29.57,24.06,5.04,34.9,79.7,35,N3,exceeds,development_rehearsal,ebd930f2-ff62-5b57-936b-10e62ced0475|ac8a7260-327e-5c90-863a-0f90badae887|fb3b1abc-210c-5756-84b7-b28348207381|54b88f2e-3341-514e-b044-b15478a4fb0f|3021b8e0-1082-5da8-b04e-bf50eef64954|6dfa43b4-61bf-5215-9581-f5016b6220e4|eaa1b81c-f115-51e5-b200-9c7535a0f2bf|19abc899-194a-50f6-8f4e-5360c951b391|298586d5-75bb-5c7d-ab3c-6c735facbc98|a1c723d0-6701-5117-ab05-f5fc3652d1e5|eda797ef-756b-5808-b3e8-26f747960678|9f189603-7ac1-5325-9c7b-1a91bf098d10|a4b0f048-2b24-541b-85c3-46363da35b10|0e0f07aa-740a-5b1d-a164-a7f05d55e2ad|f473ad80-5242-5c8a-a1a3-cc22b56ef42a,ca428197708962715463f3f8042cdbd8d6e2b1d81803d27397ea3f466de68bae,zenit-simulated-feature-snapshot-v1,simulated,False,False,False,False
91320e4a-6e6f-57cb-90c1-ac95dc4f5a1e,4721c12b-0a1b-5b6a-9fb3-cb0b40d23bfb,2026-09-17,SP021,195,100,median,30,27.04,26.56,23.11,18.21,3.93,17.9,42.9,27,N2,within,development_rehearsal,80213d58-bde1-585d-9179-c53038f0d8b1|056f8c29-429e-5ca0-866c-f639e66ebf45|6d21e279-1b6a-5d3c-af85-da083bde8026|2d7bc09f-eafe-5e0e-88be-bfda8b9430c7|6f666375-69e8-5dd3-ac75-39fd6077d50c|3a805f86-1a94-5882-a6f8-97fcec1d3f85|83edd250-ff15-546e-ae4e-03272b61545a|ed26d4c0-0b2e-57f8-8bb1-faaf7651436c|f144a952-1603-5229-b906-05bf41eaab1d|8efe0597-7f55-5203-bc5f-c75fa032a2d7|dc8ee188-f7b2-587c-88a3-8025ab62d730|306ff78e-f3fb-51a7-927e-48ce2f510be5|850653bb-7839-5123-b37b-5c7b34da1414|be8038f6-f4e2-5e9c-aad3-4231502cfbe9|fdb188be-01b4-5a7d-a322-af1e3c2b52ed,fbbbace0d061764d1f436555e3163bf99c41b95eb0eaa03ef32641d20a6de240,zenit-simulated-feature-snapshot-v1,simulated,False,False,False,False
658d2483-0ac5-5a85-b63b-21c30d965580,046003bd-58ac-5aca-8364-c934ce6319c8,2026-09-17,SP021,195,100,right,30,33.9,32.92,28.15,22.18,5.75,27.8,63.3,31,N3,exceeds,development_rehearsal,42b41909-f23d-5d39-a5b8-bcf53db11ec1|ca997823-e94f-5f97-9bac-36966f83aaba|602036bb-fd6f-5ee1-be18-110a38e347e6|db195a55-a2ee-5bed-827b-e59c8570dac7|43cce4d8-58b4-5c2b-b29b-8092f68d38ce|2672d9da-fa3c-5974-bcdf-655897a26b6b|cb7ee299-d8e9-5551-950a-6210c10f9726|42d6c2b3-eefb-546e-a8b9-1d05a4fa79b4|49581379-427a-5a24-b1b2-6cab794cb56c|d0213ca4-02b8-55d8-8237-752455257e60|99c4ec38-054b-5a12-8db9-bad46c54ca71|e111b5e3-6a62-5522-806d-6786c7be0530|daa1bec6-bece-56e2-844c-b03be3eb4672|df2b3cae-593f-5d01-b6e3-bca96ea3f2c6|701f36f7-7845-5522-a111-08a7c4744687,76fa0a885e0b26cefb299a3c256d42bf0885f93f0885331c604adb0fc3f8f71b,zenit-simulated-feature-snapshot-v1,simulated,False,False,False,False
a210d5f6-d47d-5e07-9d63-55e7e3992ed0,23232185-5c98-523a-a8a5-d53254b8a0d8,2026-09-17,SP021,195,100,special,10,12.12,11.61,7.72,11.8,4.4,30.6,71.4,11,N2,exceeds,development_rehearsal,1de247e1-dba9-5453-8ebc-701d79fe285d|24fe0633-95e2-5123-b014-b0680b60df7e|937cc0a6-b36a-5cad-8d05-57efe808dac6|92edce4e-8868-578f-b63b-4c1ba7f01fc4|020b562c-e5e8-5bcf-a60e-881a6c8e8e5b|02a6caeb-8430-53e0-a90f-d036349988e4|e1981eba-5957-5a96-9dd0-dc9cb18cbfb9|cf423b17-7678-5324-991c-5126ec7cd45c|13a0e80d-c152-563d-893b-da18266e4ba4|1ae2eeb3-72db-5577-b435-cc164bbcef68|00dca0a0-7742-59ac-8cce-d718a64c9399|3ea64e43-6b8e-5470-94e6-2abbcbdb2df0|d693a4f2-d5a1-5669-8958-fff7aeaab56b|f720c24e-3f2f-5fcc-984c-bbeae6ce78ee|dcb7ff14-972c-51eb-a2e8-d2aa6d260a6b,16ffb755e88e269793b0512c61d7e319145de0983e700e3e43ad96d8fe898c15,zenit-simulated-feature-snapshot-v1,simulated,False,False,False,False
57870b89-275e-5da0-aab2-7b5102cbb918,00cb94fd-970b-5652-b9e8-aa30d6d12bc3,2026-09-18,SP021,195,100,left,30,35.29,34.61,30.31,25.05,4.98,39.4,76.4,36,N3,exceeds,development_rehearsal,ac8a7260-327e-5c90-863a-0f90badae887|fb3b1abc-210c-5756-84b7-b28348207381|54b88f2e-3341-514e-b044-b15478a4fb0f|3021b8e0-1082-5da8-b04e-bf50eef64954|6dfa43b4-61bf-5215-9581-f5016b6220e4|eaa1b81c-f115-51e5-b200-9c7535a0f2bf|19abc899-194a-50f6-8f4e-5360c951b391|298586d5-75bb-5c7d-ab3c-6c735facbc98|a1c723d0-6701-5117-ab05-f5fc3652d1e5|eda797ef-756b-5808-b3e8-26f747960678|9f189603-7ac1-5325-9c7b-1a91bf098d10|a4b0f048-2b24-541b-85c3-46363da35b10|0e0f07aa-740a-5b1d-a164-a7f05d55e2ad|f473ad80-5242-5c8a-a1a3-cc22b56ef42a|e629bc9f-6c60-5cba-9be5-d706d9a0157e,27e9b0aa41228cc3690ccfa629fb75689b0b9431c54f00c9c56c8cc8d1f08961,zenit-simulated-feature-snapshot-v1,simulated,False,False,False,False
b74f47f8-2ff5-551a-b08d-9c0124a6e829,4721c12b-0a1b-5b6a-9fb3-cb0b40d23bfb,2026-09-18,SP021,195,100,median,30,27.72,27.04,23.72,19.01,4.0,19.8,45.4,28,N2,within,development_rehearsal,056f8c29-429e-5ca0-866c-f639e66ebf45|6d21e279-1b6a-5d3c-af85-da083bde8026|2d7bc09f-eafe-5e0e-88be-bfda8b9430c7|6f666375-69e8-5dd3-ac75-39fd6077d50c|3a805f86-1a94-5882-a6f8-97fcec1d3f85|83edd250-ff15-546e-ae4e-03272b61545a|ed26d4c0-0b2e-57f8-8bb1-faaf7651436c|f144a952-1603-5229-b906-05bf41eaab1d|8efe0597-7f55-5203-bc5f-c75fa032a2d7|dc8ee188-f7b2-587c-88a3-8025ab62d730|306ff78e-f3fb-51a7-927e-48ce2f510be5|850653bb-7839-5123-b37b-5c7b34da1414|be8038f6-f4e2-5e9c-aad3-4231502cfbe9|fdb188be-01b4-5a7d-a322-af1e3c2b52ed|68e75325-6021-5143-a71d-5102f103a522,69f80da2f1562d05600800c2dfb5699c6d8990b68d78486efb641aea101c847f,zenit-simulated-feature-snapshot-v1,simulated,False,False,False,False
cc63606d-276e-5055-8bca-ecd389a7d4b6,046003bd-58ac-5aca-8364-c934ce6319c8,2026-09-18,SP021,195,100,right,30,34.96,33.9,29.11,23.32,5.85,29.1,60.3,32,N3,exceeds,development_rehearsal,ca997823-e94f-5f97-9bac-36966f83aaba|602036bb-fd6f-5ee1-be18-110a38e347e6|db195a55-a2ee-5bed-827b-e59c8570dac7|43cce4d8-58b4-5c2b-b29b-8092f68d38ce|2672d9da-fa3c-5974-bcdf-655897a26b6b|cb7ee299-d8e9-5551-950a-6210c10f9726|42d6c2b3-eefb-546e-a8b9-1d05a4fa79b4|49581379-427a-5a24-b1b2-6cab794cb56c|d0213ca4-02b8-55d8-8237-752455257e60|99c4ec38-054b-5a12-8db9-bad46c54ca71|e111b5e3-6a62-5522-806d-6786c7be0530|daa1bec6-bece-56e2-844c-b03be3eb4672|df2b3cae-593f-5d01-b6e3-bca96ea3f2c6|701f36f7-7845-5522-a111-08a7c4744687|425acaa9-d373-5610-8a58-f305dfd7d36c,e8eff9bce497bc90de2e52becd4de9e1d63f3d631b2bffaa5c74c1c72b4f7b75,zenit-simulated-feature-snapshot-v1,simulated,False,False,False,False
fe0ae4ed-ccfe-524f-9233-810a5fe96ff4,23232185-5c98-523a-a8a5-d53254b8a0d8,2026-09-18,SP021,195,100,special,10,12.71,12.12,8.45,12.3,4.26,21.5,69.3,12,N2,exceeds,development_rehearsal,24fe0633-95e2-5123-b014-b0680b60df7e|937cc0a6-b36a-5cad-8d05-57efe808dac6|92edce4e-8868-578f-b63b-4c1ba7f01fc4|020b562c-e5e8-5bcf-a60e-881a6c8e8e5b|02a6caeb-8430-53e0-a90f-d036349988e4|e1981eba-5957-5a96-9dd0-dc9cb18cbfb9|cf423b17-7678-5324-991c-5126ec7cd45c|13a0e80d-c152-563d-893b-da18266e4ba4|1ae2eeb3-72db-5577-b435-cc164bbcef68|00dca0a0-7742-59ac-8cce-d718a64c9399|3ea64e43-6b8e-5470-94e6-2abbcbdb2df0|d693a4f2-d5a1-5669-8958-fff7aeaab56b|f720c24e-3f2f-5fcc-984c-bbeae6ce78ee|dcb7ff14-972c-51eb-a2e8-d2aa6d260a6b|35ac4e59-26c8-5a65-b6d9-b758689ce408,e3d8e25991eebe15f954b8d60883fb3401fb7ad18a7ad1fd31a7a9169aae5235,zenit-simulated-feature-snapshot-v1,simulated,False,False,False,False
3b793551-bc8c-58f0-899d-894af36ba1cf,00cb94fd-970b-5652-b9e8-aa30d6d12bc3,2026-09-19,SP021,195,100,left,30,36.19,35.29,31.15,25.8,5.04,44.4,81.1,37,N3,exceeds,development_rehearsal,fb3b1abc-210c-5756-84b7-b28348207381|54b88f2e-3341-514e-b044-b15478a4fb0f|3021b8e0-1082-5da8-b04e-bf50eef64954|6dfa43b4-61bf-5215-9581-f5016b6220e4|eaa1b81c-f115-51e5-b200-9c7535a0f2bf|19abc899-194a-50f6-8f4e-5360c951b391|298586d5-75bb-5c7d-ab3c-6c735facbc98|a1c723d0-6701-5117-ab05-f5fc3652d1e5|eda797ef-756b-5808-b3e8-26f747960678|9f189603-7ac1-5325-9c7b-1a91bf098d10|a4b0f048-2b24-541b-85c3-46363da35b10|0e0f07aa-740a-5b1d-a164-a7f05d55e2ad|f473ad80-5242-5c8a-a1a3-cc22b56ef42a|e629bc9f-6c60-5cba-9be5-d706d9a0157e|597cd6c1-406d-5e1e-9222-b56875aa9f72,50364a475502830f6ec36a68e90ffc924efcde772b57d36ddc11aa2e045801aa,zenit-simulated-feature-snapshot-v1,simulated,False,False,False,False
12832436-e99c-5040-81fa-5cf7b4ccb164,4721c12b-0a1b-5b6a-9fb3-cb0b40d23bfb,2026-09-19,SP021,195,100,median,30,28.37,27.72,24.28,19.75,4.09,22.6,48.6,29,N2,within,development_rehearsal,6d21e279-1b6a-5d3c-af85-da083bde8026|2d7bc09f-eafe-5e0e-88be-bfda8b9430c7|6f666375-69e8-5dd3-ac75-39fd6077d50c|3a805f86-1a94-5882-a6f8-97fcec1d3f85|83edd250-ff15-546e-ae4e-03272b61545a|ed26d4c0-0b2e-57f8-8bb1-faaf7651436c|f144a952-1603-5229-b906-05bf41eaab1d|8efe0597-7f55-5203-bc5f-c75fa032a2d7|dc8ee188-f7b2-587c-88a3-8025ab62d730|306ff78e-f3fb-51a7-927e-48ce2f510be5|850653bb-7839-5123-b37b-5c7b34da1414|be8038f6-f4e2-5e9c-aad3-4231502cfbe9|fdb188be-01b4-5a7d-a322-af1e3c2b52ed|68e75325-6021-5143-a71d-5102f103a522|cbf1784f-f07a-574a-838d-4effbd541bcc,5f95a185f1bf66af247e35ac58db647e78c1fd96e26859ba7683c2bff9ee6f94,zenit-simulated-feature-snapshot-v1,simulated,False,False,False,False
cb7b8809-9020-57b6-b6d0-5ec80c91bb0a,046003bd-58ac-5aca-8364-c934ce6319c8,2026-09-19,SP021,195,100,right,30,35.91,34.96,29.98,24.18,5.93,25.2,61.7,33,N3,exceeds,development_rehearsal,602036bb-fd6f-5ee1-be18-110a38e347e6|db195a55-a2ee-5bed-827b-e59c8570dac7|43cce4d8-58b4-5c2b-b29b-8092f68d38ce|2672d9da-fa3c-5974-bcdf-655897a26b6b|cb7ee299-d8e9-5551-950a-6210c10f9726|42d6c2b3-eefb-546e-a8b9-1d05a4fa79b4|49581379-427a-5a24-b1b2-6cab794cb56c|d0213ca4-02b8-55d8-8237-752455257e60|99c4ec38-054b-5a12-8db9-bad46c54ca71|e111b5e3-6a62-5522-806d-6786c7be0530|daa1bec6-bece-56e2-844c-b03be3eb4672|df2b3cae-593f-5d01-b6e3-bca96ea3f2c6|701f36f7-7845-5522-a111-08a7c4744687|425acaa9-d373-5610-8a58-f305dfd7d36c|d7e00635-b796-5bdf-a948-ef411df58388,3a26300b2cac5b75ffb57125e5a4de1c43cce90412c73ddd4616d903848a6b46,zenit-simulated-feature-snapshot-v1,simulated,False,False,False,False
ef0d453b-7335-5414-8bb8-c8468f0d4f8d,23232185-5c98-523a-a8a5-d53254b8a0d8,2026-09-19,SP021,195,100,special,10,13.16,12.71,9.03,12.97,4.13,26.0,61.6,13,N2,exceeds,development_rehearsal,937cc0a6-b36a-5cad-8d05-57efe808dac6|92edce4e-8868-578f-b63b-4c1ba7f01fc4|020b562c-e5e8-5bcf-a60e-881a6c8e8e5b|02a6caeb-8430-53e0-a90f-d036349988e4|e1981eba-5957-5a96-9dd0-dc9cb18cbfb9|cf423b17-7678-5324-991c-5126ec7cd45c|13a0e80d-c152-563d-893b-da18266e4ba4|1ae2eeb3-72db-5577-b435-cc164bbcef68|00dca0a0-7742-59ac-8cce-d718a64c9399|3ea64e43-6b8e-5470-94e6-2abbcbdb2df0|d693a4f2-d5a1-5669-8958-fff7aeaab56b|f720c24e-3f2f-5fcc-984c-bbeae6ce78ee|dcb7ff14-972c-51eb-a2e8-d2aa6d260a6b|35ac4e59-26c8-5a65-b6d9-b758689ce408|1d239c97-ad57-51b3-8a67-ddf2c87311df,71ad67094bfb3b9648fa1035c94159c6aca61c7d071cd6172edb748b9b8f5277,zenit-simulated-feature-snapshot-v1,simulated,False,False,False,False
42ec365c-f5e3-5a84-ba67-1cf03267e0a0,00cb94fd-970b-5652-b9e8-aa30d6d12bc3,2026-09-20,SP021,195,100,left,30,36.93,36.19,31.92,26.74,5.01,41.5,80.4,38,N3,exceeds,development_rehearsal,54b88f2e-3341-514e-b044-b15478a4fb0f|3021b8e0-1082-5da8-b04e-bf50eef64954|6dfa43b4-61bf-5215-9581-f5016b6220e4|eaa1b81c-f115-51e5-b200-9c7535a0f2bf|19abc899-194a-50f6-8f4e-5360c951b391|298586d5-75bb-5c7d-ab3c-6c735facbc98|a1c723d0-6701-5117-ab05-f5fc3652d1e5|eda797ef-756b-5808-b3e8-26f747960678|9f189603-7ac1-5325-9c7b-1a91bf098d10|a4b0f048-2b24-541b-85c3-46363da35b10|0e0f07aa-740a-5b1d-a164-a7f05d55e2ad|f473ad80-5242-5c8a-a1a3-cc22b56ef42a|e629bc9f-6c60-5cba-9be5-d706d9a0157e|597cd6c1-406d-5e1e-9222-b56875aa9f72|b7b93217-4cc3-5ca7-8f7a-73120cda843e,a769ca3fe4bd8355f620a4f31eb07e11fa915da63b2e05e5e5e79c6d9c37e528,zenit-simulated-feature-snapshot-v1,simulated,False,False,False,False
295160ff-7056-551e-bfe6-9db7e96681e4,4721c12b-0a1b-5b6a-9fb3-cb0b40d23bfb,2026-09-20,SP021,195,100,median,30,28.85,28.37,24.93,20.34,3.92,17.7,48.9,30,N2,within,development_rehearsal,2d7bc09f-eafe-5e0e-88be-bfda8b9430c7|6f666375-69e8-5dd3-ac75-39fd6077d50c|3a805f86-1a94-5882-a6f8-97fcec1d3f85|83edd250-ff15-546e-ae4e-03272b61545a|ed26d4c0-0b2e-57f8-8bb1-faaf7651436c|f144a952-1603-5229-b906-05bf41eaab1d|8efe0597-7f55-5203-bc5f-c75fa032a2d7|dc8ee188-f7b2-587c-88a3-8025ab62d730|306ff78e-f3fb-51a7-927e-48ce2f510be5|850653bb-7839-5123-b37b-5c7b34da1414|be8038f6-f4e2-5e9c-aad3-4231502cfbe9|fdb188be-01b4-5a7d-a322-af1e3c2b52ed|68e75325-6021-5143-a71d-5102f103a522|cbf1784f-f07a-574a-838d-4effbd541bcc|17646e84-04f5-5eeb-9065-725b0cc30c56,4d4ec67a6d1c7f1dd923bdf1f7b0721167344eb028a86d8a9a9f6a1908150600,zenit-simulated-feature-snapshot-v1,simulated,False,False,False,False
add49062-a7e1-5de4-8d39-ae0bb3b97e35,046003bd-58ac-5aca-8364-c934ce6319c8,2026-09-20,SP021,195,100,right,30,36.8,35.91,30.71,24.97,6.09,35.3,67.3,34,N3,exceeds,development_rehearsal,db195a55-a2ee-5bed-827b-e59c8570dac7|43cce4d8-58b4-5c2b-b29b-8092f68d38ce|2672d9da-fa3c-5974-bcdf-655897a26b6b|cb7ee299-d8e9-5551-950a-6210c10f9726|42d6c2b3-eefb-546e-a8b9-1d05a4fa79b4|49581379-427a-5a24-b1b2-6cab794cb56c|d0213ca4-02b8-55d8-8237-752455257e60|99c4ec38-054b-5a12-8db9-bad46c54ca71|e111b5e3-6a62-5522-806d-6786c7be0530|daa1bec6-bece-56e2-844c-b03be3eb4672|df2b3cae-593f-5d01-b6e3-bca96ea3f2c6|701f36f7-7845-5522-a111-08a7c4744687|425acaa9-d373-5610-8a58-f305dfd7d36c|d7e00635-b796-5bdf-a948-ef411df58388|bcc44777-9237-57f2-bff3-010487e02a70,4dc6ce93bdd5488b2bc5d534af53d75425922a3cf257ffdfbef74878612a243d,zenit-simulated-feature-snapshot-v1,simulated,False,False,False,False
146cc6b3-e700-50d1-8406-209f156c9178,23232185-5c98-523a-a8a5-d53254b8a0d8,2026-09-20,SP021,195,100,special,10,5.0,13.16,9.5,5.0,4.42,32.6,68.2,0,N1,within,development_rehearsal,92edce4e-8868-578f-b63b-4c1ba7f01fc4|020b562c-e5e8-5bcf-a60e-881a6c8e8e5b|02a6caeb-8430-53e0-a90f-d036349988e4|e1981eba-5957-5a96-9dd0-dc9cb18cbfb9|cf423b17-7678-5324-991c-5126ec7cd45c|13a0e80d-c152-563d-893b-da18266e4ba4|1ae2eeb3-72db-5577-b435-cc164bbcef68|00dca0a0-7742-59ac-8cce-d718a64c9399|3ea64e43-6b8e-5470-94e6-2abbcbdb2df0|d693a4f2-d5a1-5669-8958-fff7aeaab56b|f720c24e-3f2f-5fcc-984c-bbeae6ce78ee|dcb7ff14-972c-51eb-a2e8-d2aa6d260a6b|35ac4e59-26c8-5a65-b6d9-b758689ce408|1d239c97-ad57-51b3-8a67-ddf2c87311df|9a85e46d-a0ba-5351-99bc-3943f5a9b41c,4e7dd1d68bedcd17cf2cfc75c32bad95c6c78516abd8dcccbb1e93320ec99f6a,zenit-simulated-feature-snapshot-v1,simulated,False,False,False,False
7bed18cf-b6d5-59f1-9fa4-791c30f56c71,00cb94fd-970b-5652-b9e8-aa30d6d12bc3,2026-09-21,SP021,195,100,left,30,37.69,36.93,32.53,27.49,5.16,41.9,77.0,39,N3,exceeds,development_rehearsal,3021b8e0-1082-5da8-b04e-bf50eef64954|6dfa43b4-61bf-5215-9581-f5016b6220e4|eaa1b81c-f115-51e5-b200-9c7535a0f2bf|19abc899-194a-50f6-8f4e-5360c951b391|298586d5-75bb-5c7d-ab3c-6c735facbc98|a1c723d0-6701-5117-ab05-f5fc3652d1e5|eda797ef-756b-5808-b3e8-26f747960678|9f189603-7ac1-5325-9c7b-1a91bf098d10|a4b0f048-2b24-541b-85c3-46363da35b10|0e0f07aa-740a-5b1d-a164-a7f05d55e2ad|f473ad80-5242-5c8a-a1a3-cc22b56ef42a|e629bc9f-6c60-5cba-9be5-d706d9a0157e|597cd6c1-406d-5e1e-9222-b56875aa9f72|b7b93217-4cc3-5ca7-8f7a-73120cda843e|9d00bf81-9ee7-5df1-9624-18300e5e3be8,ee4549a03e57ab4b75b7efd9973e333174a75ae5f6f14c2654c96d69708b4324,zenit-simulated-feature-snapshot-v1,simulated,False,False,False,False
96b43442-75dc-5d59-b431-a34c9505300e,4721c12b-0a1b-5b6a-9fb3-cb0b40d23bfb,2026-09-21,SP021,195,100,median,30,29.39,28.85,25.35,20.93,4.04,20.3,46.4,31,N2,within,development_rehearsal,6f666375-69e8-5dd3-ac75-39fd6077d50c|3a805f86-1a94-5882-a6f8-97fcec1d3f85|83edd250-ff15-546e-ae4e-03272b61545a|ed26d4c0-0b2e-57f8-8bb1-faaf7651436c|f144a952-1603-5229-b906-05bf41eaab1d|8efe0597-7f55-5203-bc5f-c75fa032a2d7|dc8ee188-f7b2-587c-88a3-8025ab62d730|306ff78e-f3fb-51a7-927e-48ce2f510be5|850653bb-7839-5123-b37b-5c7b34da1414|be8038f6-f4e2-5e9c-aad3-4231502cfbe9|fdb188be-01b4-5a7d-a322-af1e3c2b52ed|68e75325-6021-5143-a71d-5102f103a522|cbf1784f-f07a-574a-838d-4effbd541bcc|17646e84-04f5-5eeb-9065-725b0cc30c56|621e29bb-3104-58bb-a2d6-09415a1e7939,a046a6c0e89d3f43bdf15f115cf27b80407fde111a6f7ee97de17fa4c86a3f0a,zenit-simulated-feature-snapshot-v1,simulated,False,False,False,False
f87c526b-1f82-56a0-8557-73ba3ea72c4b,046003bd-58ac-5aca-8364-c934ce6319c8,2026-09-21,SP021,195,100,right,30,37.58,36.8,31.52,25.86,6.06,40.5,71.6,35,N3,exceeds,development_rehearsal,43cce4d8-58b4-5c2b-b29b-8092f68d38ce|2672d9da-fa3c-5974-bcdf-655897a26b6b|cb7ee299-d8e9-5551-950a-6210c10f9726|42d6c2b3-eefb-546e-a8b9-1d05a4fa79b4|49581379-427a-5a24-b1b2-6cab794cb56c|d0213ca4-02b8-55d8-8237-752455257e60|99c4ec38-054b-5a12-8db9-bad46c54ca71|e111b5e3-6a62-5522-806d-6786c7be0530|daa1bec6-bece-56e2-844c-b03be3eb4672|df2b3cae-593f-5d01-b6e3-bca96ea3f2c6|701f36f7-7845-5522-a111-08a7c4744687|425acaa9-d373-5610-8a58-f305dfd7d36c|d7e00635-b796-5bdf-a948-ef411df58388|bcc44777-9237-57f2-bff3-010487e02a70|aabbebc4-a554-532c-bf7f-ea89cc5d71f0,e4089309b20ba59abc9e368b1d91cf6cd1c488493153fe82d1a029b1f86fdaf3,zenit-simulated-feature-snapshot-v1,simulated,False,False,False,False
e5458ea7-d3be-5b0d-abb5-7586527b8d39,23232185-5c98-523a-a8a5-d53254b8a0d8,2026-09-21,SP021,195,100,special,10,5.62,5.0,10.24,5.59,4.3,31.9,69.3,1,N1,within,development_rehearsal,020b562c-e5e8-5bcf-a60e-881a6c8e8e5b|02a6caeb-8430-53e0-a90f-d036349988e4|e1981eba-5957-5a96-9dd0-dc9cb18cbfb9|cf423b17-7678-5324-991c-5126ec7cd45c|13a0e80d-c152-563d-893b-da18266e4ba4|1ae2eeb3-72db-5577-b435-cc164bbcef68|00dca0a0-7742-59ac-8cce-d718a64c9399|3ea64e43-6b8e-5470-94e6-2abbcbdb2df0|d693a4f2-d5a1-5669-8958-fff7aeaab56b|f720c24e-3f2f-5fcc-984c-bbeae6ce78ee|dcb7ff14-972c-51eb-a2e8-d2aa6d260a6b|35ac4e59-26c8-5a65-b6d9-b758689ce408|1d239c97-ad57-51b3-8a67-ddf2c87311df|9a85e46d-a0ba-5351-99bc-3943f5a9b41c|b7181a3f-b44a-5a1c-8287-9494f60076d7,eec2c8e5fa2f93ebd8c7e7ee501ae4f957056954fb0ac6ed1a1d4eda2dd0d9a4,zenit-simulated-feature-snapshot-v1,simulated,False,False,False,False
f880b177-e02a-548b-938d-cbfd1ad54301,00cb94fd-970b-5652-b9e8-aa30d6d12bc3,2026-09-22,SP021,195,100,left,30,38.5,37.69,33.06,28.07,5.44,46.1,79.3,40,N3,exceeds,development_rehearsal,6dfa43b4-61bf-5215-9581-f5016b6220e4|eaa1b81c-f115-51e5-b200-9c7535a0f2bf|19abc899-194a-50f6-8f4e-5360c951b391|298586d5-75bb-5c7d-ab3c-6c735facbc98|a1c723d0-6701-5117-ab05-f5fc3652d1e5|eda797ef-756b-5808-b3e8-26f747960678|9f189603-7ac1-5325-9c7b-1a91bf098d10|a4b0f048-2b24-541b-85c3-46363da35b10|0e0f07aa-740a-5b1d-a164-a7f05d55e2ad|f473ad80-5242-5c8a-a1a3-cc22b56ef42a|e629bc9f-6c60-5cba-9be5-d706d9a0157e|597cd6c1-406d-5e1e-9222-b56875aa9f72|b7b93217-4cc3-5ca7-8f7a-73120cda843e|9d00bf81-9ee7-5df1-9624-18300e5e3be8|9f095570-b95a-5dad-a323-a652906788ff,0ceea369c8daf20eaa9d50d7f9b51b12d573abbdb031bf95c00af1518f897c24,zenit-simulated-feature-snapshot-v1,simulated,False,False,False,False
24a18e99-4ab8-56c0-8259-090f05cab350,4721c12b-0a1b-5b6a-9fb3-cb0b40d23bfb,2026-09-22,SP021,195,100,median,30,30.13,29.39,26.05,21.75,4.08,25.3,47.4,32,N3,exceeds,development_rehearsal,3a805f86-1a94-5882-a6f8-97fcec1d3f85|83edd250-ff15-546e-ae4e-03272b61545a|ed26d4c0-0b2e-57f8-8bb1-faaf7651436c|f144a952-1603-5229-b906-05bf41eaab1d|8efe0597-7f55-5203-bc5f-c75fa032a2d7|dc8ee188-f7b2-587c-88a3-8025ab62d730|306ff78e-f3fb-51a7-927e-48ce2f510be5|850653bb-7839-5123-b37b-5c7b34da1414|be8038f6-f4e2-5e9c-aad3-4231502cfbe9|fdb188be-01b4-5a7d-a322-af1e3c2b52ed|68e75325-6021-5143-a71d-5102f103a522|cbf1784f-f07a-574a-838d-4effbd541bcc|17646e84-04f5-5eeb-9065-725b0cc30c56|621e29bb-3104-58bb-a2d6-09415a1e7939|345ba5d7-1944-5fb2-a6c6-611f7e67a0c9,24a6d2aeb880bb4d8ad90120acad003bc9a0ed810f205de6de0d082356f0d3a8,zenit-simulated-feature-snapshot-v1,simulated,False,False,False,False
fc7af6bc-90ac-5ec9-88f8-21cdb0462b68,046003bd-58ac-5aca-8364-c934ce6319c8,2026-09-22,SP021,195,100,right,30,38.34,37.58,32.3,26.79,6.04,40.5,62.0,36,N3,exceeds,development_rehearsal,2672d9da-fa3c-5974-bcdf-655897a26b6b|cb7ee299-d8e9-5551-950a-6210c10f9726|42d6c2b3-eefb-546e-a8b9-1d05a4fa79b4|49581379-427a-5a24-b1b2-6cab794cb56c|d0213ca4-02b8-55d8-8237-752455257e60|99c4ec38-054b-5a12-8db9-bad46c54ca71|e111b5e3-6a62-5522-806d-6786c7be0530|daa1bec6-bece-56e2-844c-b03be3eb4672|df2b3cae-593f-5d01-b6e3-bca96ea3f2c6|701f36f7-7845-5522-a111-08a7c4744687|425acaa9-d373-5610-8a58-f305dfd7d36c|d7e00635-b796-5bdf-a948-ef411df58388|bcc44777-9237-57f2-bff3-010487e02a70|aabbebc4-a554-532c-bf7f-ea89cc5d71f0|4af6d31e-22bf-544a-94af-dea26635b863,de61ae51091a67e0f8a339236382346caad06e50be7a61b25ec740e90e10d2cc,zenit-simulated-feature-snapshot-v1,simulated,False,False,False,False
5f8c3e57-81fa-5b9d-97b7-27a43b0be37b,23232185-5c98-523a-a8a5-d53254b8a0d8,2026-09-22,SP021,195,100,special,10,6.24,5.62,10.75,6.27,4.41,25.2,64.7,2,N1,within,development_rehearsal,02a6caeb-8430-53e0-a90f-d036349988e4|e1981eba-5957-5a96-9dd0-dc9cb18cbfb9|cf423b17-7678-5324-991c-5126ec7cd45c|13a0e80d-c152-563d-893b-da18266e4ba4|1ae2eeb3-72db-5577-b435-cc164bbcef68|00dca0a0-7742-59ac-8cce-d718a64c9399|3ea64e43-6b8e-5470-94e6-2abbcbdb2df0|d693a4f2-d5a1-5669-8958-fff7aeaab56b|f720c24e-3f2f-5fcc-984c-bbeae6ce78ee|dcb7ff14-972c-51eb-a2e8-d2aa6d260a6b|35ac4e59-26c8-5a65-b6d9-b758689ce408|1d239c97-ad57-51b3-8a67-ddf2c87311df|9a85e46d-a0ba-5351-99bc-3943f5a9b41c|b7181a3f-b44a-5a1c-8287-9494f60076d7|6b6b74d8-5241-5c8d-89b6-fe1c1f6bb611,d605339ab59049ab399567f4b79f8ff9e59412a54960f8f5bbb2ad9db7f1ce43,zenit-simulated-feature-snapshot-v1,simulated,False,False,False,False
bc044f6e-63cb-5349-990d-a4b3aee51d26,00cb94fd-970b-5652-b9e8-aa30d6d12bc3,2026-09-23,SP021,195,100,left,30,39.16,38.5,33.79,29.02,5.37,48.7,74.2,41,N3,exceeds,development_rehearsal,eaa1b81c-f115-51e5-b200-9c7535a0f2bf|19abc899-194a-50f6-8f4e-5360c951b391|298586d5-75bb-5c7d-ab3c-6c735facbc98|a1c723d0-6701-5117-ab05-f5fc3652d1e5|eda797ef-756b-5808-b3e8-26f747960678|9f189603-7ac1-5325-9c7b-1a91bf098d10|a4b0f048-2b24-541b-85c3-46363da35b10|0e0f07aa-740a-5b1d-a164-a7f05d55e2ad|f473ad80-5242-5c8a-a1a3-cc22b56ef42a|e629bc9f-6c60-5cba-9be5-d706d9a0157e|597cd6c1-406d-5e1e-9222-b56875aa9f72|b7b93217-4cc3-5ca7-8f7a-73120cda843e|9d00bf81-9ee7-5df1-9624-18300e5e3be8|9f095570-b95a-5dad-a323-a652906788ff|9db5eb45-818e-576d-bc7e-9f8e2ac2f02a,320af6f789e44d751d3e43744ec020fb9194fb433a99751d010be68f569a80ae,zenit-simulated-feature-snapshot-v1,simulated,False,False,False,False
033c76b3-e95d-5c3e-b116-05f16781cc5d,4721c12b-0a1b-5b6a-9fb3-cb0b40d23bfb,2026-09-23,SP021,195,100,median,30,30.86,30.13,26.56,22.25,4.3,30.2,54.0,33,N3,exceeds,development_rehearsal,83edd250-ff15-546e-ae4e-03272b61545a|ed26d4c0-0b2e-57f8-8bb1-faaf7651436c|f144a952-1603-5229-b906-05bf41eaab1d|8efe0597-7f55-5203-bc5f-c75fa032a2d7|dc8ee188-f7b2-587c-88a3-8025ab62d730|306ff78e-f3fb-51a7-927e-48ce2f510be5|850653bb-7839-5123-b37b-5c7b34da1414|be8038f6-f4e2-5e9c-aad3-4231502cfbe9|fdb188be-01b4-5a7d-a322-af1e3c2b52ed|68e75325-6021-5143-a71d-5102f103a522|cbf1784f-f07a-574a-838d-4effbd541bcc|17646e84-04f5-5eeb-9065-725b0cc30c56|621e29bb-3104-58bb-a2d6-09415a1e7939|345ba5d7-1944-5fb2-a6c6-611f7e67a0c9|b4e1a98e-5915-5e08-8ae9-f5bfdfbd2a63,17974e7d2e226fc11fb4ea0921b98e1a8bdfb035605a06407dbc128360101623,zenit-simulated-feature-snapshot-v1,simulated,False,False,False,False
d55c7851-cb9a-5dfc-a51b-cb3caef0add6,046003bd-58ac-5aca-8364-c934ce6319c8,2026-09-23,SP021,195,100,right,30,39.34,38.34,32.92,27.55,6.42,43.7,65.7,37,N3,exceeds,development_rehearsal,cb7ee299-d8e9-5551-950a-6210c10f9726|42d6c2b3-eefb-546e-a8b9-1d05a4fa79b4|49581379-427a-5a24-b1b2-6cab794cb56c|d0213ca4-02b8-55d8-8237-752455257e60|99c4ec38-054b-5a12-8db9-bad46c54ca71|e111b5e3-6a62-5522-806d-6786c7be0530|daa1bec6-bece-56e2-844c-b03be3eb4672|df2b3cae-593f-5d01-b6e3-bca96ea3f2c6|701f36f7-7845-5522-a111-08a7c4744687|425acaa9-d373-5610-8a58-f305dfd7d36c|d7e00635-b796-5bdf-a948-ef411df58388|bcc44777-9237-57f2-bff3-010487e02a70|aabbebc4-a554-532c-bf7f-ea89cc5d71f0|4af6d31e-22bf-544a-94af-dea26635b863|a41274f6-b4d8-5ebe-972b-087f3972118b,1986b1ddbe7a77fa30e69fb362cdfefeb2b2e35a3cdb150729d0d25386f1dc43,zenit-simulated-feature-snapshot-v1,simulated,False,False,False,False
f341130c-9fe9-57c2-8f6e-58815a3c20c2,23232185-5c98-523a-a8a5-d53254b8a0d8,2026-09-23,SP021,195,100,special,10,6.94,6.24,11.61,6.83,4.25,27.8,69.7,3,N1,within,development_rehearsal,e1981eba-5957-5a96-9dd0-dc9cb18cbfb9|cf423b17-7678-5324-991c-5126ec7cd45c|13a0e80d-c152-563d-893b-da18266e4ba4|1ae2eeb3-72db-5577-b435-cc164bbcef68|00dca0a0-7742-59ac-8cce-d718a64c9399|3ea64e43-6b8e-5470-94e6-2abbcbdb2df0|d693a4f2-d5a1-5669-8958-fff7aeaab56b|f720c24e-3f2f-5fcc-984c-bbeae6ce78ee|dcb7ff14-972c-51eb-a2e8-d2aa6d260a6b|35ac4e59-26c8-5a65-b6d9-b758689ce408|1d239c97-ad57-51b3-8a67-ddf2c87311df|9a85e46d-a0ba-5351-99bc-3943f5a9b41c|b7181a3f-b44a-5a1c-8287-9494f60076d7|6b6b74d8-5241-5c8d-89b6-fe1c1f6bb611|8883fff4-eb7c-59f0-9c97-cc6c18120559,9352617a4fec9fc785a5e28e7c1cc480e17bc4807ea140eadb1e0a6a302c242e,zenit-simulated-feature-snapshot-v1,simulated,False,False,False,False
28bc7a46-cb4d-57d7-902f-8843a5bf6f29,00cb94fd-970b-5652-b9e8-aa30d6d12bc3,2026-09-24,SP021,195,100,left,30,8.0,39.16,34.61,29.57,5.48,44.7,79.6,0,N1,within,development_rehearsal,19abc899-194a-50f6-8f4e-5360c951b391|298586d5-75bb-5c7d-ab3c-6c735facbc98|a1c723d0-6701-5117-ab05-f5fc3652d1e5|eda797ef-756b-5808-b3e8-26f747960678|9f189603-7ac1-5325-9c7b-1a91bf098d10|a4b0f048-2b24-541b-85c3-46363da35b10|0e0f07aa-740a-5b1d-a164-a7f05d55e2ad|f473ad80-5242-5c8a-a1a3-cc22b56ef42a|e629bc9f-6c60-5cba-9be5-d706d9a0157e|597cd6c1-406d-5e1e-9222-b56875aa9f72|b7b93217-4cc3-5ca7-8f7a-73120cda843e|9d00bf81-9ee7-5df1-9624-18300e5e3be8|9f095570-b95a-5dad-a323-a652906788ff|9db5eb45-818e-576d-bc7e-9f8e2ac2f02a|ac836b4a-d5b1-5e9e-a12c-9e1da4461714,959d4c326e52e44c6be569d4ef064f5cd3cd1dd4701129bfe0b4e0a97656384f,zenit-simulated-feature-snapshot-v1,simulated,False,False,False,False
c36f4af3-0893-5d69-8b61-cab66deca0bb,4721c12b-0a1b-5b6a-9fb3-cb0b40d23bfb,2026-09-24,SP021,195,100,median,30,31.41,30.86,27.04,23.11,4.37,33.5,51.4,34,N3,exceeds,development_rehearsal,ed26d4c0-0b2e-57f8-8bb1-faaf7651436c|f144a952-1603-5229-b906-05bf41eaab1d|8efe0597-7f55-5203-bc5f-c75fa032a2d7|dc8ee188-f7b2-587c-88a3-8025ab62d730|306ff78e-f3fb-51a7-927e-48ce2f510be5|850653bb-7839-5123-b37b-5c7b34da1414|be8038f6-f4e2-5e9c-aad3-4231502cfbe9|fdb188be-01b4-5a7d-a322-af1e3c2b52ed|68e75325-6021-5143-a71d-5102f103a522|cbf1784f-f07a-574a-838d-4effbd541bcc|17646e84-04f5-5eeb-9065-725b0cc30c56|621e29bb-3104-58bb-a2d6-09415a1e7939|345ba5d7-1944-5fb2-a6c6-611f7e67a0c9|b4e1a98e-5915-5e08-8ae9-f5bfdfbd2a63|d229e7df-0fbc-5337-a411-b7010f8fbd50,0394bd69b7456ab64a9aa9ea95b0977ea96023639534f7534d534de29f6fab93,zenit-simulated-feature-snapshot-v1,simulated,False,False,False,False
84bca2e9-7e8b-5054-b601-1cc6bfd7c622,046003bd-58ac-5aca-8364-c934ce6319c8,2026-09-24,SP021,195,100,right,30,40.17,39.34,33.9,28.15,6.27,42.2,70.0,38,N3,exceeds,development_rehearsal,42d6c2b3-eefb-546e-a8b9-1d05a4fa79b4|49581379-427a-5a24-b1b2-6cab794cb56c|d0213ca4-02b8-55d8-8237-752455257e60|99c4ec38-054b-5a12-8db9-bad46c54ca71|e111b5e3-6a62-5522-806d-6786c7be0530|daa1bec6-bece-56e2-844c-b03be3eb4672|df2b3cae-593f-5d01-b6e3-bca96ea3f2c6|701f36f7-7845-5522-a111-08a7c4744687|425acaa9-d373-5610-8a58-f305dfd7d36c|d7e00635-b796-5bdf-a948-ef411df58388|bcc44777-9237-57f2-bff3-010487e02a70|aabbebc4-a554-532c-bf7f-ea89cc5d71f0|4af6d31e-22bf-544a-94af-dea26635b863|a41274f6-b4d8-5ebe-972b-087f3972118b|edaaa554-2b63-54e7-bce9-5f5f93209159,97020d2f4e1e93727c7d558f4fb52cad0ce0f203cf4e427da0e358c594e58b2a,zenit-simulated-feature-snapshot-v1,simulated,False,False,False,False
221d1f79-dccc-5c7d-9f4d-d95f9f8db4ed,23232185-5c98-523a-a8a5-d53254b8a0d8,2026-09-24,SP021,195,100,special,10,7.43,6.94,12.12,7.72,4.23,33.2,63.8,4,N1,within,development_rehearsal,cf423b17-7678-5324-991c-5126ec7cd45c|13a0e80d-c152-563d-893b-da18266e4ba4|1ae2eeb3-72db-5577-b435-cc164bbcef68|00dca0a0-7742-59ac-8cce-d718a64c9399|3ea64e43-6b8e-5470-94e6-2abbcbdb2df0|d693a4f2-d5a1-5669-8958-fff7aeaab56b|f720c24e-3f2f-5fcc-984c-bbeae6ce78ee|dcb7ff14-972c-51eb-a2e8-d2aa6d260a6b|35ac4e59-26c8-5a65-b6d9-b758689ce408|1d239c97-ad57-51b3-8a67-ddf2c87311df|9a85e46d-a0ba-5351-99bc-3943f5a9b41c|b7181a3f-b44a-5a1c-8287-9494f60076d7|6b6b74d8-5241-5c8d-89b6-fe1c1f6bb611|8883fff4-eb7c-59f0-9c97-cc6c18120559|310362cf-fda4-5986-8e16-99d930787dfd,347f25f75112ba2e8f256687f70032567d8a75817e94accb09bc352cd6168d92,zenit-simulated-feature-snapshot-v1,simulated,False,False,False,False
01f0a71e-9945-500b-af4c-75c1b293c15d,00cb94fd-970b-5652-b9e8-aa30d6d12bc3,2026-09-25,SP021,195,100,left,30,8.92,8.0,35.29,30.31,5.72,45.3,84.7,1,N1,within,development_rehearsal,298586d5-75bb-5c7d-ab3c-6c735facbc98|a1c723d0-6701-5117-ab05-f5fc3652d1e5|eda797ef-756b-5808-b3e8-26f747960678|9f189603-7ac1-5325-9c7b-1a91bf098d10|a4b0f048-2b24-541b-85c3-46363da35b10|0e0f07aa-740a-5b1d-a164-a7f05d55e2ad|f473ad80-5242-5c8a-a1a3-cc22b56ef42a|e629bc9f-6c60-5cba-9be5-d706d9a0157e|597cd6c1-406d-5e1e-9222-b56875aa9f72|b7b93217-4cc3-5ca7-8f7a-73120cda843e|9d00bf81-9ee7-5df1-9624-18300e5e3be8|9f095570-b95a-5dad-a323-a652906788ff|9db5eb45-818e-576d-bc7e-9f8e2ac2f02a|ac836b4a-d5b1-5e9e-a12c-9e1da4461714|ac586994-7c50-50ac-abb5-4179427bae28,41d418c7e5e7423be19506e552a58daf8930a4917d7891afea472d8b0f6458e8,zenit-simulated-feature-snapshot-v1,simulated,False,False,False,False
9bdce85f-405c-54c7-8449-4f7f1274850b,4721c12b-0a1b-5b6a-9fb3-cb0b40d23bfb,2026-09-25,SP021,195,100,median,30,32.19,31.41,27.72,23.72,4.47,29.2,49.0,35,N3,exceeds,development_rehearsal,f144a952-1603-5229-b906-05bf41eaab1d|8efe0597-7f55-5203-bc5f-c75fa032a2d7|dc8ee188-f7b2-587c-88a3-8025ab62d730|306ff78e-f3fb-51a7-927e-48ce2f510be5|850653bb-7839-5123-b37b-5c7b34da1414|be8038f6-f4e2-5e9c-aad3-4231502cfbe9|fdb188be-01b4-5a7d-a322-af1e3c2b52ed|68e75325-6021-5143-a71d-5102f103a522|cbf1784f-f07a-574a-838d-4effbd541bcc|17646e84-04f5-5eeb-9065-725b0cc30c56|621e29bb-3104-58bb-a2d6-09415a1e7939|345ba5d7-1944-5fb2-a6c6-611f7e67a0c9|b4e1a98e-5915-5e08-8ae9-f5bfdfbd2a63|d229e7df-0fbc-5337-a411-b7010f8fbd50|45cdf7ed-111a-5adb-ad6b-be92aa7baf29,80fc1185a0debfaa2d1190f90ebe53a0faeda35ff2fea467b8a49b39a8235bcb,zenit-simulated-feature-snapshot-v1,simulated,False,False,False,False
f3f3c5dc-e85c-535c-8b0e-fe6cb8524c15,046003bd-58ac-5aca-8364-c934ce6319c8,2026-09-25,SP021,195,100,right,30,40.8,40.17,34.96,29.11,5.84,32.3,61.4,39,N3,exceeds,development_rehearsal,49581379-427a-5a24-b1b2-6cab794cb56c|d0213ca4-02b8-55d8-8237-752455257e60|99c4ec38-054b-5a12-8db9-bad46c54ca71|e111b5e3-6a62-5522-806d-6786c7be0530|daa1bec6-bece-56e2-844c-b03be3eb4672|df2b3cae-593f-5d01-b6e3-bca96ea3f2c6|701f36f7-7845-5522-a111-08a7c4744687|425acaa9-d373-5610-8a58-f305dfd7d36c|d7e00635-b796-5bdf-a948-ef411df58388|bcc44777-9237-57f2-bff3-010487e02a70|aabbebc4-a554-532c-bf7f-ea89cc5d71f0|4af6d31e-22bf-544a-94af-dea26635b863|a41274f6-b4d8-5ebe-972b-087f3972118b|edaaa554-2b63-54e7-bce9-5f5f93209159|a15d2591-6d27-5a93-8da4-4653fbdd8fd8,8fb24a28fcce0bf71342de78277a0230bcd56f6d700233b715c06fcee7f9272c,zenit-simulated-feature-snapshot-v1,simulated,False,False,False,False
45f8cce2-3390-537c-a848-d76642fca501,23232185-5c98-523a-a8a5-d53254b8a0d8,2026-09-25,SP021,195,100,special,10,7.98,7.43,12.71,8.45,4.19,36.9,58.4,5,N1,within,development_rehearsal,13a0e80d-c152-563d-893b-da18266e4ba4|1ae2eeb3-72db-5577-b435-cc164bbcef68|00dca0a0-7742-59ac-8cce-d718a64c9399|3ea64e43-6b8e-5470-94e6-2abbcbdb2df0|d693a4f2-d5a1-5669-8958-fff7aeaab56b|f720c24e-3f2f-5fcc-984c-bbeae6ce78ee|dcb7ff14-972c-51eb-a2e8-d2aa6d260a6b|35ac4e59-26c8-5a65-b6d9-b758689ce408|1d239c97-ad57-51b3-8a67-ddf2c87311df|9a85e46d-a0ba-5351-99bc-3943f5a9b41c|b7181a3f-b44a-5a1c-8287-9494f60076d7|6b6b74d8-5241-5c8d-89b6-fe1c1f6bb611|8883fff4-eb7c-59f0-9c97-cc6c18120559|310362cf-fda4-5986-8e16-99d930787dfd|4a1a4dfe-56cc-53e6-81bd-d72385a7019a,0d94f8793278d7d4adda8f26a52a541f9a25c412cec8882da0527809e291feaa,zenit-simulated-feature-snapshot-v1,simulated,False,False,False,False
24fdd1fa-e918-50b6-9d58-ff3e88e1572a,00cb94fd-970b-5652-b9e8-aa30d6d12bc3,2026-09-26,SP021,195,100,left,30,9.52,8.92,36.19,31.15,5.42,32.7,77.1,2,N1,within,development_rehearsal,a1c723d0-6701-5117-ab05-f5fc3652d1e5|eda797ef-756b-5808-b3e8-26f747960678|9f189603-7ac1-5325-9c7b-1a91bf098d10|a4b0f048-2b24-541b-85c3-46363da35b10|0e0f07aa-740a-5b1d-a164-a7f05d55e2ad|f473ad80-5242-5c8a-a1a3-cc22b56ef42a|e629bc9f-6c60-5cba-9be5-d706d9a0157e|597cd6c1-406d-5e1e-9222-b56875aa9f72|b7b93217-4cc3-5ca7-8f7a-73120cda843e|9d00bf81-9ee7-5df1-9624-18300e5e3be8|9f095570-b95a-5dad-a323-a652906788ff|9db5eb45-818e-576d-bc7e-9f8e2ac2f02a|ac836b4a-d5b1-5e9e-a12c-9e1da4461714|ac586994-7c50-50ac-abb5-4179427bae28|22872f41-1c08-5c73-a08a-f67962a52cd6,06180b335509bbc8bd7deb9b4ffc1985e9ebae3dbba170885bae13b54e1a49d8,zenit-simulated-feature-snapshot-v1,simulated,False,False,False,False
85106dca-b8de-586d-a981-a58c117bd24d,4721c12b-0a1b-5b6a-9fb3-cb0b40d23bfb,2026-09-26,SP021,195,100,median,30,33.16,32.19,28.37,24.28,4.79,36.8,59.4,36,N3,exceeds,development_rehearsal,8efe0597-7f55-5203-bc5f-c75fa032a2d7|dc8ee188-f7b2-587c-88a3-8025ab62d730|306ff78e-f3fb-51a7-927e-48ce2f510be5|850653bb-7839-5123-b37b-5c7b34da1414|be8038f6-f4e2-5e9c-aad3-4231502cfbe9|fdb188be-01b4-5a7d-a322-af1e3c2b52ed|68e75325-6021-5143-a71d-5102f103a522|cbf1784f-f07a-574a-838d-4effbd541bcc|17646e84-04f5-5eeb-9065-725b0cc30c56|621e29bb-3104-58bb-a2d6-09415a1e7939|345ba5d7-1944-5fb2-a6c6-611f7e67a0c9|b4e1a98e-5915-5e08-8ae9-f5bfdfbd2a63|d229e7df-0fbc-5337-a411-b7010f8fbd50|45cdf7ed-111a-5adb-ad6b-be92aa7baf29|cb91a7a1-b25f-5cf8-8d77-97d1dc0dd800,c8bf1a54ad29b2de6608eabb95e04a6df3d651e7ce3253352836d46c66990b23,zenit-simulated-feature-snapshot-v1,simulated,False,False,False,False
549b13b3-0b98-52de-8ac6-ff60ef426092,046003bd-58ac-5aca-8364-c934ce6319c8,2026-09-26,SP021,195,100,right,30,41.77,40.8,35.91,29.98,5.86,34.5,59.7,40,N3,exceeds,development_rehearsal,d0213ca4-02b8-55d8-8237-752455257e60|99c4ec38-054b-5a12-8db9-bad46c54ca71|e111b5e3-6a62-5522-806d-6786c7be0530|daa1bec6-bece-56e2-844c-b03be3eb4672|df2b3cae-593f-5d01-b6e3-bca96ea3f2c6|701f36f7-7845-5522-a111-08a7c4744687|425acaa9-d373-5610-8a58-f305dfd7d36c|d7e00635-b796-5bdf-a948-ef411df58388|bcc44777-9237-57f2-bff3-010487e02a70|aabbebc4-a554-532c-bf7f-ea89cc5d71f0|4af6d31e-22bf-544a-94af-dea26635b863|a41274f6-b4d8-5ebe-972b-087f3972118b|edaaa554-2b63-54e7-bce9-5f5f93209159|a15d2591-6d27-5a93-8da4-4653fbdd8fd8|0875dbd9-4b57-5c8c-8c3c-475907f73001,03328e098624f315d93a395c99030584a01575574ebdcbead9bc5466bdf2d360,zenit-simulated-feature-snapshot-v1,simulated,False,False,False,False
bf833461-580f-534e-8e2d-23613d78e34e,23232185-5c98-523a-a8a5-d53254b8a0d8,2026-09-26,SP021,195,100,special,10,8.61,7.98,13.16,9.03,4.37,34.7,60.7,6,N1,within,development_rehearsal,1ae2eeb3-72db-5577-b435-cc164bbcef68|00dca0a0-7742-59ac-8cce-d718a64c9399|3ea64e43-6b8e-5470-94e6-2abbcbdb2df0|d693a4f2-d5a1-5669-8958-fff7aeaab56b|f720c24e-3f2f-5fcc-984c-bbeae6ce78ee|dcb7ff14-972c-51eb-a2e8-d2aa6d260a6b|35ac4e59-26c8-5a65-b6d9-b758689ce408|1d239c97-ad57-51b3-8a67-ddf2c87311df|9a85e46d-a0ba-5351-99bc-3943f5a9b41c|b7181a3f-b44a-5a1c-8287-9494f60076d7|6b6b74d8-5241-5c8d-89b6-fe1c1f6bb611|8883fff4-eb7c-59f0-9c97-cc6c18120559|310362cf-fda4-5986-8e16-99d930787dfd|4a1a4dfe-56cc-53e6-81bd-d72385a7019a|ad133d3c-7de3-5e0f-b83e-aaea03e41202,74ec3da33a403874862f76144637de6063d9ad94096e8d7b2bf097f125f13064,zenit-simulated-feature-snapshot-v1,simulated,False,False,False,False
ee1855d7-d732-5765-b796-880fe628b159,00cb94fd-970b-5652-b9e8-aa30d6d12bc3,2026-09-27,SP021,195,100,left,30,10.41,9.52,36.93,31.92,5.57,32.5,74.0,3,N2,within,development_rehearsal,eda797ef-756b-5808-b3e8-26f747960678|9f189603-7ac1-5325-9c7b-1a91bf098d10|a4b0f048-2b24-541b-85c3-46363da35b10|0e0f07aa-740a-5b1d-a164-a7f05d55e2ad|f473ad80-5242-5c8a-a1a3-cc22b56ef42a|e629bc9f-6c60-5cba-9be5-d706d9a0157e|597cd6c1-406d-5e1e-9222-b56875aa9f72|b7b93217-4cc3-5ca7-8f7a-73120cda843e|9d00bf81-9ee7-5df1-9624-18300e5e3be8|9f095570-b95a-5dad-a323-a652906788ff|9db5eb45-818e-576d-bc7e-9f8e2ac2f02a|ac836b4a-d5b1-5e9e-a12c-9e1da4461714|ac586994-7c50-50ac-abb5-4179427bae28|22872f41-1c08-5c73-a08a-f67962a52cd6|c8cb187a-b0c0-5329-b1f4-261c22abef53,b582503407d767c7285e9626bdd15b47624d242e3329ec2c3f0b576d92a26993,zenit-simulated-feature-snapshot-v1,simulated,False,False,False,False
3e76f21c-44b1-5ede-a06a-7f256e3f8680,4721c12b-0a1b-5b6a-9fb3-cb0b40d23bfb,2026-09-27,SP021,195,100,median,30,34.04,33.16,28.85,24.93,5.19,46.2,63.9,37,N3,exceeds,development_rehearsal,dc8ee188-f7b2-587c-88a3-8025ab62d730|306ff78e-f3fb-51a7-927e-48ce2f510be5|850653bb-7839-5123-b37b-5c7b34da1414|be8038f6-f4e2-5e9c-aad3-4231502cfbe9|fdb188be-01b4-5a7d-a322-af1e3c2b52ed|68e75325-6021-5143-a71d-5102f103a522|cbf1784f-f07a-574a-838d-4effbd541bcc|17646e84-04f5-5eeb-9065-725b0cc30c56|621e29bb-3104-58bb-a2d6-09415a1e7939|345ba5d7-1944-5fb2-a6c6-611f7e67a0c9|b4e1a98e-5915-5e08-8ae9-f5bfdfbd2a63|d229e7df-0fbc-5337-a411-b7010f8fbd50|45cdf7ed-111a-5adb-ad6b-be92aa7baf29|cb91a7a1-b25f-5cf8-8d77-97d1dc0dd800|d0fc61ff-b03b-56dc-b933-8eaa4eba22fa,d7fd6f8f01bb9e6cda9fe1c3e887d9976696f73e6322fcc4acdcd400cf2b839d,zenit-simulated-feature-snapshot-v1,simulated,False,False,False,False
4ea8f7ab-a706-5f60-b257-97480e60ddf7,046003bd-58ac-5aca-8364-c934ce6319c8,2026-09-27,SP021,195,100,right,30,42.38,41.77,36.8,30.71,5.58,22.1,57.4,41,N3,exceeds,development_rehearsal,99c4ec38-054b-5a12-8db9-bad46c54ca71|e111b5e3-6a62-5522-806d-6786c7be0530|daa1bec6-bece-56e2-844c-b03be3eb4672|df2b3cae-593f-5d01-b6e3-bca96ea3f2c6|701f36f7-7845-5522-a111-08a7c4744687|425acaa9-d373-5610-8a58-f305dfd7d36c|d7e00635-b796-5bdf-a948-ef411df58388|bcc44777-9237-57f2-bff3-010487e02a70|aabbebc4-a554-532c-bf7f-ea89cc5d71f0|4af6d31e-22bf-544a-94af-dea26635b863|a41274f6-b4d8-5ebe-972b-087f3972118b|edaaa554-2b63-54e7-bce9-5f5f93209159|a15d2591-6d27-5a93-8da4-4653fbdd8fd8|0875dbd9-4b57-5c8c-8c3c-475907f73001|d945863e-e5d4-5f28-bb7d-b25f416b812d,99143d157e30d5ffc4e45e49bdb0171b72b52598b0d50f1e838bf22d1c5fd3b4,zenit-simulated-feature-snapshot-v1,simulated,False,False,False,False
25bce8a3-106c-5cb6-88a4-74710588e129,23232185-5c98-523a-a8a5-d53254b8a0d8,2026-09-27,SP021,195,100,special,10,9.29,8.61,5.0,9.5,4.29,35.4,68.0,7,N1,within,development_rehearsal,00dca0a0-7742-59ac-8cce-d718a64c9399|3ea64e43-6b8e-5470-94e6-2abbcbdb2df0|d693a4f2-d5a1-5669-8958-fff7aeaab56b|f720c24e-3f2f-5fcc-984c-bbeae6ce78ee|dcb7ff14-972c-51eb-a2e8-d2aa6d260a6b|35ac4e59-26c8-5a65-b6d9-b758689ce408|1d239c97-ad57-51b3-8a67-ddf2c87311df|9a85e46d-a0ba-5351-99bc-3943f5a9b41c|b7181a3f-b44a-5a1c-8287-9494f60076d7|6b6b74d8-5241-5c8d-89b6-fe1c1f6bb611|8883fff4-eb7c-59f0-9c97-cc6c18120559|310362cf-fda4-5986-8e16-99d930787dfd|4a1a4dfe-56cc-53e6-81bd-d72385a7019a|ad133d3c-7de3-5e0f-b83e-aaea03e41202|ccfceea6-aed0-5009-8dc3-aab42a2df483,4db0e0ec106240dc6672577b6cfe0280352acbb1d4e29c572d40fb1ccd72ed19,zenit-simulated-feature-snapshot-v1,simulated,False,False,False,False
627cf8f5-6781-5a9a-b9cd-c681acd157bb,00cb94fd-970b-5652-b9e8-aa30d6d12bc3,2026-09-28,SP021,195,100,left,30,11.16,10.41,37.69,32.53,5.56,34.1,76.0,4,N2,within,development_rehearsal,9f189603-7ac1-5325-9c7b-1a91bf098d10|a4b0f048-2b24-541b-85c3-46363da35b10|0e0f07aa-740a-5b1d-a164-a7f05d55e2ad|f473ad80-5242-5c8a-a1a3-cc22b56ef42a|e629bc9f-6c60-5cba-9be5-d706d9a0157e|597cd6c1-406d-5e1e-9222-b56875aa9f72|b7b93217-4cc3-5ca7-8f7a-73120cda843e|9d00bf81-9ee7-5df1-9624-18300e5e3be8|9f095570-b95a-5dad-a323-a652906788ff|9db5eb45-818e-576d-bc7e-9f8e2ac2f02a|ac836b4a-d5b1-5e9e-a12c-9e1da4461714|ac586994-7c50-50ac-abb5-4179427bae28|22872f41-1c08-5c73-a08a-f67962a52cd6|c8cb187a-b0c0-5329-b1f4-261c22abef53|8321cb8a-ed0a-53a5-8003-5809f76f1468,74f6086c12c27269e914c106cd084eb319df145420bc7ac3e44ada8b8defe8b0,zenit-simulated-feature-snapshot-v1,simulated,False,False,False,False
a808ab70-fe0d-52b5-8d1b-5a02fd6c28e7,4721c12b-0a1b-5b6a-9fb3-cb0b40d23bfb,2026-09-28,SP021,195,100,median,30,34.61,34.04,29.39,25.35,5.22,46.2,66.5,38,N3,exceeds,development_rehearsal,306ff78e-f3fb-51a7-927e-48ce2f510be5|850653bb-7839-5123-b37b-5c7b34da1414|be8038f6-f4e2-5e9c-aad3-4231502cfbe9|fdb188be-01b4-5a7d-a322-af1e3c2b52ed|68e75325-6021-5143-a71d-5102f103a522|cbf1784f-f07a-574a-838d-4effbd541bcc|17646e84-04f5-5eeb-9065-725b0cc30c56|621e29bb-3104-58bb-a2d6-09415a1e7939|345ba5d7-1944-5fb2-a6c6-611f7e67a0c9|b4e1a98e-5915-5e08-8ae9-f5bfdfbd2a63|d229e7df-0fbc-5337-a411-b7010f8fbd50|45cdf7ed-111a-5adb-ad6b-be92aa7baf29|cb91a7a1-b25f-5cf8-8d77-97d1dc0dd800|d0fc61ff-b03b-56dc-b933-8eaa4eba22fa|6579c52f-57af-58b8-85b9-069d2d5c36d6,0c64870ff5abdcd98f43b588f579a5fd51ceabc216e73fabbf45fc7504b82616,zenit-simulated-feature-snapshot-v1,simulated,False,False,False,False
87716fb8-50cf-562c-91d2-5c7749bde7ee,046003bd-58ac-5aca-8364-c934ce6319c8,2026-09-28,SP021,195,100,right,30,43.15,42.38,37.58,31.52,5.57,22.2,62.7,42,N3,exceeds,development_rehearsal,e111b5e3-6a62-5522-806d-6786c7be0530|daa1bec6-bece-56e2-844c-b03be3eb4672|df2b3cae-593f-5d01-b6e3-bca96ea3f2c6|701f36f7-7845-5522-a111-08a7c4744687|425acaa9-d373-5610-8a58-f305dfd7d36c|d7e00635-b796-5bdf-a948-ef411df58388|bcc44777-9237-57f2-bff3-010487e02a70|aabbebc4-a554-532c-bf7f-ea89cc5d71f0|4af6d31e-22bf-544a-94af-dea26635b863|a41274f6-b4d8-5ebe-972b-087f3972118b|edaaa554-2b63-54e7-bce9-5f5f93209159|a15d2591-6d27-5a93-8da4-4653fbdd8fd8|0875dbd9-4b57-5c8c-8c3c-475907f73001|d945863e-e5d4-5f28-bb7d-b25f416b812d|f2be2153-6b7e-5c60-ab3c-6dcff36d746b,47e8adafc8504d67a6f714035ec64b095333f8db05f1fb2ad3a3c24d792ea01f,zenit-simulated-feature-snapshot-v1,simulated,False,False,False,False
31733764-5e74-5d08-93b0-ed1af6f31091,23232185-5c98-523a-a8a5-d53254b8a0d8,2026-09-28,SP021,195,100,special,10,9.67,9.29,5.62,10.24,4.05,30.1,62.0,8,N1,within,development_rehearsal,3ea64e43-6b8e-5470-94e6-2abbcbdb2df0|d693a4f2-d5a1-5669-8958-fff7aeaab56b|f720c24e-3f2f-5fcc-984c-bbeae6ce78ee|dcb7ff14-972c-51eb-a2e8-d2aa6d260a6b|35ac4e59-26c8-5a65-b6d9-b758689ce408|1d239c97-ad57-51b3-8a67-ddf2c87311df|9a85e46d-a0ba-5351-99bc-3943f5a9b41c|b7181a3f-b44a-5a1c-8287-9494f60076d7|6b6b74d8-5241-5c8d-89b6-fe1c1f6bb611|8883fff4-eb7c-59f0-9c97-cc6c18120559|310362cf-fda4-5986-8e16-99d930787dfd|4a1a4dfe-56cc-53e6-81bd-d72385a7019a|ad133d3c-7de3-5e0f-b83e-aaea03e41202|ccfceea6-aed0-5009-8dc3-aab42a2df483|30914e38-e676-5e57-9d04-694ff290eab2,3f92653375fb92af7d68a89cbb9f20dd64d4d581f1141629315e4ab977b123ea,zenit-simulated-feature-snapshot-v1,simulated,False,False,False,False
b2d7c7d1-4478-5e6f-879e-9821198e797e,00cb94fd-970b-5652-b9e8-aa30d6d12bc3,2026-09-29,SP021,195,100,left,30,11.97,11.16,38.5,33.06,5.56,31.1,77.2,5,N2,within,development_rehearsal,a4b0f048-2b24-541b-85c3-46363da35b10|0e0f07aa-740a-5b1d-a164-a7f05d55e2ad|f473ad80-5242-5c8a-a1a3-cc22b56ef42a|e629bc9f-6c60-5cba-9be5-d706d9a0157e|597cd6c1-406d-5e1e-9222-b56875aa9f72|b7b93217-4cc3-5ca7-8f7a-73120cda843e|9d00bf81-9ee7-5df1-9624-18300e5e3be8|9f095570-b95a-5dad-a323-a652906788ff|9db5eb45-818e-576d-bc7e-9f8e2ac2f02a|ac836b4a-d5b1-5e9e-a12c-9e1da4461714|ac586994-7c50-50ac-abb5-4179427bae28|22872f41-1c08-5c73-a08a-f67962a52cd6|c8cb187a-b0c0-5329-b1f4-261c22abef53|8321cb8a-ed0a-53a5-8003-5809f76f1468|c772fa97-61bd-5b20-8531-95ce5edbed1d,0973fe74026158b5d5d68207e05a9621a370ce961bb59e2425093ecb69f50b98,zenit-simulated-feature-snapshot-v1,simulated,False,False,False,False
03997da0-1c9c-5e33-97ff-01d06eeccfb5,4721c12b-0a1b-5b6a-9fb3-cb0b40d23bfb,2026-09-29,SP021,195,100,median,30,35.38,34.61,30.13,26.05,5.25,51.2,76.5,39,N3,exceeds,development_rehearsal,850653bb-7839-5123-b37b-5c7b34da1414|be8038f6-f4e2-5e9c-aad3-4231502cfbe9|fdb188be-01b4-5a7d-a322-af1e3c2b52ed|68e75325-6021-5143-a71d-5102f103a522|cbf1784f-f07a-574a-838d-4effbd541bcc|17646e84-04f5-5eeb-9065-725b0cc30c56|621e29bb-3104-58bb-a2d6-09415a1e7939|345ba5d7-1944-5fb2-a6c6-611f7e67a0c9|b4e1a98e-5915-5e08-8ae9-f5bfdfbd2a63|d229e7df-0fbc-5337-a411-b7010f8fbd50|45cdf7ed-111a-5adb-ad6b-be92aa7baf29|cb91a7a1-b25f-5cf8-8d77-97d1dc0dd800|d0fc61ff-b03b-56dc-b933-8eaa4eba22fa|6579c52f-57af-58b8-85b9-069d2d5c36d6|8c3252e1-857f-5cc5-bad7-c51ccf0cbd20,b620127a016c1df84aecec3c54f4be893c31ece793582d953565eb4b030fe95f,zenit-simulated-feature-snapshot-v1,simulated,False,False,False,False
7d1447c8-869c-58b1-9328-cae90cd1ecd5,046003bd-58ac-5aca-8364-c934ce6319c8,2026-09-29,SP021,195,100,right,30,43.97,43.15,38.34,32.3,5.63,24.8,65.3,43,N3,exceeds,development_rehearsal,daa1bec6-bece-56e2-844c-b03be3eb4672|df2b3cae-593f-5d01-b6e3-bca96ea3f2c6|701f36f7-7845-5522-a111-08a7c4744687|425acaa9-d373-5610-8a58-f305dfd7d36c|d7e00635-b796-5bdf-a948-ef411df58388|bcc44777-9237-57f2-bff3-010487e02a70|aabbebc4-a554-532c-bf7f-ea89cc5d71f0|4af6d31e-22bf-544a-94af-dea26635b863|a41274f6-b4d8-5ebe-972b-087f3972118b|edaaa554-2b63-54e7-bce9-5f5f93209159|a15d2591-6d27-5a93-8da4-4653fbdd8fd8|0875dbd9-4b57-5c8c-8c3c-475907f73001|d945863e-e5d4-5f28-bb7d-b25f416b812d|f2be2153-6b7e-5c60-ab3c-6dcff36d746b|5763442e-dede-5c99-8b15-cabd54887722,809278d18400613ad8ebb7c9299b16cac448048c15601bcc6fc73c6f7b204b5f,zenit-simulated-feature-snapshot-v1,simulated,False,False,False,False
573adcc2-c96c-57de-bd5b-7f0d6130d2ab,23232185-5c98-523a-a8a5-d53254b8a0d8,2026-09-29,SP021,195,100,special,10,10.49,9.67,6.24,10.75,4.25,38.4,63.6,9,N2,exceeds,development_rehearsal,d693a4f2-d5a1-5669-8958-fff7aeaab56b|f720c24e-3f2f-5fcc-984c-bbeae6ce78ee|dcb7ff14-972c-51eb-a2e8-d2aa6d260a6b|35ac4e59-26c8-5a65-b6d9-b758689ce408|1d239c97-ad57-51b3-8a67-ddf2c87311df|9a85e46d-a0ba-5351-99bc-3943f5a9b41c|b7181a3f-b44a-5a1c-8287-9494f60076d7|6b6b74d8-5241-5c8d-89b6-fe1c1f6bb611|8883fff4-eb7c-59f0-9c97-cc6c18120559|310362cf-fda4-5986-8e16-99d930787dfd|4a1a4dfe-56cc-53e6-81bd-d72385a7019a|ad133d3c-7de3-5e0f-b83e-aaea03e41202|ccfceea6-aed0-5009-8dc3-aab42a2df483|30914e38-e676-5e57-9d04-694ff290eab2|11bd8cc9-b7f4-5c6f-9242-ef6e84cfe171,108957c44884873c2453d7f89f0d3546f2f8256f949f2155dd93af8b8db489a4,zenit-simulated-feature-snapshot-v1,simulated,False,False,False,False
608d2581-f2f2-58ac-aca2-e6e98741c96f,00cb94fd-970b-5652-b9e8-aa30d6d12bc3,2026-09-30,SP021,195,100,left,30,12.7,11.97,39.16,33.79,5.63,33.2,81.9,6,N2,within,development_rehearsal,0e0f07aa-740a-5b1d-a164-a7f05d55e2ad|f473ad80-5242-5c8a-a1a3-cc22b56ef42a|e629bc9f-6c60-5cba-9be5-d706d9a0157e|597cd6c1-406d-5e1e-9222-b56875aa9f72|b7b93217-4cc3-5ca7-8f7a-73120cda843e|9d00bf81-9ee7-5df1-9624-18300e5e3be8|9f095570-b95a-5dad-a323-a652906788ff|9db5eb45-818e-576d-bc7e-9f8e2ac2f02a|ac836b4a-d5b1-5e9e-a12c-9e1da4461714|ac586994-7c50-50ac-abb5-4179427bae28|22872f41-1c08-5c73-a08a-f67962a52cd6|c8cb187a-b0c0-5329-b1f4-261c22abef53|8321cb8a-ed0a-53a5-8003-5809f76f1468|c772fa97-61bd-5b20-8531-95ce5edbed1d|43133d6d-8d91-5bb8-ae57-ff08a531b02c,f084fe0ff4296ccb97074f283cebe1b3ae692c212c1ddff093533cd434838e71,zenit-simulated-feature-snapshot-v1,simulated,False,False,False,False
2083160c-03ed-5ae1-94f1-b45b1a7160c4,4721c12b-0a1b-5b6a-9fb3-cb0b40d23bfb,2026-09-30,SP021,195,100,median,30,36.42,35.38,30.86,26.56,5.56,57.7,87.9,40,N3,exceeds,development_rehearsal,be8038f6-f4e2-5e9c-aad3-4231502cfbe9|fdb188be-01b4-5a7d-a322-af1e3c2b52ed|68e75325-6021-5143-a71d-5102f103a522|cbf1784f-f07a-574a-838d-4effbd541bcc|17646e84-04f5-5eeb-9065-725b0cc30c56|621e29bb-3104-58bb-a2d6-09415a1e7939|345ba5d7-1944-5fb2-a6c6-611f7e67a0c9|b4e1a98e-5915-5e08-8ae9-f5bfdfbd2a63|d229e7df-0fbc-5337-a411-b7010f8fbd50|45cdf7ed-111a-5adb-ad6b-be92aa7baf29|cb91a7a1-b25f-5cf8-8d77-97d1dc0dd800|d0fc61ff-b03b-56dc-b933-8eaa4eba22fa|6579c52f-57af-58b8-85b9-069d2d5c36d6|8c3252e1-857f-5cc5-bad7-c51ccf0cbd20|7e7c698c-d05d-5b8f-be17-4a2beadd36d1,9ee61179e6189d10dced68c99ee77f3c82c22fb8e16b80dbf9e7446c7501fea3,zenit-simulated-feature-snapshot-v1,simulated,False,False,False,False
c6e5e8d0-1349-51b5-9f86-b98c9101e26b,046003bd-58ac-5aca-8364-c934ce6319c8,2026-09-30,SP021,195,100,right,30,45.14,43.97,39.34,32.92,5.8,31.4,75.1,44,N3,exceeds,development_rehearsal,df2b3cae-593f-5d01-b6e3-bca96ea3f2c6|701f36f7-7845-5522-a111-08a7c4744687|425acaa9-d373-5610-8a58-f305dfd7d36c|d7e00635-b796-5bdf-a948-ef411df58388|bcc44777-9237-57f2-bff3-010487e02a70|aabbebc4-a554-532c-bf7f-ea89cc5d71f0|4af6d31e-22bf-544a-94af-dea26635b863|a41274f6-b4d8-5ebe-972b-087f3972118b|edaaa554-2b63-54e7-bce9-5f5f93209159|a15d2591-6d27-5a93-8da4-4653fbdd8fd8|0875dbd9-4b57-5c8c-8c3c-475907f73001|d945863e-e5d4-5f28-bb7d-b25f416b812d|f2be2153-6b7e-5c60-ab3c-6dcff36d746b|5763442e-dede-5c99-8b15-cabd54887722|3b5111eb-a43e-59a3-ba7f-96765a176f3a,396bd341f9f30d7df2d8cbcd9a665613add46db7ea737ef0a81f1fc952c734b3,zenit-simulated-feature-snapshot-v1,simulated,False,False,False,False
145c60d2-9114-5ffa-a7bc-a996c143728f,23232185-5c98-523a-a8a5-d53254b8a0d8,2026-09-30,SP021,195,100,special,10,11.08,10.49,6.94,11.61,4.14,31.2,59.0,10,N2,exceeds,development_rehearsal,f720c24e-3f2f-5fcc-984c-bbeae6ce78ee|dcb7ff14-972c-51eb-a2e8-d2aa6d260a6b|35ac4e59-26c8-5a65-b6d9-b758689ce408|1d239c97-ad57-51b3-8a67-ddf2c87311df|9a85e46d-a0ba-5351-99bc-3943f5a9b41c|b7181a3f-b44a-5a1c-8287-9494f60076d7|6b6b74d8-5241-5c8d-89b6-fe1c1f6bb611|8883fff4-eb7c-59f0-9c97-cc6c18120559|310362cf-fda4-5986-8e16-99d930787dfd|4a1a4dfe-56cc-53e6-81bd-d72385a7019a|ad133d3c-7de3-5e0f-b83e-aaea03e41202|ccfceea6-aed0-5009-8dc3-aab42a2df483|30914e38-e676-5e57-9d04-694ff290eab2|11bd8cc9-b7f4-5c6f-9242-ef6e84cfe171|ad4630b2-d9d2-5977-b2f2-eeb6926636d7,fbdd3cdab9bc304b2951f3fe33c3d83ffaab17e795f4e8f249610ec8764e7963,zenit-simulated-feature-snapshot-v1,simulated,False,False,False,False
39eabf92-ac78-568a-ac83-a858598838d5,00cb94fd-970b-5652-b9e8-aa30d6d12bc3,2026-10-01,SP021,195,100,left,30,13.57,12.7,8.0,34.61,5.57,33.0,77.7,7,N2,within,development_rehearsal,f473ad80-5242-5c8a-a1a3-cc22b56ef42a|e629bc9f-6c60-5cba-9be5-d706d9a0157e|597cd6c1-406d-5e1e-9222-b56875aa9f72|b7b93217-4cc3-5ca7-8f7a-73120cda843e|9d00bf81-9ee7-5df1-9624-18300e5e3be8|9f095570-b95a-5dad-a323-a652906788ff|9db5eb45-818e-576d-bc7e-9f8e2ac2f02a|ac836b4a-d5b1-5e9e-a12c-9e1da4461714|ac586994-7c50-50ac-abb5-4179427bae28|22872f41-1c08-5c73-a08a-f67962a52cd6|c8cb187a-b0c0-5329-b1f4-261c22abef53|8321cb8a-ed0a-53a5-8003-5809f76f1468|c772fa97-61bd-5b20-8531-95ce5edbed1d|43133d6d-8d91-5bb8-ae57-ff08a531b02c|3d0a80bb-1ecf-5604-bff7-d287e633bc53,62ed3d115e027011b98c1623d5b195f665b6f8f9f2625ffe377f2a11da6bad97,zenit-simulated-feature-snapshot-v1,simulated,False,False,False,False
3c1879ab-e208-513f-b1a8-d681adfd20d2,4721c12b-0a1b-5b6a-9fb3-cb0b40d23bfb,2026-10-01,SP021,195,100,median,30,37.24,36.42,31.41,27.04,5.83,62.5,96.0,41,N3,exceeds,development_rehearsal,fdb188be-01b4-5a7d-a322-af1e3c2b52ed|68e75325-6021-5143-a71d-5102f103a522|cbf1784f-f07a-574a-838d-4effbd541bcc|17646e84-04f5-5eeb-9065-725b0cc30c56|621e29bb-3104-58bb-a2d6-09415a1e7939|345ba5d7-1944-5fb2-a6c6-611f7e67a0c9|b4e1a98e-5915-5e08-8ae9-f5bfdfbd2a63|d229e7df-0fbc-5337-a411-b7010f8fbd50|45cdf7ed-111a-5adb-ad6b-be92aa7baf29|cb91a7a1-b25f-5cf8-8d77-97d1dc0dd800|d0fc61ff-b03b-56dc-b933-8eaa4eba22fa|6579c52f-57af-58b8-85b9-069d2d5c36d6|8c3252e1-857f-5cc5-bad7-c51ccf0cbd20|7e7c698c-d05d-5b8f-be17-4a2beadd36d1|f031f278-d02c-5a0c-84b5-df418c471eec,6dfe7718a71c9b45dd2e2dfa4ab22d09aa8d401e20e037a27e7387c4c4ccb5ae,zenit-simulated-feature-snapshot-v1,simulated,False,False,False,False
700fb024-1dcb-5c5c-b402-1cba25fbaaba,046003bd-58ac-5aca-8364-c934ce6319c8,2026-10-01,SP021,195,100,right,30,8.0,45.14,40.17,33.9,5.88,29.6,71.8,0,N1,within,development_rehearsal,701f36f7-7845-5522-a111-08a7c4744687|425acaa9-d373-5610-8a58-f305dfd7d36c|d7e00635-b796-5bdf-a948-ef411df58388|bcc44777-9237-57f2-bff3-010487e02a70|aabbebc4-a554-532c-bf7f-ea89cc5d71f0|4af6d31e-22bf-544a-94af-dea26635b863|a41274f6-b4d8-5ebe-972b-087f3972118b|edaaa554-2b63-54e7-bce9-5f5f93209159|a15d2591-6d27-5a93-8da4-4653fbdd8fd8|0875dbd9-4b57-5c8c-8c3c-475907f73001|d945863e-e5d4-5f28-bb7d-b25f416b812d|f2be2153-6b7e-5c60-ab3c-6dcff36d746b|5763442e-dede-5c99-8b15-cabd54887722|3b5111eb-a43e-59a3-ba7f-96765a176f3a|ee2f09ed-89d1-53e2-9023-0707ca12b2a0,08934ffc242d530b4732e8ddb738ebe8a8ffd8f2b813f482cedb2728e70be9b8,zenit-simulated-feature-snapshot-v1,simulated,False,False,False,False
3c71b885-482b-56de-a061-c2ebf9dd6f38,23232185-5c98-523a-a8a5-d53254b8a0d8,2026-10-01,SP021,195,100,special,10,11.75,11.08,7.43,12.12,4.32,29.9,63.1,11,N2,exceeds,development_rehearsal,dcb7ff14-972c-51eb-a2e8-d2aa6d260a6b|35ac4e59-26c8-5a65-b6d9-b758689ce408|1d239c97-ad57-51b3-8a67-ddf2c87311df|9a85e46d-a0ba-5351-99bc-3943f5a9b41c|b7181a3f-b44a-5a1c-8287-9494f60076d7|6b6b74d8-5241-5c8d-89b6-fe1c1f6bb611|8883fff4-eb7c-59f0-9c97-cc6c18120559|310362cf-fda4-5986-8e16-99d930787dfd|4a1a4dfe-56cc-53e6-81bd-d72385a7019a|ad133d3c-7de3-5e0f-b83e-aaea03e41202|ccfceea6-aed0-5009-8dc3-aab42a2df483|30914e38-e676-5e57-9d04-694ff290eab2|11bd8cc9-b7f4-5c6f-9242-ef6e84cfe171|ad4630b2-d9d2-5977-b2f2-eeb6926636d7|ad879b1d-6333-501b-b7a9-35753f1be25e,3542dfc911020b58f833c3102f62f4c996529b3516732a591d8b38bac815c4a2,zenit-simulated-feature-snapshot-v1,simulated,False,False,False,False
3b575982-e268-5ee8-9ed3-cdc7b0890c9b,00cb94fd-970b-5652-b9e8-aa30d6d12bc3,2026-10-02,SP021,195,100,left,30,14.55,13.57,8.92,35.29,5.63,34.6,79.9,8,N2,within,development_rehearsal,e629bc9f-6c60-5cba-9be5-d706d9a0157e|597cd6c1-406d-5e1e-9222-b56875aa9f72|b7b93217-4cc3-5ca7-8f7a-73120cda843e|9d00bf81-9ee7-5df1-9624-18300e5e3be8|9f095570-b95a-5dad-a323-a652906788ff|9db5eb45-818e-576d-bc7e-9f8e2ac2f02a|ac836b4a-d5b1-5e9e-a12c-9e1da4461714|ac586994-7c50-50ac-abb5-4179427bae28|22872f41-1c08-5c73-a08a-f67962a52cd6|c8cb187a-b0c0-5329-b1f4-261c22abef53|8321cb8a-ed0a-53a5-8003-5809f76f1468|c772fa97-61bd-5b20-8531-95ce5edbed1d|43133d6d-8d91-5bb8-ae57-ff08a531b02c|3d0a80bb-1ecf-5604-bff7-d287e633bc53|79b69f7e-8cfe-5ff0-9923-b445419f2cbb,26c52cf89320a51609fde29bb30f11dea853b90762c898831d5f58ab0faef33b,zenit-simulated-feature-snapshot-v1,simulated,False,False,False,False
dee5da2d-517d-574e-815b-a9b4ac867c1a,4721c12b-0a1b-5b6a-9fb3-cb0b40d23bfb,2026-10-02,SP021,195,100,median,30,38.16,37.24,32.19,27.72,5.97,67.9,97.1,42,N3,exceeds,development_rehearsal,68e75325-6021-5143-a71d-5102f103a522|cbf1784f-f07a-574a-838d-4effbd541bcc|17646e84-04f5-5eeb-9065-725b0cc30c56|621e29bb-3104-58bb-a2d6-09415a1e7939|345ba5d7-1944-5fb2-a6c6-611f7e67a0c9|b4e1a98e-5915-5e08-8ae9-f5bfdfbd2a63|d229e7df-0fbc-5337-a411-b7010f8fbd50|45cdf7ed-111a-5adb-ad6b-be92aa7baf29|cb91a7a1-b25f-5cf8-8d77-97d1dc0dd800|d0fc61ff-b03b-56dc-b933-8eaa4eba22fa|6579c52f-57af-58b8-85b9-069d2d5c36d6|8c3252e1-857f-5cc5-bad7-c51ccf0cbd20|7e7c698c-d05d-5b8f-be17-4a2beadd36d1|f031f278-d02c-5a0c-84b5-df418c471eec|1c1437d6-cce0-5e20-84c6-57bd10eccb8a,89b7177b1e8fecde27b906d9504f8cb8bffd4fc6d2b43aca9432068edaa5d720,zenit-simulated-feature-snapshot-v1,simulated,False,False,False,False
ec31994c-ca9a-5896-aa94-1435e0d810a7,046003bd-58ac-5aca-8364-c934ce6319c8,2026-10-02,SP021,195,100,right,30,8.63,8.0,40.8,34.96,5.88,29.6,61.9,1,N1,within,development_rehearsal,425acaa9-d373-5610-8a58-f305dfd7d36c|d7e00635-b796-5bdf-a948-ef411df58388|bcc44777-9237-57f2-bff3-010487e02a70|aabbebc4-a554-532c-bf7f-ea89cc5d71f0|4af6d31e-22bf-544a-94af-dea26635b863|a41274f6-b4d8-5ebe-972b-087f3972118b|edaaa554-2b63-54e7-bce9-5f5f93209159|a15d2591-6d27-5a93-8da4-4653fbdd8fd8|0875dbd9-4b57-5c8c-8c3c-475907f73001|d945863e-e5d4-5f28-bb7d-b25f416b812d|f2be2153-6b7e-5c60-ab3c-6dcff36d746b|5763442e-dede-5c99-8b15-cabd54887722|3b5111eb-a43e-59a3-ba7f-96765a176f3a|ee2f09ed-89d1-53e2-9023-0707ca12b2a0|b26b52ee-ed30-58ff-bc46-acd83586f3a1,bce99b1151b328aee6e89b1f259cea23d12831e90694f3076f51e57548a8cdfd,zenit-simulated-feature-snapshot-v1,simulated,False,False,False,False
58c06dcc-0129-50aa-9f78-9a1309394746,23232185-5c98-523a-a8a5-d53254b8a0d8,2026-10-02,SP021,195,100,special,10,12.24,11.75,7.98,12.71,4.26,26.2,63.1,12,N2,exceeds,development_rehearsal,35ac4e59-26c8-5a65-b6d9-b758689ce408|1d239c97-ad57-51b3-8a67-ddf2c87311df|9a85e46d-a0ba-5351-99bc-3943f5a9b41c|b7181a3f-b44a-5a1c-8287-9494f60076d7|6b6b74d8-5241-5c8d-89b6-fe1c1f6bb611|8883fff4-eb7c-59f0-9c97-cc6c18120559|310362cf-fda4-5986-8e16-99d930787dfd|4a1a4dfe-56cc-53e6-81bd-d72385a7019a|ad133d3c-7de3-5e0f-b83e-aaea03e41202|ccfceea6-aed0-5009-8dc3-aab42a2df483|30914e38-e676-5e57-9d04-694ff290eab2|11bd8cc9-b7f4-5c6f-9242-ef6e84cfe171|ad4630b2-d9d2-5977-b2f2-eeb6926636d7|ad879b1d-6333-501b-b7a9-35753f1be25e|3da48830-1adb-58a0-a218-aee46ec7ae9f,c514599178d13020942faea4f4bfb66223ff3fe85465b49f6087c4635acf0c60,zenit-simulated-feature-snapshot-v1,simulated,False,False,False,False
0b507f38-ac4d-5e4b-9930-d2fc44622244,00cb94fd-970b-5652-b9e8-aa30d6d12bc3,2026-10-03,SP021,195,100,left,30,15.26,14.55,9.52,36.19,5.74,34.9,67.6,9,N2,within,development_rehearsal,597cd6c1-406d-5e1e-9222-b56875aa9f72|b7b93217-4cc3-5ca7-8f7a-73120cda843e|9d00bf81-9ee7-5df1-9624-18300e5e3be8|9f095570-b95a-5dad-a323-a652906788ff|9db5eb45-818e-576d-bc7e-9f8e2ac2f02a|ac836b4a-d5b1-5e9e-a12c-9e1da4461714|ac586994-7c50-50ac-abb5-4179427bae28|22872f41-1c08-5c73-a08a-f67962a52cd6|c8cb187a-b0c0-5329-b1f4-261c22abef53|8321cb8a-ed0a-53a5-8003-5809f76f1468|c772fa97-61bd-5b20-8531-95ce5edbed1d|43133d6d-8d91-5bb8-ae57-ff08a531b02c|3d0a80bb-1ecf-5604-bff7-d287e633bc53|79b69f7e-8cfe-5ff0-9923-b445419f2cbb|d5e8652e-cb8b-5efc-abaa-6b54ad566b22,2bdf5743dcc242b7f0fe8a3ba10b250808e328962c8466b7c7afb875a78f9561,zenit-simulated-feature-snapshot-v1,simulated,False,False,False,False
22c223d5-4af2-5fbb-bb27-7e3bda6d9492,4721c12b-0a1b-5b6a-9fb3-cb0b40d23bfb,2026-10-03,SP021,195,100,median,30,38.79,38.16,33.16,28.37,5.63,58.8,95.6,43,N3,exceeds,development_rehearsal,cbf1784f-f07a-574a-838d-4effbd541bcc|17646e84-04f5-5eeb-9065-725b0cc30c56|621e29bb-3104-58bb-a2d6-09415a1e7939|345ba5d7-1944-5fb2-a6c6-611f7e67a0c9|b4e1a98e-5915-5e08-8ae9-f5bfdfbd2a63|d229e7df-0fbc-5337-a411-b7010f8fbd50|45cdf7ed-111a-5adb-ad6b-be92aa7baf29|cb91a7a1-b25f-5cf8-8d77-97d1dc0dd800|d0fc61ff-b03b-56dc-b933-8eaa4eba22fa|6579c52f-57af-58b8-85b9-069d2d5c36d6|8c3252e1-857f-5cc5-bad7-c51ccf0cbd20|7e7c698c-d05d-5b8f-be17-4a2beadd36d1|f031f278-d02c-5a0c-84b5-df418c471eec|1c1437d6-cce0-5e20-84c6-57bd10eccb8a|b09e7243-e5d6-5db9-91d5-09ef100ba2ee,89f1176746428fa074792da17b4ddfe8d539fadcb9e20cb1aae155429cd933e5,zenit-simulated-feature-snapshot-v1,simulated,False,False,False,False
823ba094-24e3-5d4c-99a6-ebbd3f80c139,046003bd-58ac-5aca-8364-c934ce6319c8,2026-10-03,SP021,195,100,right,30,9.34,8.63,41.77,35.91,5.62,26.2,60.7,2,N1,within,development_rehearsal,d7e00635-b796-5bdf-a948-ef411df58388|bcc44777-9237-57f2-bff3-010487e02a70|aabbebc4-a554-532c-bf7f-ea89cc5d71f0|4af6d31e-22bf-544a-94af-dea26635b863|a41274f6-b4d8-5ebe-972b-087f3972118b|edaaa554-2b63-54e7-bce9-5f5f93209159|a15d2591-6d27-5a93-8da4-4653fbdd8fd8|0875dbd9-4b57-5c8c-8c3c-475907f73001|d945863e-e5d4-5f28-bb7d-b25f416b812d|f2be2153-6b7e-5c60-ab3c-6dcff36d746b|5763442e-dede-5c99-8b15-cabd54887722|3b5111eb-a43e-59a3-ba7f-96765a176f3a|ee2f09ed-89d1-53e2-9023-0707ca12b2a0|b26b52ee-ed30-58ff-bc46-acd83586f3a1|10c6d6bb-472f-53d7-a1d1-08ff0c5385f4,afd46dc3c2e3d5ea1a04e6f79ecfde1288d6715fdd223e0d751f6a09e36d525f,zenit-simulated-feature-snapshot-v1,simulated,False,False,False,False
5bbdc8d1-3e4e-568c-91f0-5cfda107f1d0,23232185-5c98-523a-a8a5-d53254b8a0d8,2026-10-03,SP021,195,100,special,10,12.82,12.24,8.61,13.16,4.21,23.9,58.6,13,N2,exceeds,development_rehearsal,1d239c97-ad57-51b3-8a67-ddf2c87311df|9a85e46d-a0ba-5351-99bc-3943f5a9b41c|b7181a3f-b44a-5a1c-8287-9494f60076d7|6b6b74d8-5241-5c8d-89b6-fe1c1f6bb611|8883fff4-eb7c-59f0-9c97-cc6c18120559|310362cf-fda4-5986-8e16-99d930787dfd|4a1a4dfe-56cc-53e6-81bd-d72385a7019a|ad133d3c-7de3-5e0f-b83e-aaea03e41202|ccfceea6-aed0-5009-8dc3-aab42a2df483|30914e38-e676-5e57-9d04-694ff290eab2|11bd8cc9-b7f4-5c6f-9242-ef6e84cfe171|ad4630b2-d9d2-5977-b2f2-eeb6926636d7|ad879b1d-6333-501b-b7a9-35753f1be25e|3da48830-1adb-58a0-a218-aee46ec7ae9f|70836604-9b5c-5442-8fc4-aaccf1a61088,c35ba61a63f56f4dfaad71736036d4bd4e76b43b5a43ec846a0ce3e1dfc630c8,zenit-simulated-feature-snapshot-v1,simulated,False,False,False,False
548f4bb5-07b4-5b91-9cfa-4c8ce49fad95,00cb94fd-970b-5652-b9e8-aa30d6d12bc3,2026-10-04,SP021,195,100,left,30,15.98,15.26,10.41,36.93,5.57,28.8,61.3,10,N2,within,development_rehearsal,b7b93217-4cc3-5ca7-8f7a-73120cda843e|9d00bf81-9ee7-5df1-9624-18300e5e3be8|9f095570-b95a-5dad-a323-a652906788ff|9db5eb45-818e-576d-bc7e-9f8e2ac2f02a|ac836b4a-d5b1-5e9e-a12c-9e1da4461714|ac586994-7c50-50ac-abb5-4179427bae28|22872f41-1c08-5c73-a08a-f67962a52cd6|c8cb187a-b0c0-5329-b1f4-261c22abef53|8321cb8a-ed0a-53a5-8003-5809f76f1468|c772fa97-61bd-5b20-8531-95ce5edbed1d|43133d6d-8d91-5bb8-ae57-ff08a531b02c|3d0a80bb-1ecf-5604-bff7-d287e633bc53|79b69f7e-8cfe-5ff0-9923-b445419f2cbb|d5e8652e-cb8b-5efc-abaa-6b54ad566b22|5a1444e5-07d5-5535-afb2-4a8b5e68e166,925ecc4de111d7e4dac51089edf899346fdd3a951d909c027c728d2663f78684,zenit-simulated-feature-snapshot-v1,simulated,False,False,False,False
e19b9d13-8a2e-5921-9851-c6a7f24fb8b7,4721c12b-0a1b-5b6a-9fb3-cb0b40d23bfb,2026-10-04,SP021,195,100,median,30,39.7,38.79,34.04,28.85,5.66,57.4,103.6,44,N3,exceeds,development_rehearsal,17646e84-04f5-5eeb-9065-725b0cc30c56|621e29bb-3104-58bb-a2d6-09415a1e7939|345ba5d7-1944-5fb2-a6c6-611f7e67a0c9|b4e1a98e-5915-5e08-8ae9-f5bfdfbd2a63|d229e7df-0fbc-5337-a411-b7010f8fbd50|45cdf7ed-111a-5adb-ad6b-be92aa7baf29|cb91a7a1-b25f-5cf8-8d77-97d1dc0dd800|d0fc61ff-b03b-56dc-b933-8eaa4eba22fa|6579c52f-57af-58b8-85b9-069d2d5c36d6|8c3252e1-857f-5cc5-bad7-c51ccf0cbd20|7e7c698c-d05d-5b8f-be17-4a2beadd36d1|f031f278-d02c-5a0c-84b5-df418c471eec|1c1437d6-cce0-5e20-84c6-57bd10eccb8a|b09e7243-e5d6-5db9-91d5-09ef100ba2ee|4071a760-f56a-59bc-9ffa-47d8f68e8a8c,94cc976fead1b57940c2078eff50c1ffe8a9166b1876bb2cede5e5bc7666fcd5,zenit-simulated-feature-snapshot-v1,simulated,False,False,False,False
8f1accbe-5b07-5173-abcd-8873d13fc366,046003bd-58ac-5aca-8364-c934ce6319c8,2026-10-04,SP021,195,100,right,30,10.11,9.34,42.38,36.8,5.78,26.2,48.3,3,N2,within,development_rehearsal,bcc44777-9237-57f2-bff3-010487e02a70|aabbebc4-a554-532c-bf7f-ea89cc5d71f0|4af6d31e-22bf-544a-94af-dea26635b863|a41274f6-b4d8-5ebe-972b-087f3972118b|edaaa554-2b63-54e7-bce9-5f5f93209159|a15d2591-6d27-5a93-8da4-4653fbdd8fd8|0875dbd9-4b57-5c8c-8c3c-475907f73001|d945863e-e5d4-5f28-bb7d-b25f416b812d|f2be2153-6b7e-5c60-ab3c-6dcff36d746b|5763442e-dede-5c99-8b15-cabd54887722|3b5111eb-a43e-59a3-ba7f-96765a176f3a|ee2f09ed-89d1-53e2-9023-0707ca12b2a0|b26b52ee-ed30-58ff-bc46-acd83586f3a1|10c6d6bb-472f-53d7-a1d1-08ff0c5385f4|43901ffd-ddc9-579b-a083-3507aee8964a,3b5e5b49317e3eaa56618282c4b96f8ae00f9fded825320d6ddc35ca795eda94,zenit-simulated-feature-snapshot-v1,simulated,False,False,False,False
a98ab83b-acd0-5fd7-be01-b2cc3a626aa3,23232185-5c98-523a-a8a5-d53254b8a0d8,2026-10-04,SP021,195,100,special,10,5.0,12.82,9.29,5.0,3.95,17.5,52.9,0,N1,within,development_rehearsal,9a85e46d-a0ba-5351-99bc-3943f5a9b41c|b7181a3f-b44a-5a1c-8287-9494f60076d7|6b6b74d8-5241-5c8d-89b6-fe1c1f6bb611|8883fff4-eb7c-59f0-9c97-cc6c18120559|310362cf-fda4-5986-8e16-99d930787dfd|4a1a4dfe-56cc-53e6-81bd-d72385a7019a|ad133d3c-7de3-5e0f-b83e-aaea03e41202|ccfceea6-aed0-5009-8dc3-aab42a2df483|30914e38-e676-5e57-9d04-694ff290eab2|11bd8cc9-b7f4-5c6f-9242-ef6e84cfe171|ad4630b2-d9d2-5977-b2f2-eeb6926636d7|ad879b1d-6333-501b-b7a9-35753f1be25e|3da48830-1adb-58a0-a218-aee46ec7ae9f|70836604-9b5c-5442-8fc4-aaccf1a61088|765a6ac2-d984-54cb-a6fd-ba88c677768b,36b06a23b981bf6722cca8d199a8b75092621c6690cb0bc23ff01eff7a847560,zenit-simulated-feature-snapshot-v1,simulated,False,False,False,False
c3eb59a7-bc13-5c48-990f-403b70c461d7,00cb94fd-970b-5652-b9e8-aa30d6d12bc3,2026-10-05,SP021,195,100,left,30,16.85,15.98,11.16,37.69,5.69,29.8,63.9,11,N2,within,development_rehearsal,9d00bf81-9ee7-5df1-9624-18300e5e3be8|9f095570-b95a-5dad-a323-a652906788ff|9db5eb45-818e-576d-bc7e-9f8e2ac2f02a|ac836b4a-d5b1-5e9e-a12c-9e1da4461714|ac586994-7c50-50ac-abb5-4179427bae28|22872f41-1c08-5c73-a08a-f67962a52cd6|c8cb187a-b0c0-5329-b1f4-261c22abef53|8321cb8a-ed0a-53a5-8003-5809f76f1468|c772fa97-61bd-5b20-8531-95ce5edbed1d|43133d6d-8d91-5bb8-ae57-ff08a531b02c|3d0a80bb-1ecf-5604-bff7-d287e633bc53|79b69f7e-8cfe-5ff0-9923-b445419f2cbb|d5e8652e-cb8b-5efc-abaa-6b54ad566b22|5a1444e5-07d5-5535-afb2-4a8b5e68e166|db84c808-dc1d-5711-8bbe-1a7e46eef0d9,c2cd5d88a17266d70ee52794b9d54568d12245c3b261628d76882d036e88c4a1,zenit-simulated-feature-snapshot-v1,simulated,False,False,False,False
ee9305fa-3f81-5b7b-bcb3-c1004574d1db,4721c12b-0a1b-5b6a-9fb3-cb0b40d23bfb,2026-10-05,SP021,195,100,median,30,40.26,39.7,34.61,29.39,5.65,55.0,101.2,45,N3,exceeds,development_rehearsal,621e29bb-3104-58bb-a2d6-09415a1e7939|345ba5d7-1944-5fb2-a6c6-611f7e67a0c9|b4e1a98e-5915-5e08-8ae9-f5bfdfbd2a63|d229e7df-0fbc-5337-a411-b7010f8fbd50|45cdf7ed-111a-5adb-ad6b-be92aa7baf29|cb91a7a1-b25f-5cf8-8d77-97d1dc0dd800|d0fc61ff-b03b-56dc-b933-8eaa4eba22fa|6579c52f-57af-58b8-85b9-069d2d5c36d6|8c3252e1-857f-5cc5-bad7-c51ccf0cbd20|7e7c698c-d05d-5b8f-be17-4a2beadd36d1|f031f278-d02c-5a0c-84b5-df418c471eec|1c1437d6-cce0-5e20-84c6-57bd10eccb8a|b09e7243-e5d6-5db9-91d5-09ef100ba2ee|4071a760-f56a-59bc-9ffa-47d8f68e8a8c|8efab899-c612-5b21-8cd5-768c4a068eed,bb0c5dffeab190fbc1f91b8170139eb5e94fd6c52bcb14edd478ad2350f45716,zenit-simulated-feature-snapshot-v1,simulated,False,False,False,False
e51055ab-cab1-5f2b-ac12-9f71c75beb24,046003bd-58ac-5aca-8364-c934ce6319c8,2026-10-05,SP021,195,100,right,30,10.74,10.11,43.15,37.58,5.64,19.9,42.1,4,N2,within,development_rehearsal,aabbebc4-a554-532c-bf7f-ea89cc5d71f0|4af6d31e-22bf-544a-94af-dea26635b863|a41274f6-b4d8-5ebe-972b-087f3972118b|edaaa554-2b63-54e7-bce9-5f5f93209159|a15d2591-6d27-5a93-8da4-4653fbdd8fd8|0875dbd9-4b57-5c8c-8c3c-475907f73001|d945863e-e5d4-5f28-bb7d-b25f416b812d|f2be2153-6b7e-5c60-ab3c-6dcff36d746b|5763442e-dede-5c99-8b15-cabd54887722|3b5111eb-a43e-59a3-ba7f-96765a176f3a|ee2f09ed-89d1-53e2-9023-0707ca12b2a0|b26b52ee-ed30-58ff-bc46-acd83586f3a1|10c6d6bb-472f-53d7-a1d1-08ff0c5385f4|43901ffd-ddc9-579b-a083-3507aee8964a|7630f913-d526-5f85-8b76-9b8443e626dd,643e509152670788353aaede5ed6e18ccb320c288c8e1e385952ffaf25366973,zenit-simulated-feature-snapshot-v1,simulated,False,False,False,False
27d83b80-d4ba-5af3-aeda-28b3350d4e58,23232185-5c98-523a-a8a5-d53254b8a0d8,2026-10-05,SP021,195,100,special,10,5.53,5.0,9.67,5.62,4.1,17.5,47.6,1,N1,within,development_rehearsal,b7181a3f-b44a-5a1c-8287-9494f60076d7|6b6b74d8-5241-5c8d-89b6-fe1c1f6bb611|8883fff4-eb7c-59f0-9c97-cc6c18120559|310362cf-fda4-5986-8e16-99d930787dfd|4a1a4dfe-56cc-53e6-81bd-d72385a7019a|ad133d3c-7de3-5e0f-b83e-aaea03e41202|ccfceea6-aed0-5009-8dc3-aab42a2df483|30914e38-e676-5e57-9d04-694ff290eab2|11bd8cc9-b7f4-5c6f-9242-ef6e84cfe171|ad4630b2-d9d2-5977-b2f2-eeb6926636d7|ad879b1d-6333-501b-b7a9-35753f1be25e|3da48830-1adb-58a0-a218-aee46ec7ae9f|70836604-9b5c-5442-8fc4-aaccf1a61088|765a6ac2-d984-54cb-a6fd-ba88c677768b|de805a2b-1be3-54b6-a47d-b1a118d274bf,58cdbbb3bb0e0a5440ed8b4166774093f2557eb9b3e1f645f6ede699d709c9a2,zenit-simulated-feature-snapshot-v1,simulated,False,False,False,False
4943a2a6-aa75-592e-ba7a-e1744f531a6e,00cb94fd-970b-5652-b9e8-aa30d6d12bc3,2026-10-06,SP021,195,100,left,30,17.67,16.85,11.97,38.5,5.7,40.9,72.0,12,N2,within,development_rehearsal,9f095570-b95a-5dad-a323-a652906788ff|9db5eb45-818e-576d-bc7e-9f8e2ac2f02a|ac836b4a-d5b1-5e9e-a12c-9e1da4461714|ac586994-7c50-50ac-abb5-4179427bae28|22872f41-1c08-5c73-a08a-f67962a52cd6|c8cb187a-b0c0-5329-b1f4-261c22abef53|8321cb8a-ed0a-53a5-8003-5809f76f1468|c772fa97-61bd-5b20-8531-95ce5edbed1d|43133d6d-8d91-5bb8-ae57-ff08a531b02c|3d0a80bb-1ecf-5604-bff7-d287e633bc53|79b69f7e-8cfe-5ff0-9923-b445419f2cbb|d5e8652e-cb8b-5efc-abaa-6b54ad566b22|5a1444e5-07d5-5535-afb2-4a8b5e68e166|db84c808-dc1d-5711-8bbe-1a7e46eef0d9|953e8737-557e-5b28-a29b-76e9e942656d,42b5b48267e67cd3ba6bf3c6de946eee42c81e20a16c3af09807a2637883226c,zenit-simulated-feature-snapshot-v1,simulated,False,False,False,False
a29379ab-5084-55c5-bcc4-d53f1fb35369,4721c12b-0a1b-5b6a-9fb3-cb0b40d23bfb,2026-10-06,SP021,195,100,median,30,40.87,40.26,35.38,30.13,5.49,47.1,98.3,46,N3,exceeds,development_rehearsal,345ba5d7-1944-5fb2-a6c6-611f7e67a0c9|b4e1a98e-5915-5e08-8ae9-f5bfdfbd2a63|d229e7df-0fbc-5337-a411-b7010f8fbd50|45cdf7ed-111a-5adb-ad6b-be92aa7baf29|cb91a7a1-b25f-5cf8-8d77-97d1dc0dd800|d0fc61ff-b03b-56dc-b933-8eaa4eba22fa|6579c52f-57af-58b8-85b9-069d2d5c36d6|8c3252e1-857f-5cc5-bad7-c51ccf0cbd20|7e7c698c-d05d-5b8f-be17-4a2beadd36d1|f031f278-d02c-5a0c-84b5-df418c471eec|1c1437d6-cce0-5e20-84c6-57bd10eccb8a|b09e7243-e5d6-5db9-91d5-09ef100ba2ee|4071a760-f56a-59bc-9ffa-47d8f68e8a8c|8efab899-c612-5b21-8cd5-768c4a068eed|27f2a97a-3aa1-5f1c-b300-a3ef155c173d,279fc29fd882dd6d3694520f669a0f3a5aed58d5a1d7ba8449aa7bce3b1507bc,zenit-simulated-feature-snapshot-v1,simulated,False,False,False,False
78ea5132-5ebe-5e37-8f79-76e24df504b3,046003bd-58ac-5aca-8364-c934ce6319c8,2026-10-06,SP021,195,100,right,30,11.4,10.74,43.97,38.34,5.48,17.3,42.1,5,N2,within,development_rehearsal,4af6d31e-22bf-544a-94af-dea26635b863|a41274f6-b4d8-5ebe-972b-087f3972118b|edaaa554-2b63-54e7-bce9-5f5f93209159|a15d2591-6d27-5a93-8da4-4653fbdd8fd8|0875dbd9-4b57-5c8c-8c3c-475907f73001|d945863e-e5d4-5f28-bb7d-b25f416b812d|f2be2153-6b7e-5c60-ab3c-6dcff36d746b|5763442e-dede-5c99-8b15-cabd54887722|3b5111eb-a43e-59a3-ba7f-96765a176f3a|ee2f09ed-89d1-53e2-9023-0707ca12b2a0|b26b52ee-ed30-58ff-bc46-acd83586f3a1|10c6d6bb-472f-53d7-a1d1-08ff0c5385f4|43901ffd-ddc9-579b-a083-3507aee8964a|7630f913-d526-5f85-8b76-9b8443e626dd|bd62d0f1-6b59-565e-b896-49c836c106dc,ba7e95c76215c478c784ab93215d7a699b78c7eef5fa634c84279c447b4d8b06,zenit-simulated-feature-snapshot-v1,simulated,False,False,False,False
0857851e-9f57-5d60-97c7-ce17c8f3c42a,23232185-5c98-523a-a8a5-d53254b8a0d8,2026-10-06,SP021,195,100,special,10,6.18,5.53,10.49,6.24,3.93,15.7,54.1,2,N1,within,development_rehearsal,6b6b74d8-5241-5c8d-89b6-fe1c1f6bb611|8883fff4-eb7c-59f0-9c97-cc6c18120559|310362cf-fda4-5986-8e16-99d930787dfd|4a1a4dfe-56cc-53e6-81bd-d72385a7019a|ad133d3c-7de3-5e0f-b83e-aaea03e41202|ccfceea6-aed0-5009-8dc3-aab42a2df483|30914e38-e676-5e57-9d04-694ff290eab2|11bd8cc9-b7f4-5c6f-9242-ef6e84cfe171|ad4630b2-d9d2-5977-b2f2-eeb6926636d7|ad879b1d-6333-501b-b7a9-35753f1be25e|3da48830-1adb-58a0-a218-aee46ec7ae9f|70836604-9b5c-5442-8fc4-aaccf1a61088|765a6ac2-d984-54cb-a6fd-ba88c677768b|de805a2b-1be3-54b6-a47d-b1a118d274bf|cd9a3625-dcb6-570b-bf33-863302d4f9c0,e682d43d83159e547f10ea2e9783adba0b1551fcbbbceaea703668e236c0613e,zenit-simulated-feature-snapshot-v1,simulated,False,False,False,False
5ebed271-8000-50ea-a5b6-c478329b8df3,00cb94fd-970b-5652-b9e8-aa30d6d12bc3,2026-10-07,SP021,195,100,left,30,18.35,17.67,12.7,39.16,5.65,38.1,71.3,13,N2,within,development_rehearsal,9db5eb45-818e-576d-bc7e-9f8e2ac2f02a|ac836b4a-d5b1-5e9e-a12c-9e1da4461714|ac586994-7c50-50ac-abb5-4179427bae28|22872f41-1c08-5c73-a08a-f67962a52cd6|c8cb187a-b0c0-5329-b1f4-261c22abef53|8321cb8a-ed0a-53a5-8003-5809f76f1468|c772fa97-61bd-5b20-8531-95ce5edbed1d|43133d6d-8d91-5bb8-ae57-ff08a531b02c|3d0a80bb-1ecf-5604-bff7-d287e633bc53|79b69f7e-8cfe-5ff0-9923-b445419f2cbb|d5e8652e-cb8b-5efc-abaa-6b54ad566b22|5a1444e5-07d5-5535-afb2-4a8b5e68e166|db84c808-dc1d-5711-8bbe-1a7e46eef0d9|953e8737-557e-5b28-a29b-76e9e942656d|bbabc7db-9250-5325-8e8c-71c8487041cd,fe58bfab3ff60deeb3b82be79b75b82f8a539b57c6b66f0457a0de22c147c979,zenit-simulated-feature-snapshot-v1,simulated,False,False,False,False
99138f1e-c33e-5af2-b9dc-aceac989f154,4721c12b-0a1b-5b6a-9fb3-cb0b40d23bfb,2026-10-07,SP021,195,100,median,30,41.6,40.87,36.42,30.86,5.18,34.7,92.4,47,N3,exceeds,development_rehearsal,b4e1a98e-5915-5e08-8ae9-f5bfdfbd2a63|d229e7df-0fbc-5337-a411-b7010f8fbd50|45cdf7ed-111a-5adb-ad6b-be92aa7baf29|cb91a7a1-b25f-5cf8-8d77-97d1dc0dd800|d0fc61ff-b03b-56dc-b933-8eaa4eba22fa|6579c52f-57af-58b8-85b9-069d2d5c36d6|8c3252e1-857f-5cc5-bad7-c51ccf0cbd20|7e7c698c-d05d-5b8f-be17-4a2beadd36d1|f031f278-d02c-5a0c-84b5-df418c471eec|1c1437d6-cce0-5e20-84c6-57bd10eccb8a|b09e7243-e5d6-5db9-91d5-09ef100ba2ee|4071a760-f56a-59bc-9ffa-47d8f68e8a8c|8efab899-c612-5b21-8cd5-768c4a068eed|27f2a97a-3aa1-5f1c-b300-a3ef155c173d|97f816da-a55c-50a7-8644-b4ddb56ab821,870a722c59df876870a0b4dfdd62d2fe7ce2aafbf2e4797aa0e957e0e4ed335e,zenit-simulated-feature-snapshot-v1,simulated,False,False,False,False
b1bdeba6-9a4a-5cd6-bb44-7ac5152d8fe8,046003bd-58ac-5aca-8364-c934ce6319c8,2026-10-07,SP021,195,100,right,30,12.16,11.4,45.14,39.34,5.07,12.5,43.9,6,N2,within,development_rehearsal,a41274f6-b4d8-5ebe-972b-087f3972118b|edaaa554-2b63-54e7-bce9-5f5f93209159|a15d2591-6d27-5a93-8da4-4653fbdd8fd8|0875dbd9-4b57-5c8c-8c3c-475907f73001|d945863e-e5d4-5f28-bb7d-b25f416b812d|f2be2153-6b7e-5c60-ab3c-6dcff36d746b|5763442e-dede-5c99-8b15-cabd54887722|3b5111eb-a43e-59a3-ba7f-96765a176f3a|ee2f09ed-89d1-53e2-9023-0707ca12b2a0|b26b52ee-ed30-58ff-bc46-acd83586f3a1|10c6d6bb-472f-53d7-a1d1-08ff0c5385f4|43901ffd-ddc9-579b-a083-3507aee8964a|7630f913-d526-5f85-8b76-9b8443e626dd|bd62d0f1-6b59-565e-b896-49c836c106dc|97e2f6f8-d8c7-5e02-8315-8069411663f4,fefdb13e31848dfc4c101702a57f81f67c5fb1f4c8343f011a5452042bd69d98,zenit-simulated-feature-snapshot-v1,simulated,False,False,False,False
ffa81392-ccba-504a-a2b5-7313597d301a,23232185-5c98-523a-a8a5-d53254b8a0d8,2026-10-07,SP021,195,100,special,10,6.72,6.18,11.08,6.94,3.88,17.8,49.0,3,N1,within,development_rehearsal,8883fff4-eb7c-59f0-9c97-cc6c18120559|310362cf-fda4-5986-8e16-99d930787dfd|4a1a4dfe-56cc-53e6-81bd-d72385a7019a|ad133d3c-7de3-5e0f-b83e-aaea03e41202|ccfceea6-aed0-5009-8dc3-aab42a2df483|30914e38-e676-5e57-9d04-694ff290eab2|11bd8cc9-b7f4-5c6f-9242-ef6e84cfe171|ad4630b2-d9d2-5977-b2f2-eeb6926636d7|ad879b1d-6333-501b-b7a9-35753f1be25e|3da48830-1adb-58a0-a218-aee46ec7ae9f|70836604-9b5c-5442-8fc4-aaccf1a61088|765a6ac2-d984-54cb-a6fd-ba88c677768b|de805a2b-1be3-54b6-a47d-b1a118d274bf|cd9a3625-dcb6-570b-bf33-863302d4f9c0|ecb565a6-bd8f-5cb4-aad0-5fe31a67d8af,a64d9f74907a91c933a48f83d68ec5f23e1969937811c202f63323abdc737b34,zenit-simulated-feature-snapshot-v1,simulated,False,False,False,False
69f619da-452e-5cea-acd7-02b2663b6241,00cb94fd-970b-5652-b9e8-aa30d6d12bc3,2026-10-08,SP021,195,100,left,30,19.13,18.35,13.57,8.0,5.56,43.5,76.5,14,N2,within,development_rehearsal,ac836b4a-d5b1-5e9e-a12c-9e1da4461714|ac586994-7c50-50ac-abb5-4179427bae28|22872f41-1c08-5c73-a08a-f67962a52cd6|c8cb187a-b0c0-5329-b1f4-261c22abef53|8321cb8a-ed0a-53a5-8003-5809f76f1468|c772fa97-61bd-5b20-8531-95ce5edbed1d|43133d6d-8d91-5bb8-ae57-ff08a531b02c|3d0a80bb-1ecf-5604-bff7-d287e633bc53|79b69f7e-8cfe-5ff0-9923-b445419f2cbb|d5e8652e-cb8b-5efc-abaa-6b54ad566b22|5a1444e5-07d5-5535-afb2-4a8b5e68e166|db84c808-dc1d-5711-8bbe-1a7e46eef0d9|953e8737-557e-5b28-a29b-76e9e942656d|bbabc7db-9250-5325-8e8c-71c8487041cd|a42482cd-8d32-5c76-b250-bb5c2a05c21a,237dbf9818f7115a8691339974254f1c4681cc9ec1f4f1da31cb4d19b404e65a,zenit-simulated-feature-snapshot-v1,simulated,False,False,False,False
3c4d8458-9e12-5919-862c-e4f3ad7729da,4721c12b-0a1b-5b6a-9fb3-cb0b40d23bfb,2026-10-08,SP021,195,100,median,30,42.66,41.6,37.24,31.41,5.42,42.3,104.8,48,N3,exceeds,development_rehearsal,d229e7df-0fbc-5337-a411-b7010f8fbd50|45cdf7ed-111a-5adb-ad6b-be92aa7baf29|cb91a7a1-b25f-5cf8-8d77-97d1dc0dd800|d0fc61ff-b03b-56dc-b933-8eaa4eba22fa|6579c52f-57af-58b8-85b9-069d2d5c36d6|8c3252e1-857f-5cc5-bad7-c51ccf0cbd20|7e7c698c-d05d-5b8f-be17-4a2beadd36d1|f031f278-d02c-5a0c-84b5-df418c471eec|1c1437d6-cce0-5e20-84c6-57bd10eccb8a|b09e7243-e5d6-5db9-91d5-09ef100ba2ee|4071a760-f56a-59bc-9ffa-47d8f68e8a8c|8efab899-c612-5b21-8cd5-768c4a068eed|27f2a97a-3aa1-5f1c-b300-a3ef155c173d|97f816da-a55c-50a7-8644-b4ddb56ab821|9c51db16-4100-561c-8366-b8f46dbfd1e8,708ac27249a44e36b15965df9d63671166561901256b2fdc92f8c9bd011d6fdb,zenit-simulated-feature-snapshot-v1,simulated,False,False,False,False
997a6301-3930-54d9-bf28-a11bdc3f23c8,046003bd-58ac-5aca-8364-c934ce6319c8,2026-10-08,SP021,195,100,right,30,13.03,12.16,8.0,40.17,5.03,18.8,48.4,7,N2,within,development_rehearsal,edaaa554-2b63-54e7-bce9-5f5f93209159|a15d2591-6d27-5a93-8da4-4653fbdd8fd8|0875dbd9-4b57-5c8c-8c3c-475907f73001|d945863e-e5d4-5f28-bb7d-b25f416b812d|f2be2153-6b7e-5c60-ab3c-6dcff36d746b|5763442e-dede-5c99-8b15-cabd54887722|3b5111eb-a43e-59a3-ba7f-96765a176f3a|ee2f09ed-89d1-53e2-9023-0707ca12b2a0|b26b52ee-ed30-58ff-bc46-acd83586f3a1|10c6d6bb-472f-53d7-a1d1-08ff0c5385f4|43901ffd-ddc9-579b-a083-3507aee8964a|7630f913-d526-5f85-8b76-9b8443e626dd|bd62d0f1-6b59-565e-b896-49c836c106dc|97e2f6f8-d8c7-5e02-8315-8069411663f4|1e26ddb9-ae3a-5c74-b2b0-527e0f75d7f6,0ebf5b6be832934dca0fb9b65bc5c4913741d6112b8746b69d3705fd5fa6ba02,zenit-simulated-feature-snapshot-v1,simulated,False,False,False,False
7b19cfa3-203a-50e2-8cfb-3ff409d50a06,23232185-5c98-523a-a8a5-d53254b8a0d8,2026-10-08,SP021,195,100,special,10,7.43,6.72,11.75,7.43,3.92,18.8,48.7,4,N1,within,development_rehearsal,310362cf-fda4-5986-8e16-99d930787dfd|4a1a4dfe-56cc-53e6-81bd-d72385a7019a|ad133d3c-7de3-5e0f-b83e-aaea03e41202|ccfceea6-aed0-5009-8dc3-aab42a2df483|30914e38-e676-5e57-9d04-694ff290eab2|11bd8cc9-b7f4-5c6f-9242-ef6e84cfe171|ad4630b2-d9d2-5977-b2f2-eeb6926636d7|ad879b1d-6333-501b-b7a9-35753f1be25e|3da48830-1adb-58a0-a218-aee46ec7ae9f|70836604-9b5c-5442-8fc4-aaccf1a61088|765a6ac2-d984-54cb-a6fd-ba88c677768b|de805a2b-1be3-54b6-a47d-b1a118d274bf|cd9a3625-dcb6-570b-bf33-863302d4f9c0|ecb565a6-bd8f-5cb4-aad0-5fe31a67d8af|ae3c2c8e-d7e8-54ab-8611-d8eae93396c4,540082ba706e9e5395f55ee50e07e9ae4c44502542d1f5d85fb9275be51a8892,zenit-simulated-feature-snapshot-v1,simulated,False,False,False,False
777f8107-9964-5048-8b26-850d09188414,00cb94fd-970b-5652-b9e8-aa30d6d12bc3,2026-10-09,SP021,195,100,left,30,19.84,19.13,14.55,8.92,5.29,38.7,73.3,15,N2,within,development_rehearsal,ac586994-7c50-50ac-abb5-4179427bae28|22872f41-1c08-5c73-a08a-f67962a52cd6|c8cb187a-b0c0-5329-b1f4-261c22abef53|8321cb8a-ed0a-53a5-8003-5809f76f1468|c772fa97-61bd-5b20-8531-95ce5edbed1d|43133d6d-8d91-5bb8-ae57-ff08a531b02c|3d0a80bb-1ecf-5604-bff7-d287e633bc53|79b69f7e-8cfe-5ff0-9923-b445419f2cbb|d5e8652e-cb8b-5efc-abaa-6b54ad566b22|5a1444e5-07d5-5535-afb2-4a8b5e68e166|db84c808-dc1d-5711-8bbe-1a7e46eef0d9|953e8737-557e-5b28-a29b-76e9e942656d|bbabc7db-9250-5325-8e8c-71c8487041cd|a42482cd-8d32-5c76-b250-bb5c2a05c21a|79dc8dd1-75d6-5bd8-9404-a9ab2ebfc31f,92369845ae1bee6c300bbcdf0114799400e3a1252bda54c18cbb1fccb16de041,zenit-simulated-feature-snapshot-v1,simulated,False,False,False,False
431db7c4-6647-527d-a190-8a5992f40816,4721c12b-0a1b-5b6a-9fb3-cb0b40d23bfb,2026-10-09,SP021,195,100,median,30,43.44,42.66,38.16,32.19,5.28,40.4,108.3,49,N3,exceeds,development_rehearsal,45cdf7ed-111a-5adb-ad6b-be92aa7baf29|cb91a7a1-b25f-5cf8-8d77-97d1dc0dd800|d0fc61ff-b03b-56dc-b933-8eaa4eba22fa|6579c52f-57af-58b8-85b9-069d2d5c36d6|8c3252e1-857f-5cc5-bad7-c51ccf0cbd20|7e7c698c-d05d-5b8f-be17-4a2beadd36d1|f031f278-d02c-5a0c-84b5-df418c471eec|1c1437d6-cce0-5e20-84c6-57bd10eccb8a|b09e7243-e5d6-5db9-91d5-09ef100ba2ee|4071a760-f56a-59bc-9ffa-47d8f68e8a8c|8efab899-c612-5b21-8cd5-768c4a068eed|27f2a97a-3aa1-5f1c-b300-a3ef155c173d|97f816da-a55c-50a7-8644-b4ddb56ab821|9c51db16-4100-561c-8366-b8f46dbfd1e8|c55f9ac6-6535-5ca8-baf7-759cd2fbb422,ec9728c1e67477cbe0829626c47d5ed010092a2eab0f526193251ceadd473f37,zenit-simulated-feature-snapshot-v1,simulated,False,False,False,False
3ba7da17-5eb9-57d0-94c9-837f6199947b,046003bd-58ac-5aca-8364-c934ce6319c8,2026-10-09,SP021,195,100,right,30,13.72,13.03,8.63,40.8,5.09,22.1,51.7,8,N2,within,development_rehearsal,a15d2591-6d27-5a93-8da4-4653fbdd8fd8|0875dbd9-4b57-5c8c-8c3c-475907f73001|d945863e-e5d4-5f28-bb7d-b25f416b812d|f2be2153-6b7e-5c60-ab3c-6dcff36d746b|5763442e-dede-5c99-8b15-cabd54887722|3b5111eb-a43e-59a3-ba7f-96765a176f3a|ee2f09ed-89d1-53e2-9023-0707ca12b2a0|b26b52ee-ed30-58ff-bc46-acd83586f3a1|10c6d6bb-472f-53d7-a1d1-08ff0c5385f4|43901ffd-ddc9-579b-a083-3507aee8964a|7630f913-d526-5f85-8b76-9b8443e626dd|bd62d0f1-6b59-565e-b896-49c836c106dc|97e2f6f8-d8c7-5e02-8315-8069411663f4|1e26ddb9-ae3a-5c74-b2b0-527e0f75d7f6|06e67852-2343-58c0-9e12-0a5aa4769d40,4b0f90191fb18c2ff6f25c0504428c204c8ce2c70bbe5760c08f13326700d608,zenit-simulated-feature-snapshot-v1,simulated,False,False,False,False
a2a36822-afc3-57c7-aee5-5fa27cc7a995,23232185-5c98-523a-a8a5-d53254b8a0d8,2026-10-09,SP021,195,100,special,10,7.89,7.43,12.24,7.98,3.89,22.0,48.2,5,N1,within,development_rehearsal,4a1a4dfe-56cc-53e6-81bd-d72385a7019a|ad133d3c-7de3-5e0f-b83e-aaea03e41202|ccfceea6-aed0-5009-8dc3-aab42a2df483|30914e38-e676-5e57-9d04-694ff290eab2|11bd8cc9-b7f4-5c6f-9242-ef6e84cfe171|ad4630b2-d9d2-5977-b2f2-eeb6926636d7|ad879b1d-6333-501b-b7a9-35753f1be25e|3da48830-1adb-58a0-a218-aee46ec7ae9f|70836604-9b5c-5442-8fc4-aaccf1a61088|765a6ac2-d984-54cb-a6fd-ba88c677768b|de805a2b-1be3-54b6-a47d-b1a118d274bf|cd9a3625-dcb6-570b-bf33-863302d4f9c0|ecb565a6-bd8f-5cb4-aad0-5fe31a67d8af|ae3c2c8e-d7e8-54ab-8611-d8eae93396c4|a73d22d6-aeea-5d11-ba6c-63512a4176e0,b3f1091b0629a8609c936e42507ad00b6c38c9c6769aab3b36f62db67c48ef72,zenit-simulated-feature-snapshot-v1,simulated,False,False,False,False
0b096c65-80cd-5f47-884a-8d1aa04e3cee,00cb94fd-970b-5652-b9e8-aa30d6d12bc3,2026-10-10,SP021,195,100,left,30,20.53,19.84,15.26,9.52,5.27,37.5,72.4,16,N2,within,development_rehearsal,22872f41-1c08-5c73-a08a-f67962a52cd6|c8cb187a-b0c0-5329-b1f4-261c22abef53|8321cb8a-ed0a-53a5-8003-5809f76f1468|c772fa97-61bd-5b20-8531-95ce5edbed1d|43133d6d-8d91-5bb8-ae57-ff08a531b02c|3d0a80bb-1ecf-5604-bff7-d287e633bc53|79b69f7e-8cfe-5ff0-9923-b445419f2cbb|d5e8652e-cb8b-5efc-abaa-6b54ad566b22|5a1444e5-07d5-5535-afb2-4a8b5e68e166|db84c808-dc1d-5711-8bbe-1a7e46eef0d9|953e8737-557e-5b28-a29b-76e9e942656d|bbabc7db-9250-5325-8e8c-71c8487041cd|a42482cd-8d32-5c76-b250-bb5c2a05c21a|79dc8dd1-75d6-5bd8-9404-a9ab2ebfc31f|c2ad1a90-cce5-5199-95d3-91d748eec851,2848112115fafc4021f5500dc7cf6c0e588ce83268c91d09d5cf66620879b731,zenit-simulated-feature-snapshot-v1,simulated,False,False,False,False
ee2ef118-a3b0-51dc-9f70-78dd802aecb5,4721c12b-0a1b-5b6a-9fb3-cb0b40d23bfb,2026-10-10,SP021,195,100,median,30,8.0,43.44,38.79,33.16,5.19,36.2,95.0,0,N1,within,development_rehearsal,cb91a7a1-b25f-5cf8-8d77-97d1dc0dd800|d0fc61ff-b03b-56dc-b933-8eaa4eba22fa|6579c52f-57af-58b8-85b9-069d2d5c36d6|8c3252e1-857f-5cc5-bad7-c51ccf0cbd20|7e7c698c-d05d-5b8f-be17-4a2beadd36d1|f031f278-d02c-5a0c-84b5-df418c471eec|1c1437d6-cce0-5e20-84c6-57bd10eccb8a|b09e7243-e5d6-5db9-91d5-09ef100ba2ee|4071a760-f56a-59bc-9ffa-47d8f68e8a8c|8efab899-c612-5b21-8cd5-768c4a068eed|27f2a97a-3aa1-5f1c-b300-a3ef155c173d|97f816da-a55c-50a7-8644-b4ddb56ab821|9c51db16-4100-561c-8366-b8f46dbfd1e8|c55f9ac6-6535-5ca8-baf7-759cd2fbb422|3f4d83b6-ebad-5bc7-9d50-41bbd9a6ffe7,f9bebfb8ad105f9f175c7946788aad9ba428baa214e29dc37518b2bd6d7c9181,zenit-simulated-feature-snapshot-v1,simulated,False,False,False,False
a55c6bdc-bd42-5d4b-b86b-638af79b70cd,046003bd-58ac-5aca-8364-c934ce6319c8,2026-10-10,SP021,195,100,right,30,14.79,13.72,9.34,41.77,5.45,32.1,58.3,9,N2,within,development_rehearsal,0875dbd9-4b57-5c8c-8c3c-475907f73001|d945863e-e5d4-5f28-bb7d-b25f416b812d|f2be2153-6b7e-5c60-ab3c-6dcff36d746b|5763442e-dede-5c99-8b15-cabd54887722|3b5111eb-a43e-59a3-ba7f-96765a176f3a|ee2f09ed-89d1-53e2-9023-0707ca12b2a0|b26b52ee-ed30-58ff-bc46-acd83586f3a1|10c6d6bb-472f-53d7-a1d1-08ff0c5385f4|43901ffd-ddc9-579b-a083-3507aee8964a|7630f913-d526-5f85-8b76-9b8443e626dd|bd62d0f1-6b59-565e-b896-49c836c106dc|97e2f6f8-d8c7-5e02-8315-8069411663f4|1e26ddb9-ae3a-5c74-b2b0-527e0f75d7f6|06e67852-2343-58c0-9e12-0a5aa4769d40|3e001154-d5b2-5658-aa13-4c24d697ffce,6587784dd8227aa5a712c32884acf3915417a9f00e521095aa801479f42ed712,zenit-simulated-feature-snapshot-v1,simulated,False,False,False,False
5d2eeb46-9c1e-547f-8235-d334fb06b3e6,23232185-5c98-523a-a8a5-d53254b8a0d8,2026-10-10,SP021,195,100,special,10,8.28,7.89,12.82,8.61,3.7,22.3,46.2,6,N1,within,development_rehearsal,ad133d3c-7de3-5e0f-b83e-aaea03e41202|ccfceea6-aed0-5009-8dc3-aab42a2df483|30914e38-e676-5e57-9d04-694ff290eab2|11bd8cc9-b7f4-5c6f-9242-ef6e84cfe171|ad4630b2-d9d2-5977-b2f2-eeb6926636d7|ad879b1d-6333-501b-b7a9-35753f1be25e|3da48830-1adb-58a0-a218-aee46ec7ae9f|70836604-9b5c-5442-8fc4-aaccf1a61088|765a6ac2-d984-54cb-a6fd-ba88c677768b|de805a2b-1be3-54b6-a47d-b1a118d274bf|cd9a3625-dcb6-570b-bf33-863302d4f9c0|ecb565a6-bd8f-5cb4-aad0-5fe31a67d8af|ae3c2c8e-d7e8-54ab-8611-d8eae93396c4|a73d22d6-aeea-5d11-ba6c-63512a4176e0|f28dc3e8-f7ba-566b-9521-14be15e08aa8,66bbab5cd53d2fc09948d55821f60c2bbc792f739d8b6025e889e33a90c7631d,zenit-simulated-feature-snapshot-v1,simulated,False,False,False,False
a8dc09c3-b505-551f-831e-b644241a5539,00cb94fd-970b-5652-b9e8-aa30d6d12bc3,2026-10-11,SP021,195,100,left,30,21.22,20.53,15.98,10.41,5.24,37.5,66.3,17,N2,within,development_rehearsal,c8cb187a-b0c0-5329-b1f4-261c22abef53|8321cb8a-ed0a-53a5-8003-5809f76f1468|c772fa97-61bd-5b20-8531-95ce5edbed1d|43133d6d-8d91-5bb8-ae57-ff08a531b02c|3d0a80bb-1ecf-5604-bff7-d287e633bc53|79b69f7e-8cfe-5ff0-9923-b445419f2cbb|d5e8652e-cb8b-5efc-abaa-6b54ad566b22|5a1444e5-07d5-5535-afb2-4a8b5e68e166|db84c808-dc1d-5711-8bbe-1a7e46eef0d9|953e8737-557e-5b28-a29b-76e9e942656d|bbabc7db-9250-5325-8e8c-71c8487041cd|a42482cd-8d32-5c76-b250-bb5c2a05c21a|79dc8dd1-75d6-5bd8-9404-a9ab2ebfc31f|c2ad1a90-cce5-5199-95d3-91d748eec851|413c2860-a5e9-5762-a5fb-1b2e74cc37b0,edd9abf2dd1915b9f51d0a9579fbf5736579075abae135f57a468f9f65c049ff,zenit-simulated-feature-snapshot-v1,simulated,False,False,False,False
b1401d14-9052-5f0e-b925-87d342524105,4721c12b-0a1b-5b6a-9fb3-cb0b40d23bfb,2026-10-11,SP021,195,100,median,30,8.98,8.0,39.7,34.04,5.26,38.0,95.4,1,N1,within,development_rehearsal,d0fc61ff-b03b-56dc-b933-8eaa4eba22fa|6579c52f-57af-58b8-85b9-069d2d5c36d6|8c3252e1-857f-5cc5-bad7-c51ccf0cbd20|7e7c698c-d05d-5b8f-be17-4a2beadd36d1|f031f278-d02c-5a0c-84b5-df418c471eec|1c1437d6-cce0-5e20-84c6-57bd10eccb8a|b09e7243-e5d6-5db9-91d5-09ef100ba2ee|4071a760-f56a-59bc-9ffa-47d8f68e8a8c|8efab899-c612-5b21-8cd5-768c4a068eed|27f2a97a-3aa1-5f1c-b300-a3ef155c173d|97f816da-a55c-50a7-8644-b4ddb56ab821|9c51db16-4100-561c-8366-b8f46dbfd1e8|c55f9ac6-6535-5ca8-baf7-759cd2fbb422|3f4d83b6-ebad-5bc7-9d50-41bbd9a6ffe7|857198bc-9b17-5577-b058-1baab7851160,68cc1e135197a0742ec1fafb6c3b2aec2d15c23c95d22db801f1f3a5d9124f4a,zenit-simulated-feature-snapshot-v1,simulated,False,False,False,False
cbe5d6be-05c8-5248-9402-5aa6acfe0a6a,046003bd-58ac-5aca-8364-c934ce6319c8,2026-10-11,SP021,195,100,right,30,15.71,14.79,10.11,42.38,5.6,36.6,62.8,10,N2,within,development_rehearsal,d945863e-e5d4-5f28-bb7d-b25f416b812d|f2be2153-6b7e-5c60-ab3c-6dcff36d746b|5763442e-dede-5c99-8b15-cabd54887722|3b5111eb-a43e-59a3-ba7f-96765a176f3a|ee2f09ed-89d1-53e2-9023-0707ca12b2a0|b26b52ee-ed30-58ff-bc46-acd83586f3a1|10c6d6bb-472f-53d7-a1d1-08ff0c5385f4|43901ffd-ddc9-579b-a083-3507aee8964a|7630f913-d526-5f85-8b76-9b8443e626dd|bd62d0f1-6b59-565e-b896-49c836c106dc|97e2f6f8-d8c7-5e02-8315-8069411663f4|1e26ddb9-ae3a-5c74-b2b0-527e0f75d7f6|06e67852-2343-58c0-9e12-0a5aa4769d40|3e001154-d5b2-5658-aa13-4c24d697ffce|124d00fd-ae69-52bd-b88e-e3d0f0ff3ad6,5e2162ec32dda117781215147225a3b59f751f59b133eb5efcacc2519c580339,zenit-simulated-feature-snapshot-v1,simulated,False,False,False,False
372f73bb-e0d9-5313-9f7f-56b80d401fda,23232185-5c98-523a-a8a5-d53254b8a0d8,2026-10-11,SP021,195,100,special,10,8.98,8.28,5.0,9.29,3.98,24.0,41.5,7,N1,within,development_rehearsal,ccfceea6-aed0-5009-8dc3-aab42a2df483|30914e38-e676-5e57-9d04-694ff290eab2|11bd8cc9-b7f4-5c6f-9242-ef6e84cfe171|ad4630b2-d9d2-5977-b2f2-eeb6926636d7|ad879b1d-6333-501b-b7a9-35753f1be25e|3da48830-1adb-58a0-a218-aee46ec7ae9f|70836604-9b5c-5442-8fc4-aaccf1a61088|765a6ac2-d984-54cb-a6fd-ba88c677768b|de805a2b-1be3-54b6-a47d-b1a118d274bf|cd9a3625-dcb6-570b-bf33-863302d4f9c0|ecb565a6-bd8f-5cb4-aad0-5fe31a67d8af|ae3c2c8e-d7e8-54ab-8611-d8eae93396c4|a73d22d6-aeea-5d11-ba6c-63512a4176e0|f28dc3e8-f7ba-566b-9521-14be15e08aa8|e32baa17-7d09-5da0-a15b-73cace9b220f,7d89d5fbf3ce88305e63efb1342c84c0ba151a23786bf210331905b81fa7b986,zenit-simulated-feature-snapshot-v1,simulated,False,False,False,False
b3ce93b6-a516-5eef-85cb-ffedf5e9846e,00cb94fd-970b-5652-b9e8-aa30d6d12bc3,2026-10-12,SP021,195,100,left,30,21.76,21.22,16.85,11.16,4.91,30.6,60.4,18,N2,within,development_rehearsal,8321cb8a-ed0a-53a5-8003-5809f76f1468|c772fa97-61bd-5b20-8531-95ce5edbed1d|43133d6d-8d91-5bb8-ae57-ff08a531b02c|3d0a80bb-1ecf-5604-bff7-d287e633bc53|79b69f7e-8cfe-5ff0-9923-b445419f2cbb|d5e8652e-cb8b-5efc-abaa-6b54ad566b22|5a1444e5-07d5-5535-afb2-4a8b5e68e166|db84c808-dc1d-5711-8bbe-1a7e46eef0d9|953e8737-557e-5b28-a29b-76e9e942656d|bbabc7db-9250-5325-8e8c-71c8487041cd|a42482cd-8d32-5c76-b250-bb5c2a05c21a|79dc8dd1-75d6-5bd8-9404-a9ab2ebfc31f|c2ad1a90-cce5-5199-95d3-91d748eec851|413c2860-a5e9-5762-a5fb-1b2e74cc37b0|c83e6885-746e-587a-8f71-20da3913ef48,64e34ddef07d8159bec091fa536834cecca518c37d0fd208a7428c87c545ab99,zenit-simulated-feature-snapshot-v1,simulated,False,False,False,False
c32759f0-f780-55b3-82c3-6e105e1398ff,4721c12b-0a1b-5b6a-9fb3-cb0b40d23bfb,2026-10-12,SP021,195,100,median,30,9.61,8.98,40.26,34.61,5.33,39.6,94.6,2,N1,within,development_rehearsal,6579c52f-57af-58b8-85b9-069d2d5c36d6|8c3252e1-857f-5cc5-bad7-c51ccf0cbd20|7e7c698c-d05d-5b8f-be17-4a2beadd36d1|f031f278-d02c-5a0c-84b5-df418c471eec|1c1437d6-cce0-5e20-84c6-57bd10eccb8a|b09e7243-e5d6-5db9-91d5-09ef100ba2ee|4071a760-f56a-59bc-9ffa-47d8f68e8a8c|8efab899-c612-5b21-8cd5-768c4a068eed|27f2a97a-3aa1-5f1c-b300-a3ef155c173d|97f816da-a55c-50a7-8644-b4ddb56ab821|9c51db16-4100-561c-8366-b8f46dbfd1e8|c55f9ac6-6535-5ca8-baf7-759cd2fbb422|3f4d83b6-ebad-5bc7-9d50-41bbd9a6ffe7|857198bc-9b17-5577-b058-1baab7851160|016b53a1-2c9a-5f4b-975e-185e08504e9b,9de59f86cd6d75471c9bc90860b6667a4b318706ea1a4b9057360cd55b94eb3e,zenit-simulated-feature-snapshot-v1,simulated,False,False,False,False
328009fa-66b7-5fd5-a2b2-dad0a14898c7,046003bd-58ac-5aca-8364-c934ce6319c8,2026-10-12,SP021,195,100,right,30,16.48,15.71,10.74,43.15,5.74,36.6,56.5,11,N2,within,development_rehearsal,f2be2153-6b7e-5c60-ab3c-6dcff36d746b|5763442e-dede-5c99-8b15-cabd54887722|3b5111eb-a43e-59a3-ba7f-96765a176f3a|ee2f09ed-89d1-53e2-9023-0707ca12b2a0|b26b52ee-ed30-58ff-bc46-acd83586f3a1|10c6d6bb-472f-53d7-a1d1-08ff0c5385f4|43901ffd-ddc9-579b-a083-3507aee8964a|7630f913-d526-5f85-8b76-9b8443e626dd|bd62d0f1-6b59-565e-b896-49c836c106dc|97e2f6f8-d8c7-5e02-8315-8069411663f4|1e26ddb9-ae3a-5c74-b2b0-527e0f75d7f6|06e67852-2343-58c0-9e12-0a5aa4769d40|3e001154-d5b2-5658-aa13-4c24d697ffce|124d00fd-ae69-52bd-b88e-e3d0f0ff3ad6|a31cc20c-908a-5d8d-a416-a667dad98349,05bfd540734dfe27e58b36eec631d3519b1fbd00d421db882ebd943c9af887b4,zenit-simulated-feature-snapshot-v1,simulated,False,False,False,False
3f077634-eec6-512e-9860-b3ca9274a015,23232185-5c98-523a-a8a5-d53254b8a0d8,2026-10-12,SP021,195,100,special,10,9.74,8.98,5.53,9.67,4.21,37.1,54.6,8,N1,within,development_rehearsal,30914e38-e676-5e57-9d04-694ff290eab2|11bd8cc9-b7f4-5c6f-9242-ef6e84cfe171|ad4630b2-d9d2-5977-b2f2-eeb6926636d7|ad879b1d-6333-501b-b7a9-35753f1be25e|3da48830-1adb-58a0-a218-aee46ec7ae9f|70836604-9b5c-5442-8fc4-aaccf1a61088|765a6ac2-d984-54cb-a6fd-ba88c677768b|de805a2b-1be3-54b6-a47d-b1a118d274bf|cd9a3625-dcb6-570b-bf33-863302d4f9c0|ecb565a6-bd8f-5cb4-aad0-5fe31a67d8af|ae3c2c8e-d7e8-54ab-8611-d8eae93396c4|a73d22d6-aeea-5d11-ba6c-63512a4176e0|f28dc3e8-f7ba-566b-9521-14be15e08aa8|e32baa17-7d09-5da0-a15b-73cace9b220f|6c30f50a-56f6-5ec7-bf43-d333e36a3d9c,7c5ffc2415ff8c0dc068f4a5f5bb7f5b9be13c8348126bb1f2ae42c607655e9c,zenit-simulated-feature-snapshot-v1,simulated,False,False,False,False
63e66926-faa2-5c0c-9693-1d09b41171ed,00cb94fd-970b-5652-b9e8-aa30d6d12bc3,2026-10-13,SP021,195,100,left,30,22.65,21.76,17.67,11.97,4.98,24.3,65.2,19,N2,within,development_rehearsal,c772fa97-61bd-5b20-8531-95ce5edbed1d|43133d6d-8d91-5bb8-ae57-ff08a531b02c|3d0a80bb-1ecf-5604-bff7-d287e633bc53|79b69f7e-8cfe-5ff0-9923-b445419f2cbb|d5e8652e-cb8b-5efc-abaa-6b54ad566b22|5a1444e5-07d5-5535-afb2-4a8b5e68e166|db84c808-dc1d-5711-8bbe-1a7e46eef0d9|953e8737-557e-5b28-a29b-76e9e942656d|bbabc7db-9250-5325-8e8c-71c8487041cd|a42482cd-8d32-5c76-b250-bb5c2a05c21a|79dc8dd1-75d6-5bd8-9404-a9ab2ebfc31f|c2ad1a90-cce5-5199-95d3-91d748eec851|413c2860-a5e9-5762-a5fb-1b2e74cc37b0|c83e6885-746e-587a-8f71-20da3913ef48|d04f7fb0-ca1d-56f0-be0d-780d8c5acdf9,b8de3dde0f8efb8a486e4cb08fe0cb57bc1c4ae554ea288438d0a7463268e1d7,zenit-simulated-feature-snapshot-v1,simulated,False,False,False,False
7b7ff001-d51c-5882-b8eb-23873507831d,4721c12b-0a1b-5b6a-9fb3-cb0b40d23bfb,2026-10-13,SP021,195,100,median,30,10.35,9.61,40.87,35.38,5.46,44.0,91.1,3,N2,within,development_rehearsal,8c3252e1-857f-5cc5-bad7-c51ccf0cbd20|7e7c698c-d05d-5b8f-be17-4a2beadd36d1|f031f278-d02c-5a0c-84b5-df418c471eec|1c1437d6-cce0-5e20-84c6-57bd10eccb8a|b09e7243-e5d6-5db9-91d5-09ef100ba2ee|4071a760-f56a-59bc-9ffa-47d8f68e8a8c|8efab899-c612-5b21-8cd5-768c4a068eed|27f2a97a-3aa1-5f1c-b300-a3ef155c173d|97f816da-a55c-50a7-8644-b4ddb56ab821|9c51db16-4100-561c-8366-b8f46dbfd1e8|c55f9ac6-6535-5ca8-baf7-759cd2fbb422|3f4d83b6-ebad-5bc7-9d50-41bbd9a6ffe7|857198bc-9b17-5577-b058-1baab7851160|016b53a1-2c9a-5f4b-975e-185e08504e9b|b0189bd4-2709-5286-81f4-5115ca922668,9c6e717d3f31650dbd918f9c18af70151a5b04cae0de4e2bdc1cea5f5e8a8ef9,zenit-simulated-feature-snapshot-v1,simulated,False,False,False,False
9e16fca8-a0fa-5edf-a7d4-85fe55ce2c4a,046003bd-58ac-5aca-8364-c934ce6319c8,2026-10-13,SP021,195,100,right,30,17.37,16.48,11.4,43.97,5.97,45.4,62.7,12,N2,within,development_rehearsal,5763442e-dede-5c99-8b15-cabd54887722|3b5111eb-a43e-59a3-ba7f-96765a176f3a|ee2f09ed-89d1-53e2-9023-0707ca12b2a0|b26b52ee-ed30-58ff-bc46-acd83586f3a1|10c6d6bb-472f-53d7-a1d1-08ff0c5385f4|43901ffd-ddc9-579b-a083-3507aee8964a|7630f913-d526-5f85-8b76-9b8443e626dd|bd62d0f1-6b59-565e-b896-49c836c106dc|97e2f6f8-d8c7-5e02-8315-8069411663f4|1e26ddb9-ae3a-5c74-b2b0-527e0f75d7f6|06e67852-2343-58c0-9e12-0a5aa4769d40|3e001154-d5b2-5658-aa13-4c24d697ffce|124d00fd-ae69-52bd-b88e-e3d0f0ff3ad6|a31cc20c-908a-5d8d-a416-a667dad98349|5b6bd401-f4a2-5fba-aa3b-d35bf3592ca6,38040d67dddcdcadc4cec4b48644c1314b3f332d133651577107559b91aad7a7,zenit-simulated-feature-snapshot-v1,simulated,False,False,False,False
fc9240b1-2a5a-5ebd-91b8-4fc8f4dfe2ea,23232185-5c98-523a-a8a5-d53254b8a0d8,2026-10-13,SP021,195,100,special,10,10.67,9.74,6.18,10.49,4.49,42.7,58.4,9,N2,exceeds,development_rehearsal,11bd8cc9-b7f4-5c6f-9242-ef6e84cfe171|ad4630b2-d9d2-5977-b2f2-eeb6926636d7|ad879b1d-6333-501b-b7a9-35753f1be25e|3da48830-1adb-58a0-a218-aee46ec7ae9f|70836604-9b5c-5442-8fc4-aaccf1a61088|765a6ac2-d984-54cb-a6fd-ba88c677768b|de805a2b-1be3-54b6-a47d-b1a118d274bf|cd9a3625-dcb6-570b-bf33-863302d4f9c0|ecb565a6-bd8f-5cb4-aad0-5fe31a67d8af|ae3c2c8e-d7e8-54ab-8611-d8eae93396c4|a73d22d6-aeea-5d11-ba6c-63512a4176e0|f28dc3e8-f7ba-566b-9521-14be15e08aa8|e32baa17-7d09-5da0-a15b-73cace9b220f|6c30f50a-56f6-5ec7-bf43-d333e36a3d9c|c541daa5-f099-5db6-b968-5f152b341863,012c11d92aa1bf422cb5056965bd46a3f0cecdf8ba71c16e59ef092737bcb2ed,zenit-simulated-feature-snapshot-v1,simulated,False,False,False,False
e1aaf51c-a718-53e6-89e3-b2b97593eb6b,00cb94fd-970b-5652-b9e8-aa30d6d12bc3,2026-10-14,SP021,195,100,left,30,23.38,22.65,18.35,12.7,5.03,19.7,57.8,20,N2,within,development_rehearsal,43133d6d-8d91-5bb8-ae57-ff08a531b02c|3d0a80bb-1ecf-5604-bff7-d287e633bc53|79b69f7e-8cfe-5ff0-9923-b445419f2cbb|d5e8652e-cb8b-5efc-abaa-6b54ad566b22|5a1444e5-07d5-5535-afb2-4a8b5e68e166|db84c808-dc1d-5711-8bbe-1a7e46eef0d9|953e8737-557e-5b28-a29b-76e9e942656d|bbabc7db-9250-5325-8e8c-71c8487041cd|a42482cd-8d32-5c76-b250-bb5c2a05c21a|79dc8dd1-75d6-5bd8-9404-a9ab2ebfc31f|c2ad1a90-cce5-5199-95d3-91d748eec851|413c2860-a5e9-5762-a5fb-1b2e74cc37b0|c83e6885-746e-587a-8f71-20da3913ef48|d04f7fb0-ca1d-56f0-be0d-780d8c5acdf9|191ed1d2-b6d5-555f-ac7f-53db6bc9a776,a8d36c7fdab00b01e7aa0139942ff249624eb06c6ea589def324c7da6bba27d2,zenit-simulated-feature-snapshot-v1,simulated,False,False,False,False
e5d1145d-70d3-5f56-8c36-51eaebbc8ed2,4721c12b-0a1b-5b6a-9fb3-cb0b40d23bfb,2026-10-14,SP021,195,100,median,30,11.25,10.35,41.6,36.42,5.63,51.0,85.7,4,N2,within,development_rehearsal,7e7c698c-d05d-5b8f-be17-4a2beadd36d1|f031f278-d02c-5a0c-84b5-df418c471eec|1c1437d6-cce0-5e20-84c6-57bd10eccb8a|b09e7243-e5d6-5db9-91d5-09ef100ba2ee|4071a760-f56a-59bc-9ffa-47d8f68e8a8c|8efab899-c612-5b21-8cd5-768c4a068eed|27f2a97a-3aa1-5f1c-b300-a3ef155c173d|97f816da-a55c-50a7-8644-b4ddb56ab821|9c51db16-4100-561c-8366-b8f46dbfd1e8|c55f9ac6-6535-5ca8-baf7-759cd2fbb422|3f4d83b6-ebad-5bc7-9d50-41bbd9a6ffe7|857198bc-9b17-5577-b058-1baab7851160|016b53a1-2c9a-5f4b-975e-185e08504e9b|b0189bd4-2709-5286-81f4-5115ca922668|1e1035f0-40cd-5d43-8068-3f4df533c937,97f46ea2568257fa1c897833684239365e91c041a1f1c9488371c6a28ae06e93,zenit-simulated-feature-snapshot-v1,simulated,False,False,False,False
48168ef9-ec71-5df7-b5ef-e60e57133c71,046003bd-58ac-5aca-8364-c934ce6319c8,2026-10-14,SP021,195,100,right,30,18.27,17.37,12.16,45.14,6.11,39.8,52.3,13,N2,within,development_rehearsal,3b5111eb-a43e-59a3-ba7f-96765a176f3a|ee2f09ed-89d1-53e2-9023-0707ca12b2a0|b26b52ee-ed30-58ff-bc46-acd83586f3a1|10c6d6bb-472f-53d7-a1d1-08ff0c5385f4|43901ffd-ddc9-579b-a083-3507aee8964a|7630f913-d526-5f85-8b76-9b8443e626dd|bd62d0f1-6b59-565e-b896-49c836c106dc|97e2f6f8-d8c7-5e02-8315-8069411663f4|1e26ddb9-ae3a-5c74-b2b0-527e0f75d7f6|06e67852-2343-58c0-9e12-0a5aa4769d40|3e001154-d5b2-5658-aa13-4c24d697ffce|124d00fd-ae69-52bd-b88e-e3d0f0ff3ad6|a31cc20c-908a-5d8d-a416-a667dad98349|5b6bd401-f4a2-5fba-aa3b-d35bf3592ca6|9d9d92d7-a3f0-550a-be1e-b650fbcceeca,06948e0f01292314e877723b64ac1f3fb5da4602bf34b5fbfaa5db8b5b134d62,zenit-simulated-feature-snapshot-v1,simulated,False,False,False,False
b655a50f-f080-5494-82bf-0d4776b94c66,23232185-5c98-523a-a8a5-d53254b8a0d8,2026-10-14,SP021,195,100,special,10,11.29,10.67,6.72,11.08,4.57,36.4,54.2,10,N2,exceeds,development_rehearsal,ad4630b2-d9d2-5977-b2f2-eeb6926636d7|ad879b1d-6333-501b-b7a9-35753f1be25e|3da48830-1adb-58a0-a218-aee46ec7ae9f|70836604-9b5c-5442-8fc4-aaccf1a61088|765a6ac2-d984-54cb-a6fd-ba88c677768b|de805a2b-1be3-54b6-a47d-b1a118d274bf|cd9a3625-dcb6-570b-bf33-863302d4f9c0|ecb565a6-bd8f-5cb4-aad0-5fe31a67d8af|ae3c2c8e-d7e8-54ab-8611-d8eae93396c4|a73d22d6-aeea-5d11-ba6c-63512a4176e0|f28dc3e8-f7ba-566b-9521-14be15e08aa8|e32baa17-7d09-5da0-a15b-73cace9b220f|6c30f50a-56f6-5ec7-bf43-d333e36a3d9c|c541daa5-f099-5db6-b968-5f152b341863|577a500e-38cb-571b-a144-d59fab0bfd44,076f38af081ea9ca2f9ed5117dab29d15f9d0ce66bae934d23c7ece8e94f6691,zenit-simulated-feature-snapshot-v1,simulated,False,False,False,False
de1a6189-6361-5e04-8668-420b37df20c9,00cb94fd-970b-5652-b9e8-aa30d6d12bc3,2026-10-15,SP021,195,100,left,30,23.95,23.38,19.13,13.57,4.82,9.1,52.6,21,N2,within,development_rehearsal,3d0a80bb-1ecf-5604-bff7-d287e633bc53|79b69f7e-8cfe-5ff0-9923-b445419f2cbb|d5e8652e-cb8b-5efc-abaa-6b54ad566b22|5a1444e5-07d5-5535-afb2-4a8b5e68e166|db84c808-dc1d-5711-8bbe-1a7e46eef0d9|953e8737-557e-5b28-a29b-76e9e942656d|bbabc7db-9250-5325-8e8c-71c8487041cd|a42482cd-8d32-5c76-b250-bb5c2a05c21a|79dc8dd1-75d6-5bd8-9404-a9ab2ebfc31f|c2ad1a90-cce5-5199-95d3-91d748eec851|413c2860-a5e9-5762-a5fb-1b2e74cc37b0|c83e6885-746e-587a-8f71-20da3913ef48|d04f7fb0-ca1d-56f0-be0d-780d8c5acdf9|191ed1d2-b6d5-555f-ac7f-53db6bc9a776|8657af27-78d7-5fce-8a79-603f2bf5a50a,8e1d525b85508d64f605185046eeff469641a74f51b95bb66275843bccea3a9d,zenit-simulated-feature-snapshot-v1,simulated,False,False,False,False
dc46de1c-c503-5887-9d29-c70c37ad8ab2,4721c12b-0a1b-5b6a-9fb3-cb0b40d23bfb,2026-10-15,SP021,195,100,median,30,11.85,11.25,42.66,37.24,5.17,41.1,83.4,5,N2,within,development_rehearsal,f031f278-d02c-5a0c-84b5-df418c471eec|1c1437d6-cce0-5e20-84c6-57bd10eccb8a|b09e7243-e5d6-5db9-91d5-09ef100ba2ee|4071a760-f56a-59bc-9ffa-47d8f68e8a8c|8efab899-c612-5b21-8cd5-768c4a068eed|27f2a97a-3aa1-5f1c-b300-a3ef155c173d|97f816da-a55c-50a7-8644-b4ddb56ab821|9c51db16-4100-561c-8366-b8f46dbfd1e8|c55f9ac6-6535-5ca8-baf7-759cd2fbb422|3f4d83b6-ebad-5bc7-9d50-41bbd9a6ffe7|857198bc-9b17-5577-b058-1baab7851160|016b53a1-2c9a-5f4b-975e-185e08504e9b|b0189bd4-2709-5286-81f4-5115ca922668|1e1035f0-40cd-5d43-8068-3f4df533c937|c9478efe-6e6d-584e-aafc-b5d4afb800ad,af0e27580c999932fca22dcb9cd989afbd68f7f5089ce20ddf111b7325eb01eb,zenit-simulated-feature-snapshot-v1,simulated,False,False,False,False
fce51417-4c11-5dc3-97d2-3c518b890ec0,046003bd-58ac-5aca-8364-c934ce6319c8,2026-10-15,SP021,195,100,right,30,19.06,18.27,13.03,8.0,6.03,32.6,51.4,14,N2,within,development_rehearsal,ee2f09ed-89d1-53e2-9023-0707ca12b2a0|b26b52ee-ed30-58ff-bc46-acd83586f3a1|10c6d6bb-472f-53d7-a1d1-08ff0c5385f4|43901ffd-ddc9-579b-a083-3507aee8964a|7630f913-d526-5f85-8b76-9b8443e626dd|bd62d0f1-6b59-565e-b896-49c836c106dc|97e2f6f8-d8c7-5e02-8315-8069411663f4|1e26ddb9-ae3a-5c74-b2b0-527e0f75d7f6|06e67852-2343-58c0-9e12-0a5aa4769d40|3e001154-d5b2-5658-aa13-4c24d697ffce|124d00fd-ae69-52bd-b88e-e3d0f0ff3ad6|a31cc20c-908a-5d8d-a416-a667dad98349|5b6bd401-f4a2-5fba-aa3b-d35bf3592ca6|9d9d92d7-a3f0-550a-be1e-b650fbcceeca|6f865fc9-b87a-5861-a060-4e55941f89f0,feddc6e00b60309c5989bc2b2349520403edd9672f91599d003ab2efb866880c,zenit-simulated-feature-snapshot-v1,simulated,False,False,False,False
bccd134c-8371-5818-a003-7ef36be5c7e6,23232185-5c98-523a-a8a5-d53254b8a0d8,2026-10-15,SP021,195,100,special,10,11.86,11.29,7.43,11.75,4.43,40.1,58.9,11,N2,exceeds,development_rehearsal,ad879b1d-6333-501b-b7a9-35753f1be25e|3da48830-1adb-58a0-a218-aee46ec7ae9f|70836604-9b5c-5442-8fc4-aaccf1a61088|765a6ac2-d984-54cb-a6fd-ba88c677768b|de805a2b-1be3-54b6-a47d-b1a118d274bf|cd9a3625-dcb6-570b-bf33-863302d4f9c0|ecb565a6-bd8f-5cb4-aad0-5fe31a67d8af|ae3c2c8e-d7e8-54ab-8611-d8eae93396c4|a73d22d6-aeea-5d11-ba6c-63512a4176e0|f28dc3e8-f7ba-566b-9521-14be15e08aa8|e32baa17-7d09-5da0-a15b-73cace9b220f|6c30f50a-56f6-5ec7-bf43-d333e36a3d9c|c541daa5-f099-5db6-b968-5f152b341863|577a500e-38cb-571b-a144-d59fab0bfd44|103dcc04-2601-53d1-a8d0-69e576b56efb,a46f1e54ba7ff4411825a0769239053a158487b1ace2c2fdf856ed776c79c54d,zenit-simulated-feature-snapshot-v1,simulated,False,False,False,False
c5cf6d4a-7c40-546c-ba0c-df2b713b36e4,00cb94fd-970b-5652-b9e8-aa30d6d12bc3,2026-10-16,SP021,195,100,left,30,24.98,23.95,19.84,14.55,5.14,16.0,54.7,22,N2,within,development_rehearsal,79b69f7e-8cfe-5ff0-9923-b445419f2cbb|d5e8652e-cb8b-5efc-abaa-6b54ad566b22|5a1444e5-07d5-5535-afb2-4a8b5e68e166|db84c808-dc1d-5711-8bbe-1a7e46eef0d9|953e8737-557e-5b28-a29b-76e9e942656d|bbabc7db-9250-5325-8e8c-71c8487041cd|a42482cd-8d32-5c76-b250-bb5c2a05c21a|79dc8dd1-75d6-5bd8-9404-a9ab2ebfc31f|c2ad1a90-cce5-5199-95d3-91d748eec851|413c2860-a5e9-5762-a5fb-1b2e74cc37b0|c83e6885-746e-587a-8f71-20da3913ef48|d04f7fb0-ca1d-56f0-be0d-780d8c5acdf9|191ed1d2-b6d5-555f-ac7f-53db6bc9a776|8657af27-78d7-5fce-8a79-603f2bf5a50a|b115e0a4-b2ac-5272-a1d7-c6a2abc03219,d9444a66f36c8491f6c1f0cd44e2f04d01f78824bf29e91236b75df3f8f64449,zenit-simulated-feature-snapshot-v1,simulated,False,False,False,False
2bf16f46-3e38-53e6-9a10-83c101d271ae,4721c12b-0a1b-5b6a-9fb3-cb0b40d23bfb,2026-10-16,SP021,195,100,median,30,12.41,11.85,43.44,38.16,4.95,33.1,73.5,6,N2,within,development_rehearsal,1c1437d6-cce0-5e20-84c6-57bd10eccb8a|b09e7243-e5d6-5db9-91d5-09ef100ba2ee|4071a760-f56a-59bc-9ffa-47d8f68e8a8c|8efab899-c612-5b21-8cd5-768c4a068eed|27f2a97a-3aa1-5f1c-b300-a3ef155c173d|97f816da-a55c-50a7-8644-b4ddb56ab821|9c51db16-4100-561c-8366-b8f46dbfd1e8|c55f9ac6-6535-5ca8-baf7-759cd2fbb422|3f4d83b6-ebad-5bc7-9d50-41bbd9a6ffe7|857198bc-9b17-5577-b058-1baab7851160|016b53a1-2c9a-5f4b-975e-185e08504e9b|b0189bd4-2709-5286-81f4-5115ca922668|1e1035f0-40cd-5d43-8068-3f4df533c937|c9478efe-6e6d-584e-aafc-b5d4afb800ad|20c89c36-6c7d-5b24-834d-9e8e1272f58c,2b8557b75685f262e6abf4247aa60487628cdc78c06eaf00f0cf0f2dc36d59dd,zenit-simulated-feature-snapshot-v1,simulated,False,False,False,False
3c056632-0229-5ce3-ace0-5ee893eb0ee2,046003bd-58ac-5aca-8364-c934ce6319c8,2026-10-16,SP021,195,100,right,30,19.95,19.06,13.72,8.63,6.23,38.9,61.0,15,N2,within,development_rehearsal,b26b52ee-ed30-58ff-bc46-acd83586f3a1|10c6d6bb-472f-53d7-a1d1-08ff0c5385f4|43901ffd-ddc9-579b-a083-3507aee8964a|7630f913-d526-5f85-8b76-9b8443e626dd|bd62d0f1-6b59-565e-b896-49c836c106dc|97e2f6f8-d8c7-5e02-8315-8069411663f4|1e26ddb9-ae3a-5c74-b2b0-527e0f75d7f6|06e67852-2343-58c0-9e12-0a5aa4769d40|3e001154-d5b2-5658-aa13-4c24d697ffce|124d00fd-ae69-52bd-b88e-e3d0f0ff3ad6|a31cc20c-908a-5d8d-a416-a667dad98349|5b6bd401-f4a2-5fba-aa3b-d35bf3592ca6|9d9d92d7-a3f0-550a-be1e-b650fbcceeca|6f865fc9-b87a-5861-a060-4e55941f89f0|b6f05492-1fde-5202-8988-bd2f6daa1f7d,dc64866e01f5631baa2c74aa821a45432beef29e32f0f745828cb070a8a5a85c,zenit-simulated-feature-snapshot-v1,simulated,False,False,False,False
83886209-81d1-52e3-b005-ded4211c1010,23232185-5c98-523a-a8a5-d53254b8a0d8,2026-10-16,SP021,195,100,special,10,12.73,11.86,7.89,12.24,4.84,47.4,69.4,12,N2,exceeds,development_rehearsal,3da48830-1adb-58a0-a218-aee46ec7ae9f|70836604-9b5c-5442-8fc4-aaccf1a61088|765a6ac2-d984-54cb-a6fd-ba88c677768b|de805a2b-1be3-54b6-a47d-b1a118d274bf|cd9a3625-dcb6-570b-bf33-863302d4f9c0|ecb565a6-bd8f-5cb4-aad0-5fe31a67d8af|ae3c2c8e-d7e8-54ab-8611-d8eae93396c4|a73d22d6-aeea-5d11-ba6c-63512a4176e0|f28dc3e8-f7ba-566b-9521-14be15e08aa8|e32baa17-7d09-5da0-a15b-73cace9b220f|6c30f50a-56f6-5ec7-bf43-d333e36a3d9c|c541daa5-f099-5db6-b968-5f152b341863|577a500e-38cb-571b-a144-d59fab0bfd44|103dcc04-2601-53d1-a8d0-69e576b56efb|f5804538-fda7-5d46-bc2d-0481182a288c,e18472b729470641c9055d5161dc0411ede5f63e4ec9631e2ca4af0f5cfde185,zenit-simulated-feature-snapshot-v1,simulated,False,False,False,False
cec804de-d9ad-5214-b038-d21f659699fa,00cb94fd-970b-5652-b9e8-aa30d6d12bc3,2026-10-17,SP021,195,100,left,30,25.7,24.98,20.53,15.26,5.17,20.6,58.1,23,N2,within,development_rehearsal,d5e8652e-cb8b-5efc-abaa-6b54ad566b22|5a1444e5-07d5-5535-afb2-4a8b5e68e166|db84c808-dc1d-5711-8bbe-1a7e46eef0d9|953e8737-557e-5b28-a29b-76e9e942656d|bbabc7db-9250-5325-8e8c-71c8487041cd|a42482cd-8d32-5c76-b250-bb5c2a05c21a|79dc8dd1-75d6-5bd8-9404-a9ab2ebfc31f|c2ad1a90-cce5-5199-95d3-91d748eec851|413c2860-a5e9-5762-a5fb-1b2e74cc37b0|c83e6885-746e-587a-8f71-20da3913ef48|d04f7fb0-ca1d-56f0-be0d-780d8c5acdf9|191ed1d2-b6d5-555f-ac7f-53db6bc9a776|8657af27-78d7-5fce-8a79-603f2bf5a50a|b115e0a4-b2ac-5272-a1d7-c6a2abc03219|594654f1-7acf-5bd1-ba25-2ad27e0938ad,0cf6ed18880acce6a3dd40a54154d0f802b1026ed10f5928c8dd2f6bb4de1969,zenit-simulated-feature-snapshot-v1,simulated,False,False,False,False
26f77325-9f9d-5ce2-89be-4cf634921bd6,4721c12b-0a1b-5b6a-9fb3-cb0b40d23bfb,2026-10-17,SP021,195,100,median,30,13.17,12.41,8.0,38.79,5.17,38.4,74.6,7,N2,within,development_rehearsal,b09e7243-e5d6-5db9-91d5-09ef100ba2ee|4071a760-f56a-59bc-9ffa-47d8f68e8a8c|8efab899-c612-5b21-8cd5-768c4a068eed|27f2a97a-3aa1-5f1c-b300-a3ef155c173d|97f816da-a55c-50a7-8644-b4ddb56ab821|9c51db16-4100-561c-8366-b8f46dbfd1e8|c55f9ac6-6535-5ca8-baf7-759cd2fbb422|3f4d83b6-ebad-5bc7-9d50-41bbd9a6ffe7|857198bc-9b17-5577-b058-1baab7851160|016b53a1-2c9a-5f4b-975e-185e08504e9b|b0189bd4-2709-5286-81f4-5115ca922668|1e1035f0-40cd-5d43-8068-3f4df533c937|c9478efe-6e6d-584e-aafc-b5d4afb800ad|20c89c36-6c7d-5b24-834d-9e8e1272f58c|ccc29bd1-f955-5356-8d90-d96f89d9840a,6cf1f63fac7997f31acc074cfc16abeacb45cefc558ded8452153c27f9b13f19,zenit-simulated-feature-snapshot-v1,simulated,False,False,False,False
21e14948-0ccf-54b1-9b01-d38a5ae2d58b,046003bd-58ac-5aca-8364-c934ce6319c8,2026-10-17,SP021,195,100,right,30,20.9,19.95,14.79,9.34,6.11,38.3,70.4,16,N2,within,development_rehearsal,10c6d6bb-472f-53d7-a1d1-08ff0c5385f4|43901ffd-ddc9-579b-a083-3507aee8964a|7630f913-d526-5f85-8b76-9b8443e626dd|bd62d0f1-6b59-565e-b896-49c836c106dc|97e2f6f8-d8c7-5e02-8315-8069411663f4|1e26ddb9-ae3a-5c74-b2b0-527e0f75d7f6|06e67852-2343-58c0-9e12-0a5aa4769d40|3e001154-d5b2-5658-aa13-4c24d697ffce|124d00fd-ae69-52bd-b88e-e3d0f0ff3ad6|a31cc20c-908a-5d8d-a416-a667dad98349|5b6bd401-f4a2-5fba-aa3b-d35bf3592ca6|9d9d92d7-a3f0-550a-be1e-b650fbcceeca|6f865fc9-b87a-5861-a060-4e55941f89f0|b6f05492-1fde-5202-8988-bd2f6daa1f7d|a25a765f-cb5e-5405-b1f2-e5bc77cdd1e5,23fd2bdf41dd886103040a4b91789db4a5d79d8eb7edfaa30906e25df74040a9,zenit-simulated-feature-snapshot-v1,simulated,False,False,False,False
abc51b98-2c79-5038-a4d4-d2e21ade9ff8,23232185-5c98-523a-a8a5-d53254b8a0d8,2026-10-17,SP021,195,100,special,10,13.35,12.73,8.28,12.82,5.07,54.6,76.9,13,N2,exceeds,development_rehearsal,70836604-9b5c-5442-8fc4-aaccf1a61088|765a6ac2-d984-54cb-a6fd-ba88c677768b|de805a2b-1be3-54b6-a47d-b1a118d274bf|cd9a3625-dcb6-570b-bf33-863302d4f9c0|ecb565a6-bd8f-5cb4-aad0-5fe31a67d8af|ae3c2c8e-d7e8-54ab-8611-d8eae93396c4|a73d22d6-aeea-5d11-ba6c-63512a4176e0|f28dc3e8-f7ba-566b-9521-14be15e08aa8|e32baa17-7d09-5da0-a15b-73cace9b220f|6c30f50a-56f6-5ec7-bf43-d333e36a3d9c|c541daa5-f099-5db6-b968-5f152b341863|577a500e-38cb-571b-a144-d59fab0bfd44|103dcc04-2601-53d1-a8d0-69e576b56efb|f5804538-fda7-5d46-bc2d-0481182a288c|4281b078-0cc5-514b-bf1b-c05efb9acd81,02a03bd952b635b2059f1a0b486ffa4fe825bece200d6bbfcff72cbff23b8555,zenit-simulated-feature-snapshot-v1,simulated,False,False,False,False
e2a37949-ff8b-5cd1-988a-d630cf936532,00cb94fd-970b-5652-b9e8-aa30d6d12bc3,2026-10-18,SP021,195,100,left,30,26.47,25.7,21.22,15.98,5.25,31.9,69.4,24,N2,within,development_rehearsal,5a1444e5-07d5-5535-afb2-4a8b5e68e166|db84c808-dc1d-5711-8bbe-1a7e46eef0d9|953e8737-557e-5b28-a29b-76e9e942656d|bbabc7db-9250-5325-8e8c-71c8487041cd|a42482cd-8d32-5c76-b250-bb5c2a05c21a|79dc8dd1-75d6-5bd8-9404-a9ab2ebfc31f|c2ad1a90-cce5-5199-95d3-91d748eec851|413c2860-a5e9-5762-a5fb-1b2e74cc37b0|c83e6885-746e-587a-8f71-20da3913ef48|d04f7fb0-ca1d-56f0-be0d-780d8c5acdf9|191ed1d2-b6d5-555f-ac7f-53db6bc9a776|8657af27-78d7-5fce-8a79-603f2bf5a50a|b115e0a4-b2ac-5272-a1d7-c6a2abc03219|594654f1-7acf-5bd1-ba25-2ad27e0938ad|bdb8158f-8297-5c0c-abe0-863cc6ba5e2b,3edc2ed524e8021e0f1df0dc2805dd1b0160f57b6390a883784d946ad8762fc2,zenit-simulated-feature-snapshot-v1,simulated,False,False,False,False
c701736a-465d-5fa7-8cd5-0b09c9803986,4721c12b-0a1b-5b6a-9fb3-cb0b40d23bfb,2026-10-18,SP021,195,100,median,30,13.87,13.17,8.98,39.7,4.89,32.6,70.6,8,N2,within,development_rehearsal,4071a760-f56a-59bc-9ffa-47d8f68e8a8c|8efab899-c612-5b21-8cd5-768c4a068eed|27f2a97a-3aa1-5f1c-b300-a3ef155c173d|97f816da-a55c-50a7-8644-b4ddb56ab821|9c51db16-4100-561c-8366-b8f46dbfd1e8|c55f9ac6-6535-5ca8-baf7-759cd2fbb422|3f4d83b6-ebad-5bc7-9d50-41bbd9a6ffe7|857198bc-9b17-5577-b058-1baab7851160|016b53a1-2c9a-5f4b-975e-185e08504e9b|b0189bd4-2709-5286-81f4-5115ca922668|1e1035f0-40cd-5d43-8068-3f4df533c937|c9478efe-6e6d-584e-aafc-b5d4afb800ad|20c89c36-6c7d-5b24-834d-9e8e1272f58c|ccc29bd1-f955-5356-8d90-d96f89d9840a|57876c2a-ac0c-5870-a90d-4b49c1a41acf,5e49f676f20a99b0b7ca8e9f33b373cd50eb18d27d27a1d1bb01e6021d4a3ca3,zenit-simulated-feature-snapshot-v1,simulated,False,False,False,False
0cdfd1fe-d624-52e4-80ad-0f356d051e21,046003bd-58ac-5aca-8364-c934ce6319c8,2026-10-18,SP021,195,100,right,30,21.62,20.9,15.71,10.11,5.91,38.5,75.1,17,N2,within,development_rehearsal,43901ffd-ddc9-579b-a083-3507aee8964a|7630f913-d526-5f85-8b76-9b8443e626dd|bd62d0f1-6b59-565e-b896-49c836c106dc|97e2f6f8-d8c7-5e02-8315-8069411663f4|1e26ddb9-ae3a-5c74-b2b0-527e0f75d7f6|06e67852-2343-58c0-9e12-0a5aa4769d40|3e001154-d5b2-5658-aa13-4c24d697ffce|124d00fd-ae69-52bd-b88e-e3d0f0ff3ad6|a31cc20c-908a-5d8d-a416-a667dad98349|5b6bd401-f4a2-5fba-aa3b-d35bf3592ca6|9d9d92d7-a3f0-550a-be1e-b650fbcceeca|6f865fc9-b87a-5861-a060-4e55941f89f0|b6f05492-1fde-5202-8988-bd2f6daa1f7d|a25a765f-cb5e-5405-b1f2-e5bc77cdd1e5|dbe57054-868a-57e8-bb56-c56e9b04e243,f6dfae061756a0110c2d7c4308f041177e4b05ea56c9b3f9c7ed989b84fedb6a,zenit-simulated-feature-snapshot-v1,simulated,False,False,False,False
b753a4fa-2011-54a5-b15a-a467440056a2,23232185-5c98-523a-a8a5-d53254b8a0d8,2026-10-18,SP021,195,100,special,10,5.0,13.35,8.98,5.0,4.75,54.1,78.1,0,N1,within,development_rehearsal,765a6ac2-d984-54cb-a6fd-ba88c677768b|de805a2b-1be3-54b6-a47d-b1a118d274bf|cd9a3625-dcb6-570b-bf33-863302d4f9c0|ecb565a6-bd8f-5cb4-aad0-5fe31a67d8af|ae3c2c8e-d7e8-54ab-8611-d8eae93396c4|a73d22d6-aeea-5d11-ba6c-63512a4176e0|f28dc3e8-f7ba-566b-9521-14be15e08aa8|e32baa17-7d09-5da0-a15b-73cace9b220f|6c30f50a-56f6-5ec7-bf43-d333e36a3d9c|c541daa5-f099-5db6-b968-5f152b341863|577a500e-38cb-571b-a144-d59fab0bfd44|103dcc04-2601-53d1-a8d0-69e576b56efb|f5804538-fda7-5d46-bc2d-0481182a288c|4281b078-0cc5-514b-bf1b-c05efb9acd81|9efa9797-a0ba-5f14-ae47-628ce74f863c,c67408707f037beea8a7d7cd9e69df82d2f19127152b5de1f4e361d7c4ebc42a,zenit-simulated-feature-snapshot-v1,simulated,False,False,False,False
f746b1eb-3a1d-5dec-9b30-b029e401ed8d,00cb94fd-970b-5652-b9e8-aa30d6d12bc3,2026-10-19,SP021,195,100,left,30,27.16,26.47,21.76,16.85,5.4,36.9,67.5,25,N2,within,development_rehearsal,db84c808-dc1d-5711-8bbe-1a7e46eef0d9|953e8737-557e-5b28-a29b-76e9e942656d|bbabc7db-9250-5325-8e8c-71c8487041cd|a42482cd-8d32-5c76-b250-bb5c2a05c21a|79dc8dd1-75d6-5bd8-9404-a9ab2ebfc31f|c2ad1a90-cce5-5199-95d3-91d748eec851|413c2860-a5e9-5762-a5fb-1b2e74cc37b0|c83e6885-746e-587a-8f71-20da3913ef48|d04f7fb0-ca1d-56f0-be0d-780d8c5acdf9|191ed1d2-b6d5-555f-ac7f-53db6bc9a776|8657af27-78d7-5fce-8a79-603f2bf5a50a|b115e0a4-b2ac-5272-a1d7-c6a2abc03219|594654f1-7acf-5bd1-ba25-2ad27e0938ad|bdb8158f-8297-5c0c-abe0-863cc6ba5e2b|ec149efe-19a3-5b01-8e4d-6f94b2ef0f6f,77f4c6af64c9093d70f5e037a962efe62fbe67bed3861256c6abea529bbf7604,zenit-simulated-feature-snapshot-v1,simulated,False,False,False,False
74a602ff-e8f8-50c9-a9fd-e82e8b55bb46,4721c12b-0a1b-5b6a-9fb3-cb0b40d23bfb,2026-10-19,SP021,195,100,median,30,14.32,13.87,9.61,40.26,4.71,30.8,70.4,9,N2,within,development_rehearsal,8efab899-c612-5b21-8cd5-768c4a068eed|27f2a97a-3aa1-5f1c-b300-a3ef155c173d|97f816da-a55c-50a7-8644-b4ddb56ab821|9c51db16-4100-561c-8366-b8f46dbfd1e8|c55f9ac6-6535-5ca8-baf7-759cd2fbb422|3f4d83b6-ebad-5bc7-9d50-41bbd9a6ffe7|857198bc-9b17-5577-b058-1baab7851160|016b53a1-2c9a-5f4b-975e-185e08504e9b|b0189bd4-2709-5286-81f4-5115ca922668|1e1035f0-40cd-5d43-8068-3f4df533c937|c9478efe-6e6d-584e-aafc-b5d4afb800ad|20c89c36-6c7d-5b24-834d-9e8e1272f58c|ccc29bd1-f955-5356-8d90-d96f89d9840a|57876c2a-ac0c-5870-a90d-4b49c1a41acf|180c0c92-87ad-5f8b-b97e-66f85f31db49,c62210956de0adc7c72149266a355d95ac61576f6ce6752dd41a679e5d7b5883,zenit-simulated-feature-snapshot-v1,simulated,False,False,False,False
7ac6f71e-2ebb-5161-b921-731876d90883,046003bd-58ac-5aca-8364-c934ce6319c8,2026-10-19,SP021,195,100,right,30,22.49,21.62,16.48,10.74,6.01,48.2,84.8,18,N2,within,development_rehearsal,7630f913-d526-5f85-8b76-9b8443e626dd|bd62d0f1-6b59-565e-b896-49c836c106dc|97e2f6f8-d8c7-5e02-8315-8069411663f4|1e26ddb9-ae3a-5c74-b2b0-527e0f75d7f6|06e67852-2343-58c0-9e12-0a5aa4769d40|3e001154-d5b2-5658-aa13-4c24d697ffce|124d00fd-ae69-52bd-b88e-e3d0f0ff3ad6|a31cc20c-908a-5d8d-a416-a667dad98349|5b6bd401-f4a2-5fba-aa3b-d35bf3592ca6|9d9d92d7-a3f0-550a-be1e-b650fbcceeca|6f865fc9-b87a-5861-a060-4e55941f89f0|b6f05492-1fde-5202-8988-bd2f6daa1f7d|a25a765f-cb5e-5405-b1f2-e5bc77cdd1e5|dbe57054-868a-57e8-bb56-c56e9b04e243|67009509-d602-5848-83da-c989ef6ad116,16aa9cdc3cb7737ad1f241d04fb42cbd3d692a19a840eb1a2ca1e0e8224e0a31,zenit-simulated-feature-snapshot-v1,simulated,False,False,False,False
19788980-a3a2-5719-a1b9-9261ff3058d8,23232185-5c98-523a-a8a5-d53254b8a0d8,2026-10-19,SP021,195,100,special,10,5.76,5.0,9.74,5.53,4.75,48.6,85.7,1,N1,within,development_rehearsal,de805a2b-1be3-54b6-a47d-b1a118d274bf|cd9a3625-dcb6-570b-bf33-863302d4f9c0|ecb565a6-bd8f-5cb4-aad0-5fe31a67d8af|ae3c2c8e-d7e8-54ab-8611-d8eae93396c4|a73d22d6-aeea-5d11-ba6c-63512a4176e0|f28dc3e8-f7ba-566b-9521-14be15e08aa8|e32baa17-7d09-5da0-a15b-73cace9b220f|6c30f50a-56f6-5ec7-bf43-d333e36a3d9c|c541daa5-f099-5db6-b968-5f152b341863|577a500e-38cb-571b-a144-d59fab0bfd44|103dcc04-2601-53d1-a8d0-69e576b56efb|f5804538-fda7-5d46-bc2d-0481182a288c|4281b078-0cc5-514b-bf1b-c05efb9acd81|9efa9797-a0ba-5f14-ae47-628ce74f863c|871e3c54-9273-50c4-9c41-9f3c44421dd0,5576cf1a13302cf7f7443aa17b4d8e6f095e43b5b14a556137262f84bf99f081,zenit-simulated-feature-snapshot-v1,simulated,False,False,False,False
0ea6a1f1-4dc5-5040-b696-d87f1cf5b50d,00cb94fd-970b-5652-b9e8-aa30d6d12bc3,2026-10-20,SP021,195,100,left,30,27.76,27.16,22.65,17.67,5.11,31.7,56.0,26,N2,within,development_rehearsal,953e8737-557e-5b28-a29b-76e9e942656d|bbabc7db-9250-5325-8e8c-71c8487041cd|a42482cd-8d32-5c76-b250-bb5c2a05c21a|79dc8dd1-75d6-5bd8-9404-a9ab2ebfc31f|c2ad1a90-cce5-5199-95d3-91d748eec851|413c2860-a5e9-5762-a5fb-1b2e74cc37b0|c83e6885-746e-587a-8f71-20da3913ef48|d04f7fb0-ca1d-56f0-be0d-780d8c5acdf9|191ed1d2-b6d5-555f-ac7f-53db6bc9a776|8657af27-78d7-5fce-8a79-603f2bf5a50a|b115e0a4-b2ac-5272-a1d7-c6a2abc03219|594654f1-7acf-5bd1-ba25-2ad27e0938ad|bdb8158f-8297-5c0c-abe0-863cc6ba5e2b|ec149efe-19a3-5b01-8e4d-6f94b2ef0f6f|41f47205-8e90-5440-bdf5-bed1e2279f05,5786c9644eb13d148910be802666c655063c137dfa2d35b2ebf7aeeab4718cfd,zenit-simulated-feature-snapshot-v1,simulated,False,False,False,False
a52d74bc-a67d-5b82-b3bf-f7479a6418a7,4721c12b-0a1b-5b6a-9fb3-cb0b40d23bfb,2026-10-20,SP021,195,100,median,30,15.0,14.32,10.35,40.87,4.65,32.4,76.4,10,N2,within,development_rehearsal,27f2a97a-3aa1-5f1c-b300-a3ef155c173d|97f816da-a55c-50a7-8644-b4ddb56ab821|9c51db16-4100-561c-8366-b8f46dbfd1e8|c55f9ac6-6535-5ca8-baf7-759cd2fbb422|3f4d83b6-ebad-5bc7-9d50-41bbd9a6ffe7|857198bc-9b17-5577-b058-1baab7851160|016b53a1-2c9a-5f4b-975e-185e08504e9b|b0189bd4-2709-5286-81f4-5115ca922668|1e1035f0-40cd-5d43-8068-3f4df533c937|c9478efe-6e6d-584e-aafc-b5d4afb800ad|20c89c36-6c7d-5b24-834d-9e8e1272f58c|ccc29bd1-f955-5356-8d90-d96f89d9840a|57876c2a-ac0c-5870-a90d-4b49c1a41acf|180c0c92-87ad-5f8b-b97e-66f85f31db49|3b8ada41-dab7-539a-a40f-b0e18d6a2d0c,9839685673a226843b07c8140bb1a5fef7511621ef6ad69a5254c03dc69b127c,zenit-simulated-feature-snapshot-v1,simulated,False,False,False,False
cf51fcc3-e207-5ad2-a97e-03fb42ec3ab6,046003bd-58ac-5aca-8364-c934ce6319c8,2026-10-20,SP021,195,100,right,30,23.5,22.49,17.37,11.4,6.13,47.7,93.1,19,N2,within,development_rehearsal,bd62d0f1-6b59-565e-b896-49c836c106dc|97e2f6f8-d8c7-5e02-8315-8069411663f4|1e26ddb9-ae3a-5c74-b2b0-527e0f75d7f6|06e67852-2343-58c0-9e12-0a5aa4769d40|3e001154-d5b2-5658-aa13-4c24d697ffce|124d00fd-ae69-52bd-b88e-e3d0f0ff3ad6|a31cc20c-908a-5d8d-a416-a667dad98349|5b6bd401-f4a2-5fba-aa3b-d35bf3592ca6|9d9d92d7-a3f0-550a-be1e-b650fbcceeca|6f865fc9-b87a-5861-a060-4e55941f89f0|b6f05492-1fde-5202-8988-bd2f6daa1f7d|a25a765f-cb5e-5405-b1f2-e5bc77cdd1e5|dbe57054-868a-57e8-bb56-c56e9b04e243|67009509-d602-5848-83da-c989ef6ad116|b48e3b74-9604-52c4-8466-d1f765feb4b5,c79f9b98d27e6a705b58296802fb3569d0c1a1a2e04fb63c56f9b56f7719ead1,zenit-simulated-feature-snapshot-v1,simulated,False,False,False,False
706d9f7e-dccb-5bf3-955e-a0e560db9bbd,23232185-5c98-523a-a8a5-d53254b8a0d8,2026-10-20,SP021,195,100,special,10,6.5,5.76,10.67,6.18,4.56,42.8,85.5,2,N1,within,development_rehearsal,cd9a3625-dcb6-570b-bf33-863302d4f9c0|ecb565a6-bd8f-5cb4-aad0-5fe31a67d8af|ae3c2c8e-d7e8-54ab-8611-d8eae93396c4|a73d22d6-aeea-5d11-ba6c-63512a4176e0|f28dc3e8-f7ba-566b-9521-14be15e08aa8|e32baa17-7d09-5da0-a15b-73cace9b220f|6c30f50a-56f6-5ec7-bf43-d333e36a3d9c|c541daa5-f099-5db6-b968-5f152b341863|577a500e-38cb-571b-a144-d59fab0bfd44|103dcc04-2601-53d1-a8d0-69e576b56efb|f5804538-fda7-5d46-bc2d-0481182a288c|4281b078-0cc5-514b-bf1b-c05efb9acd81|9efa9797-a0ba-5f14-ae47-628ce74f863c|871e3c54-9273-50c4-9c41-9f3c44421dd0|08f2db71-eb3b-5467-8573-87f1a84d3691,ec9e267dba54f45b61562468ea1b46ce3b2d8588822e190e21e060840759a8c3,zenit-simulated-feature-snapshot-v1,simulated,False,False,False,False
73dbac61-6738-520f-b7a1-6206affecd02,00cb94fd-970b-5652-b9e8-aa30d6d12bc3,2026-10-21,SP021,195,100,left,30,28.72,27.76,23.38,18.35,5.34,39.1,58.8,27,N2,within,development_rehearsal,bbabc7db-9250-5325-8e8c-71c8487041cd|a42482cd-8d32-5c76-b250-bb5c2a05c21a|79dc8dd1-75d6-5bd8-9404-a9ab2ebfc31f|c2ad1a90-cce5-5199-95d3-91d748eec851|413c2860-a5e9-5762-a5fb-1b2e74cc37b0|c83e6885-746e-587a-8f71-20da3913ef48|d04f7fb0-ca1d-56f0-be0d-780d8c5acdf9|191ed1d2-b6d5-555f-ac7f-53db6bc9a776|8657af27-78d7-5fce-8a79-603f2bf5a50a|b115e0a4-b2ac-5272-a1d7-c6a2abc03219|594654f1-7acf-5bd1-ba25-2ad27e0938ad|bdb8158f-8297-5c0c-abe0-863cc6ba5e2b|ec149efe-19a3-5b01-8e4d-6f94b2ef0f6f|41f47205-8e90-5440-bdf5-bed1e2279f05|83cd53bd-51fd-5951-a2fb-bb6401a497ad,9c355fb5cdbaf1ad1546e63a1ed41215486594c229a30bc3f065e661be61806e,zenit-simulated-feature-snapshot-v1,simulated,False,False,False,False
9e6afb89-02c1-5b75-b50d-2c9dd04df3e5,4721c12b-0a1b-5b6a-9fb3-cb0b40d23bfb,2026-10-21,SP021,195,100,median,30,15.66,15.0,11.25,41.6,4.41,25.1,76.1,11,N2,within,development_rehearsal,97f816da-a55c-50a7-8644-b4ddb56ab821|9c51db16-4100-561c-8366-b8f46dbfd1e8|c55f9ac6-6535-5ca8-baf7-759cd2fbb422|3f4d83b6-ebad-5bc7-9d50-41bbd9a6ffe7|857198bc-9b17-5577-b058-1baab7851160|016b53a1-2c9a-5f4b-975e-185e08504e9b|b0189bd4-2709-5286-81f4-5115ca922668|1e1035f0-40cd-5d43-8068-3f4df533c937|c9478efe-6e6d-584e-aafc-b5d4afb800ad|20c89c36-6c7d-5b24-834d-9e8e1272f58c|ccc29bd1-f955-5356-8d90-d96f89d9840a|57876c2a-ac0c-5870-a90d-4b49c1a41acf|180c0c92-87ad-5f8b-b97e-66f85f31db49|3b8ada41-dab7-539a-a40f-b0e18d6a2d0c|790f14a4-c42d-57a5-84a5-49f60a144dcb,38625958d5291aa7823388f71240f90d2ef43c337bf21c11de818ce1e72b1724,zenit-simulated-feature-snapshot-v1,simulated,False,False,False,False
48fe9a01-7ffe-5acb-9173-b9a99567ec3f,046003bd-58ac-5aca-8364-c934ce6319c8,2026-10-21,SP021,195,100,right,30,24.38,23.5,18.27,12.16,6.11,50.7,90.5,20,N2,within,development_rehearsal,97e2f6f8-d8c7-5e02-8315-8069411663f4|1e26ddb9-ae3a-5c74-b2b0-527e0f75d7f6|06e67852-2343-58c0-9e12-0a5aa4769d40|3e001154-d5b2-5658-aa13-4c24d697ffce|124d00fd-ae69-52bd-b88e-e3d0f0ff3ad6|a31cc20c-908a-5d8d-a416-a667dad98349|5b6bd401-f4a2-5fba-aa3b-d35bf3592ca6|9d9d92d7-a3f0-550a-be1e-b650fbcceeca|6f865fc9-b87a-5861-a060-4e55941f89f0|b6f05492-1fde-5202-8988-bd2f6daa1f7d|a25a765f-cb5e-5405-b1f2-e5bc77cdd1e5|dbe57054-868a-57e8-bb56-c56e9b04e243|67009509-d602-5848-83da-c989ef6ad116|b48e3b74-9604-52c4-8466-d1f765feb4b5|224fc3f5-06d0-5687-9165-79d136d22a55,c7831ec22dd375e035dc0fcf58cc5dfe06358b226859f604bbf938656b2d6142,zenit-simulated-feature-snapshot-v1,simulated,False,False,False,False
9378b092-5059-5704-a384-f7817380cf1f,23232185-5c98-523a-a8a5-d53254b8a0d8,2026-10-21,SP021,195,100,special,10,7.11,6.5,11.29,6.72,4.55,46.1,82.5,3,N1,within,development_rehearsal,ecb565a6-bd8f-5cb4-aad0-5fe31a67d8af|ae3c2c8e-d7e8-54ab-8611-d8eae93396c4|a73d22d6-aeea-5d11-ba6c-63512a4176e0|f28dc3e8-f7ba-566b-9521-14be15e08aa8|e32baa17-7d09-5da0-a15b-73cace9b220f|6c30f50a-56f6-5ec7-bf43-d333e36a3d9c|c541daa5-f099-5db6-b968-5f152b341863|577a500e-38cb-571b-a144-d59fab0bfd44|103dcc04-2601-53d1-a8d0-69e576b56efb|f5804538-fda7-5d46-bc2d-0481182a288c|4281b078-0cc5-514b-bf1b-c05efb9acd81|9efa9797-a0ba-5f14-ae47-628ce74f863c|871e3c54-9273-50c4-9c41-9f3c44421dd0|08f2db71-eb3b-5467-8573-87f1a84d3691|4622df5e-86cf-58a1-8213-62c58abb1b4e,0bb848d317c0df7369c008118c6618c3a1ac83bafd0780562bac4bd642359839,zenit-simulated-feature-snapshot-v1,simulated,False,False,False,False
b5275fd5-c95e-574c-8fd8-fc954639cccf,00cb94fd-970b-5652-b9e8-aa30d6d12bc3,2026-10-22,SP021,195,100,left,30,29.4,28.72,23.95,19.13,5.45,39.1,48.2,28,N2,within,development_rehearsal,a42482cd-8d32-5c76-b250-bb5c2a05c21a|79dc8dd1-75d6-5bd8-9404-a9ab2ebfc31f|c2ad1a90-cce5-5199-95d3-91d748eec851|413c2860-a5e9-5762-a5fb-1b2e74cc37b0|c83e6885-746e-587a-8f71-20da3913ef48|d04f7fb0-ca1d-56f0-be0d-780d8c5acdf9|191ed1d2-b6d5-555f-ac7f-53db6bc9a776|8657af27-78d7-5fce-8a79-603f2bf5a50a|b115e0a4-b2ac-5272-a1d7-c6a2abc03219|594654f1-7acf-5bd1-ba25-2ad27e0938ad|bdb8158f-8297-5c0c-abe0-863cc6ba5e2b|ec149efe-19a3-5b01-8e4d-6f94b2ef0f6f|41f47205-8e90-5440-bdf5-bed1e2279f05|83cd53bd-51fd-5951-a2fb-bb6401a497ad|1f2d9f2f-8099-52b9-9b32-b71f6c4bd1e5,e059e9fc6f5709f5beb84a410bcb2ab6c80fcd6b774adca768fb260289b70ae8,zenit-simulated-feature-snapshot-v1,simulated,False,False,False,False
9a164a51-42ec-5d8f-a5e4-bbaaacf00c67,4721c12b-0a1b-5b6a-9fb3-cb0b40d23bfb,2026-10-22,SP021,195,100,median,30,16.53,15.66,11.85,42.66,4.68,30.6,71.7,12,N2,within,development_rehearsal,9c51db16-4100-561c-8366-b8f46dbfd1e8|c55f9ac6-6535-5ca8-baf7-759cd2fbb422|3f4d83b6-ebad-5bc7-9d50-41bbd9a6ffe7|857198bc-9b17-5577-b058-1baab7851160|016b53a1-2c9a-5f4b-975e-185e08504e9b|b0189bd4-2709-5286-81f4-5115ca922668|1e1035f0-40cd-5d43-8068-3f4df533c937|c9478efe-6e6d-584e-aafc-b5d4afb800ad|20c89c36-6c7d-5b24-834d-9e8e1272f58c|ccc29bd1-f955-5356-8d90-d96f89d9840a|57876c2a-ac0c-5870-a90d-4b49c1a41acf|180c0c92-87ad-5f8b-b97e-66f85f31db49|3b8ada41-dab7-539a-a40f-b0e18d6a2d0c|790f14a4-c42d-57a5-84a5-49f60a144dcb|da05d520-95be-5a5b-b708-97ce0bc5491e,a7920025aea0c0e59e498e96e9b8eb866f7dff258b9742e1c9ae6f61714abebf,zenit-simulated-feature-snapshot-v1,simulated,False,False,False,False
f5d71038-cd54-5b77-a8a7-f2c4104ce878,046003bd-58ac-5aca-8364-c934ce6319c8,2026-10-22,SP021,195,100,right,30,25.26,24.38,19.06,13.03,6.2,54.3,86.9,21,N2,within,development_rehearsal,1e26ddb9-ae3a-5c74-b2b0-527e0f75d7f6|06e67852-2343-58c0-9e12-0a5aa4769d40|3e001154-d5b2-5658-aa13-4c24d697ffce|124d00fd-ae69-52bd-b88e-e3d0f0ff3ad6|a31cc20c-908a-5d8d-a416-a667dad98349|5b6bd401-f4a2-5fba-aa3b-d35bf3592ca6|9d9d92d7-a3f0-550a-be1e-b650fbcceeca|6f865fc9-b87a-5861-a060-4e55941f89f0|b6f05492-1fde-5202-8988-bd2f6daa1f7d|a25a765f-cb5e-5405-b1f2-e5bc77cdd1e5|dbe57054-868a-57e8-bb56-c56e9b04e243|67009509-d602-5848-83da-c989ef6ad116|b48e3b74-9604-52c4-8466-d1f765feb4b5|224fc3f5-06d0-5687-9165-79d136d22a55|2c3f8a67-cc0c-5086-8159-7c52493fc229,21bed9bfcd292e0a2edc1ec8dd13e78b08d03ed289ec74ede75b663c24c09968,zenit-simulated-feature-snapshot-v1,simulated,False,False,False,False
f03d3137-a00e-59ca-98f6-0a25bd7826c2,23232185-5c98-523a-a8a5-d53254b8a0d8,2026-10-22,SP021,195,100,special,10,7.83,7.11,11.86,7.43,4.7,44.3,84.4,4,N1,within,development_rehearsal,ae3c2c8e-d7e8-54ab-8611-d8eae93396c4|a73d22d6-aeea-5d11-ba6c-63512a4176e0|f28dc3e8-f7ba-566b-9521-14be15e08aa8|e32baa17-7d09-5da0-a15b-73cace9b220f|6c30f50a-56f6-5ec7-bf43-d333e36a3d9c|c541daa5-f099-5db6-b968-5f152b341863|577a500e-38cb-571b-a144-d59fab0bfd44|103dcc04-2601-53d1-a8d0-69e576b56efb|f5804538-fda7-5d46-bc2d-0481182a288c|4281b078-0cc5-514b-bf1b-c05efb9acd81|9efa9797-a0ba-5f14-ae47-628ce74f863c|871e3c54-9273-50c4-9c41-9f3c44421dd0|08f2db71-eb3b-5467-8573-87f1a84d3691|4622df5e-86cf-58a1-8213-62c58abb1b4e|00a885e2-5afe-595b-b1d2-d7ac29321b74,f2b5da54d26fa0c37de1bcb748e988e0cbbcabef43e4f103492af59612fee412,zenit-simulated-feature-snapshot-v1,simulated,False,False,False,False
fef01bfc-5400-54f7-b776-46446dd9ec7d,00cb94fd-970b-5652-b9e8-aa30d6d12bc3,2026-10-23,SP021,195,100,left,30,30.07,29.4,24.98,19.84,5.09,36.7,52.7,29,N3,exceeds,development_rehearsal,79dc8dd1-75d6-5bd8-9404-a9ab2ebfc31f|c2ad1a90-cce5-5199-95d3-91d748eec851|413c2860-a5e9-5762-a5fb-1b2e74cc37b0|c83e6885-746e-587a-8f71-20da3913ef48|d04f7fb0-ca1d-56f0-be0d-780d8c5acdf9|191ed1d2-b6d5-555f-ac7f-53db6bc9a776|8657af27-78d7-5fce-8a79-603f2bf5a50a|b115e0a4-b2ac-5272-a1d7-c6a2abc03219|594654f1-7acf-5bd1-ba25-2ad27e0938ad|bdb8158f-8297-5c0c-abe0-863cc6ba5e2b|ec149efe-19a3-5b01-8e4d-6f94b2ef0f6f|41f47205-8e90-5440-bdf5-bed1e2279f05|83cd53bd-51fd-5951-a2fb-bb6401a497ad|1f2d9f2f-8099-52b9-9b32-b71f6c4bd1e5|12de4445-aa26-57a6-84b7-813905488312,3da4de1171d99446e7718869b02b33b1374467c8f3cdb34b5cf1f0a874ae33eb,zenit-simulated-feature-snapshot-v1,simulated,False,False,False,False
b68af71a-e91b-52d7-9244-8007104bff2f,4721c12b-0a1b-5b6a-9fb3-cb0b40d23bfb,2026-10-23,SP021,195,100,median,30,17.24,16.53,12.41,43.44,4.83,36.0,69.1,13,N2,within,development_rehearsal,c55f9ac6-6535-5ca8-baf7-759cd2fbb422|3f4d83b6-ebad-5bc7-9d50-41bbd9a6ffe7|857198bc-9b17-5577-b058-1baab7851160|016b53a1-2c9a-5f4b-975e-185e08504e9b|b0189bd4-2709-5286-81f4-5115ca922668|1e1035f0-40cd-5d43-8068-3f4df533c937|c9478efe-6e6d-584e-aafc-b5d4afb800ad|20c89c36-6c7d-5b24-834d-9e8e1272f58c|ccc29bd1-f955-5356-8d90-d96f89d9840a|57876c2a-ac0c-5870-a90d-4b49c1a41acf|180c0c92-87ad-5f8b-b97e-66f85f31db49|3b8ada41-dab7-539a-a40f-b0e18d6a2d0c|790f14a4-c42d-57a5-84a5-49f60a144dcb|da05d520-95be-5a5b-b708-97ce0bc5491e|3606d697-0fe2-5973-951c-3aa1d8b1c323,cffe1debc5e7498351005e5dfae830a930773ca888384fb6e6c0e3f536edcc54,zenit-simulated-feature-snapshot-v1,simulated,False,False,False,False
238da4b3-0f31-5b42-b451-b254de1eaec5,046003bd-58ac-5aca-8364-c934ce6319c8,2026-10-23,SP021,195,100,right,30,25.99,25.26,19.95,13.72,6.04,44.7,83.6,22,N2,within,development_rehearsal,06e67852-2343-58c0-9e12-0a5aa4769d40|3e001154-d5b2-5658-aa13-4c24d697ffce|124d00fd-ae69-52bd-b88e-e3d0f0ff3ad6|a31cc20c-908a-5d8d-a416-a667dad98349|5b6bd401-f4a2-5fba-aa3b-d35bf3592ca6|9d9d92d7-a3f0-550a-be1e-b650fbcceeca|6f865fc9-b87a-5861-a060-4e55941f89f0|b6f05492-1fde-5202-8988-bd2f6daa1f7d|a25a765f-cb5e-5405-b1f2-e5bc77cdd1e5|dbe57054-868a-57e8-bb56-c56e9b04e243|67009509-d602-5848-83da-c989ef6ad116|b48e3b74-9604-52c4-8466-d1f765feb4b5|224fc3f5-06d0-5687-9165-79d136d22a55|2c3f8a67-cc0c-5086-8159-7c52493fc229|b8cd0755-843d-5891-99a2-a8edbb541e7d,694b1ea2173c2094910ec7b459f32207e775560479fde7e61c4c87389ec985c5,zenit-simulated-feature-snapshot-v1,simulated,False,False,False,False
58d8f5c2-cbcb-531f-b684-7b2773084352,23232185-5c98-523a-a8a5-d53254b8a0d8,2026-10-23,SP021,195,100,special,10,8.73,7.83,12.73,7.89,4.73,45.5,92.9,5,N1,within,development_rehearsal,a73d22d6-aeea-5d11-ba6c-63512a4176e0|f28dc3e8-f7ba-566b-9521-14be15e08aa8|e32baa17-7d09-5da0-a15b-73cace9b220f|6c30f50a-56f6-5ec7-bf43-d333e36a3d9c|c541daa5-f099-5db6-b968-5f152b341863|577a500e-38cb-571b-a144-d59fab0bfd44|103dcc04-2601-53d1-a8d0-69e576b56efb|f5804538-fda7-5d46-bc2d-0481182a288c|4281b078-0cc5-514b-bf1b-c05efb9acd81|9efa9797-a0ba-5f14-ae47-628ce74f863c|871e3c54-9273-50c4-9c41-9f3c44421dd0|08f2db71-eb3b-5467-8573-87f1a84d3691|4622df5e-86cf-58a1-8213-62c58abb1b4e|00a885e2-5afe-595b-b1d2-d7ac29321b74|0be770fa-1a26-5cc9-a4c3-886b5443bc50,c88175fc80c00b53b180ef1efbf6df070c0c0e71cc66600f9e608b030ce08e9f,zenit-simulated-feature-snapshot-v1,simulated,False,False,False,False
51d11fed-5ddd-5fb5-93c9-f42ae17e3025,00cb94fd-970b-5652-b9e8-aa30d6d12bc3,2026-10-24,SP021,195,100,left,30,31.12,30.07,25.7,20.53,5.42,43.8,64.4,30,N3,exceeds,development_rehearsal,c2ad1a90-cce5-5199-95d3-91d748eec851|413c2860-a5e9-5762-a5fb-1b2e74cc37b0|c83e6885-746e-587a-8f71-20da3913ef48|d04f7fb0-ca1d-56f0-be0d-780d8c5acdf9|191ed1d2-b6d5-555f-ac7f-53db6bc9a776|8657af27-78d7-5fce-8a79-603f2bf5a50a|b115e0a4-b2ac-5272-a1d7-c6a2abc03219|594654f1-7acf-5bd1-ba25-2ad27e0938ad|bdb8158f-8297-5c0c-abe0-863cc6ba5e2b|ec149efe-19a3-5b01-8e4d-6f94b2ef0f6f|41f47205-8e90-5440-bdf5-bed1e2279f05|83cd53bd-51fd-5951-a2fb-bb6401a497ad|1f2d9f2f-8099-52b9-9b32-b71f6c4bd1e5|12de4445-aa26-57a6-84b7-813905488312|375cca5f-2450-5011-8403-db5034331578,87c7a5839d133eb75fd27dfb1ff4de7c3ac145bc2398b66012b17a516cb03a65,zenit-simulated-feature-snapshot-v1,simulated,False,False,False,False
4f7fe6c7-7f6d-582b-9aa4-f5c7b6784470,4721c12b-0a1b-5b6a-9fb3-cb0b40d23bfb,2026-10-24,SP021,195,100,median,30,17.9,17.24,13.17,8.0,4.73,35.9,74.3,14,N2,within,development_rehearsal,3f4d83b6-ebad-5bc7-9d50-41bbd9a6ffe7|857198bc-9b17-5577-b058-1baab7851160|016b53a1-2c9a-5f4b-975e-185e08504e9b|b0189bd4-2709-5286-81f4-5115ca922668|1e1035f0-40cd-5d43-8068-3f4df533c937|c9478efe-6e6d-584e-aafc-b5d4afb800ad|20c89c36-6c7d-5b24-834d-9e8e1272f58c|ccc29bd1-f955-5356-8d90-d96f89d9840a|57876c2a-ac0c-5870-a90d-4b49c1a41acf|180c0c92-87ad-5f8b-b97e-66f85f31db49|3b8ada41-dab7-539a-a40f-b0e18d6a2d0c|790f14a4-c42d-57a5-84a5-49f60a144dcb|da05d520-95be-5a5b-b708-97ce0bc5491e|3606d697-0fe2-5973-951c-3aa1d8b1c323|ebc1a100-0fdb-5892-b93b-70225672fb0c,7d22d73ce8c5c4b65d28f77e965f1994f74c2b8b7ecc8a0935dd1a07ee5f99e1,zenit-simulated-feature-snapshot-v1,simulated,False,False,False,False
a596b10d-357e-559a-9ce8-608d3621682d,046003bd-58ac-5aca-8364-c934ce6319c8,2026-10-24,SP021,195,100,right,30,26.85,25.99,20.9,14.79,5.95,36.1,74.4,23,N2,within,development_rehearsal,3e001154-d5b2-5658-aa13-4c24d697ffce|124d00fd-ae69-52bd-b88e-e3d0f0ff3ad6|a31cc20c-908a-5d8d-a416-a667dad98349|5b6bd401-f4a2-5fba-aa3b-d35bf3592ca6|9d9d92d7-a3f0-550a-be1e-b650fbcceeca|6f865fc9-b87a-5861-a060-4e55941f89f0|b6f05492-1fde-5202-8988-bd2f6daa1f7d|a25a765f-cb5e-5405-b1f2-e5bc77cdd1e5|dbe57054-868a-57e8-bb56-c56e9b04e243|67009509-d602-5848-83da-c989ef6ad116|b48e3b74-9604-52c4-8466-d1f765feb4b5|224fc3f5-06d0-5687-9165-79d136d22a55|2c3f8a67-cc0c-5086-8159-7c52493fc229|b8cd0755-843d-5891-99a2-a8edbb541e7d|f196b368-be41-5712-9065-b2e397e5aa38,52fd52e7e89974d4e504e74c2589a347557e89924d87221cf97fb7b5ecafd586,zenit-simulated-feature-snapshot-v1,simulated,False,False,False,False
e1945ae8-6c8a-52f6-a285-07926aeb9370,23232185-5c98-523a-a8a5-d53254b8a0d8,2026-10-24,SP021,195,100,special,10,9.2,8.73,13.35,8.28,4.58,40.6,95.2,6,N1,within,development_rehearsal,f28dc3e8-f7ba-566b-9521-14be15e08aa8|e32baa17-7d09-5da0-a15b-73cace9b220f|6c30f50a-56f6-5ec7-bf43-d333e36a3d9c|c541daa5-f099-5db6-b968-5f152b341863|577a500e-38cb-571b-a144-d59fab0bfd44|103dcc04-2601-53d1-a8d0-69e576b56efb|f5804538-fda7-5d46-bc2d-0481182a288c|4281b078-0cc5-514b-bf1b-c05efb9acd81|9efa9797-a0ba-5f14-ae47-628ce74f863c|871e3c54-9273-50c4-9c41-9f3c44421dd0|08f2db71-eb3b-5467-8573-87f1a84d3691|4622df5e-86cf-58a1-8213-62c58abb1b4e|00a885e2-5afe-595b-b1d2-d7ac29321b74|0be770fa-1a26-5cc9-a4c3-886b5443bc50|95402ff1-8fc2-5f1b-98f3-0e4c25d90c27,f2cb8701d7ce02879621ce94545bc23d8f027c4865edd047b58b8bb174e80578,zenit-simulated-feature-snapshot-v1,simulated,False,False,False,False
a5e88181-1fae-5950-8737-1703de2751e1,00cb94fd-970b-5652-b9e8-aa30d6d12bc3,2026-10-25,SP021,195,100,left,30,31.73,31.12,26.47,21.22,5.26,34.0,65.9,31,N3,exceeds,development_rehearsal,413c2860-a5e9-5762-a5fb-1b2e74cc37b0|c83e6885-746e-587a-8f71-20da3913ef48|d04f7fb0-ca1d-56f0-be0d-780d8c5acdf9|191ed1d2-b6d5-555f-ac7f-53db6bc9a776|8657af27-78d7-5fce-8a79-603f2bf5a50a|b115e0a4-b2ac-5272-a1d7-c6a2abc03219|594654f1-7acf-5bd1-ba25-2ad27e0938ad|bdb8158f-8297-5c0c-abe0-863cc6ba5e2b|ec149efe-19a3-5b01-8e4d-6f94b2ef0f6f|41f47205-8e90-5440-bdf5-bed1e2279f05|83cd53bd-51fd-5951-a2fb-bb6401a497ad|1f2d9f2f-8099-52b9-9b32-b71f6c4bd1e5|12de4445-aa26-57a6-84b7-813905488312|375cca5f-2450-5011-8403-db5034331578|aee369cc-a7c1-5db1-ac28-3540ebb4aa79,647b641a5db3d8a66159a7208c7f74a5d79e15cab54cc9f2275de0d916cf9527,zenit-simulated-feature-snapshot-v1,simulated,False,False,False,False
12983d78-5934-5deb-8ce7-d145e478eee9,4721c12b-0a1b-5b6a-9fb3-cb0b40d23bfb,2026-10-25,SP021,195,100,median,30,18.43,17.9,13.87,8.98,4.56,34.6,67.2,15,N2,within,development_rehearsal,857198bc-9b17-5577-b058-1baab7851160|016b53a1-2c9a-5f4b-975e-185e08504e9b|b0189bd4-2709-5286-81f4-5115ca922668|1e1035f0-40cd-5d43-8068-3f4df533c937|c9478efe-6e6d-584e-aafc-b5d4afb800ad|20c89c36-6c7d-5b24-834d-9e8e1272f58c|ccc29bd1-f955-5356-8d90-d96f89d9840a|57876c2a-ac0c-5870-a90d-4b49c1a41acf|180c0c92-87ad-5f8b-b97e-66f85f31db49|3b8ada41-dab7-539a-a40f-b0e18d6a2d0c|790f14a4-c42d-57a5-84a5-49f60a144dcb|da05d520-95be-5a5b-b708-97ce0bc5491e|3606d697-0fe2-5973-951c-3aa1d8b1c323|ebc1a100-0fdb-5892-b93b-70225672fb0c|fc9f900e-1e53-56b6-b025-e99835d74d69,1ef98b3b35f5eb7d8cdbf21da3447e5fabcd652206a7307ea623131d2571ec95,zenit-simulated-feature-snapshot-v1,simulated,False,False,False,False
7f6ed6f1-7a2d-5166-8006-09a85d0c8db1,046003bd-58ac-5aca-8364-c934ce6319c8,2026-10-25,SP021,195,100,right,30,27.77,26.85,21.62,15.71,6.15,37.8,76.3,24,N2,within,development_rehearsal,124d00fd-ae69-52bd-b88e-e3d0f0ff3ad6|a31cc20c-908a-5d8d-a416-a667dad98349|5b6bd401-f4a2-5fba-aa3b-d35bf3592ca6|9d9d92d7-a3f0-550a-be1e-b650fbcceeca|6f865fc9-b87a-5861-a060-4e55941f89f0|b6f05492-1fde-5202-8988-bd2f6daa1f7d|a25a765f-cb5e-5405-b1f2-e5bc77cdd1e5|dbe57054-868a-57e8-bb56-c56e9b04e243|67009509-d602-5848-83da-c989ef6ad116|b48e3b74-9604-52c4-8466-d1f765feb4b5|224fc3f5-06d0-5687-9165-79d136d22a55|2c3f8a67-cc0c-5086-8159-7c52493fc229|b8cd0755-843d-5891-99a2-a8edbb541e7d|f196b368-be41-5712-9065-b2e397e5aa38|9b3f2790-ecbd-5bad-a93b-a4843951ac4f,7e6fbfdd9e4e8f833fb5c40043890bab68172759064a9d56d5493ab09ed72de5,zenit-simulated-feature-snapshot-v1,simulated,False,False,False,False
f6dff791-fe58-5060-bcdd-defbd361ae23,23232185-5c98-523a-a8a5-d53254b8a0d8,2026-10-25,SP021,195,100,special,10,9.65,9.2,5.0,8.98,4.65,38.5,92.6,7,N1,within,development_rehearsal,e32baa17-7d09-5da0-a15b-73cace9b220f|6c30f50a-56f6-5ec7-bf43-d333e36a3d9c|c541daa5-f099-5db6-b968-5f152b341863|577a500e-38cb-571b-a144-d59fab0bfd44|103dcc04-2601-53d1-a8d0-69e576b56efb|f5804538-fda7-5d46-bc2d-0481182a288c|4281b078-0cc5-514b-bf1b-c05efb9acd81|9efa9797-a0ba-5f14-ae47-628ce74f863c|871e3c54-9273-50c4-9c41-9f3c44421dd0|08f2db71-eb3b-5467-8573-87f1a84d3691|4622df5e-86cf-58a1-8213-62c58abb1b4e|00a885e2-5afe-595b-b1d2-d7ac29321b74|0be770fa-1a26-5cc9-a4c3-886b5443bc50|95402ff1-8fc2-5f1b-98f3-0e4c25d90c27|72563876-e6d4-5802-8eb8-00eb4a4eaa3c,14cc27c09dbf629c5c0d168741fd293b09cba9a7dee89883f02f63826c4dc47b,zenit-simulated-feature-snapshot-v1,simulated,False,False,False,False
ea99b8cd-95c3-5184-bd18-b3a542a4e422,00cb94fd-970b-5652-b9e8-aa30d6d12bc3,2026-10-26,SP021,195,100,left,30,32.69,31.73,27.16,21.76,5.53,40.1,77.0,32,N3,exceeds,development_rehearsal,c83e6885-746e-587a-8f71-20da3913ef48|d04f7fb0-ca1d-56f0-be0d-780d8c5acdf9|191ed1d2-b6d5-555f-ac7f-53db6bc9a776|8657af27-78d7-5fce-8a79-603f2bf5a50a|b115e0a4-b2ac-5272-a1d7-c6a2abc03219|594654f1-7acf-5bd1-ba25-2ad27e0938ad|bdb8158f-8297-5c0c-abe0-863cc6ba5e2b|ec149efe-19a3-5b01-8e4d-6f94b2ef0f6f|41f47205-8e90-5440-bdf5-bed1e2279f05|83cd53bd-51fd-5951-a2fb-bb6401a497ad|1f2d9f2f-8099-52b9-9b32-b71f6c4bd1e5|12de4445-aa26-57a6-84b7-813905488312|375cca5f-2450-5011-8403-db5034331578|aee369cc-a7c1-5db1-ac28-3540ebb4aa79|02d4daed-0598-579a-a520-764294be08f9,5f4107201c905dfeb44b53eb7e7abbefdac142d3dedfb4023b889752cbd5296e,zenit-simulated-feature-snapshot-v1,simulated,False,False,False,False
b6b49b5f-a33e-5f59-81d0-83c6dc5f11b4,4721c12b-0a1b-5b6a-9fb3-cb0b40d23bfb,2026-10-26,SP021,195,100,median,30,19.14,18.43,14.32,9.61,4.82,45.2,76.0,16,N2,within,development_rehearsal,016b53a1-2c9a-5f4b-975e-185e08504e9b|b0189bd4-2709-5286-81f4-5115ca922668|1e1035f0-40cd-5d43-8068-3f4df533c937|c9478efe-6e6d-584e-aafc-b5d4afb800ad|20c89c36-6c7d-5b24-834d-9e8e1272f58c|ccc29bd1-f955-5356-8d90-d96f89d9840a|57876c2a-ac0c-5870-a90d-4b49c1a41acf|180c0c92-87ad-5f8b-b97e-66f85f31db49|3b8ada41-dab7-539a-a40f-b0e18d6a2d0c|790f14a4-c42d-57a5-84a5-49f60a144dcb|da05d520-95be-5a5b-b708-97ce0bc5491e|3606d697-0fe2-5973-951c-3aa1d8b1c323|ebc1a100-0fdb-5892-b93b-70225672fb0c|fc9f900e-1e53-56b6-b025-e99835d74d69|8e951378-6940-55b4-bbce-df1eb1c19b54,2eb586d3aea24baf7cc217be016c928e4177ca28cd371383fef928e0cfe9efd6,zenit-simulated-feature-snapshot-v1,simulated,False,False,False,False
df70dc2c-d65b-5ead-a454-3832d3c4f2a0,046003bd-58ac-5aca-8364-c934ce6319c8,2026-10-26,SP021,195,100,right,30,28.61,27.77,22.49,16.48,6.12,36.5,84.7,25,N2,within,development_rehearsal,a31cc20c-908a-5d8d-a416-a667dad98349|5b6bd401-f4a2-5fba-aa3b-d35bf3592ca6|9d9d92d7-a3f0-550a-be1e-b650fbcceeca|6f865fc9-b87a-5861-a060-4e55941f89f0|b6f05492-1fde-5202-8988-bd2f6daa1f7d|a25a765f-cb5e-5405-b1f2-e5bc77cdd1e5|dbe57054-868a-57e8-bb56-c56e9b04e243|67009509-d602-5848-83da-c989ef6ad116|b48e3b74-9604-52c4-8466-d1f765feb4b5|224fc3f5-06d0-5687-9165-79d136d22a55|2c3f8a67-cc0c-5086-8159-7c52493fc229|b8cd0755-843d-5891-99a2-a8edbb541e7d|f196b368-be41-5712-9065-b2e397e5aa38|9b3f2790-ecbd-5bad-a93b-a4843951ac4f|240a21fa-3821-5185-b751-682c57a10bd9,d1ed106eb1884ea6f06f5788cdf4cb6db71adfc40cfb5ec19d4c1d3a7c58f82a,zenit-simulated-feature-snapshot-v1,simulated,False,False,False,False
423d8e38-0512-541a-9de6-8bbedd5bc8b0,23232185-5c98-523a-a8a5-d53254b8a0d8,2026-10-26,SP021,195,100,special,10,10.39,9.65,5.76,9.74,4.63,35.8,84.4,8,N2,exceeds,development_rehearsal,6c30f50a-56f6-5ec7-bf43-d333e36a3d9c|c541daa5-f099-5db6-b968-5f152b341863|577a500e-38cb-571b-a144-d59fab0bfd44|103dcc04-2601-53d1-a8d0-69e576b56efb|f5804538-fda7-5d46-bc2d-0481182a288c|4281b078-0cc5-514b-bf1b-c05efb9acd81|9efa9797-a0ba-5f14-ae47-628ce74f863c|871e3c54-9273-50c4-9c41-9f3c44421dd0|08f2db71-eb3b-5467-8573-87f1a84d3691|4622df5e-86cf-58a1-8213-62c58abb1b4e|00a885e2-5afe-595b-b1d2-d7ac29321b74|0be770fa-1a26-5cc9-a4c3-886b5443bc50|95402ff1-8fc2-5f1b-98f3-0e4c25d90c27|72563876-e6d4-5802-8eb8-00eb4a4eaa3c|20f5bd76-9341-59c7-8c54-c7a1c75e7b03,ef18e311cfea864242b0e9e7b01a29bde2d4f97d4d88e60f1f5b4c4184db2ee9,zenit-simulated-feature-snapshot-v1,simulated,False,False,False,False
22133c8c-4ecb-59b8-a70a-77e49de6787b,00cb94fd-970b-5652-b9e8-aa30d6d12bc3,2026-10-27,SP021,195,100,left,30,33.31,32.69,27.76,22.65,5.55,43.7,75.4,33,N3,exceeds,development_rehearsal,d04f7fb0-ca1d-56f0-be0d-780d8c5acdf9|191ed1d2-b6d5-555f-ac7f-53db6bc9a776|8657af27-78d7-5fce-8a79-603f2bf5a50a|b115e0a4-b2ac-5272-a1d7-c6a2abc03219|594654f1-7acf-5bd1-ba25-2ad27e0938ad|bdb8158f-8297-5c0c-abe0-863cc6ba5e2b|ec149efe-19a3-5b01-8e4d-6f94b2ef0f6f|41f47205-8e90-5440-bdf5-bed1e2279f05|83cd53bd-51fd-5951-a2fb-bb6401a497ad|1f2d9f2f-8099-52b9-9b32-b71f6c4bd1e5|12de4445-aa26-57a6-84b7-813905488312|375cca5f-2450-5011-8403-db5034331578|aee369cc-a7c1-5db1-ac28-3540ebb4aa79|02d4daed-0598-579a-a520-764294be08f9|57abe28a-31d5-5eb6-b769-de1f3cd85500,c81b2c8ed6c605a72ecdc52b20aa9f97e922fecb059a76574201ce1f36090d9b,zenit-simulated-feature-snapshot-v1,simulated,False,False,False,False
2735be6c-fbaa-5240-9d40-b1f0ed00bc05,4721c12b-0a1b-5b6a-9fb3-cb0b40d23bfb,2026-10-27,SP021,195,100,median,30,19.97,19.14,15.0,10.35,4.97,48.7,81.1,17,N2,within,development_rehearsal,b0189bd4-2709-5286-81f4-5115ca922668|1e1035f0-40cd-5d43-8068-3f4df533c937|c9478efe-6e6d-584e-aafc-b5d4afb800ad|20c89c36-6c7d-5b24-834d-9e8e1272f58c|ccc29bd1-f955-5356-8d90-d96f89d9840a|57876c2a-ac0c-5870-a90d-4b49c1a41acf|180c0c92-87ad-5f8b-b97e-66f85f31db49|3b8ada41-dab7-539a-a40f-b0e18d6a2d0c|790f14a4-c42d-57a5-84a5-49f60a144dcb|da05d520-95be-5a5b-b708-97ce0bc5491e|3606d697-0fe2-5973-951c-3aa1d8b1c323|ebc1a100-0fdb-5892-b93b-70225672fb0c|fc9f900e-1e53-56b6-b025-e99835d74d69|8e951378-6940-55b4-bbce-df1eb1c19b54|d6b27cbb-9590-5eae-9ef0-21c539570679,f486580b705ba75e0ef45be44ee2d6e412cc27ce99de4813d293d21ff6cbe147,zenit-simulated-feature-snapshot-v1,simulated,False,False,False,False
a327dcbe-70df-58b6-9fed-4fb95b450768,046003bd-58ac-5aca-8364-c934ce6319c8,2026-10-27,SP021,195,100,right,30,29.55,28.61,23.5,17.37,6.05,39.2,86.9,26,N2,within,development_rehearsal,5b6bd401-f4a2-5fba-aa3b-d35bf3592ca6|9d9d92d7-a3f0-550a-be1e-b650fbcceeca|6f865fc9-b87a-5861-a060-4e55941f89f0|b6f05492-1fde-5202-8988-bd2f6daa1f7d|a25a765f-cb5e-5405-b1f2-e5bc77cdd1e5|dbe57054-868a-57e8-bb56-c56e9b04e243|67009509-d602-5848-83da-c989ef6ad116|b48e3b74-9604-52c4-8466-d1f765feb4b5|224fc3f5-06d0-5687-9165-79d136d22a55|2c3f8a67-cc0c-5086-8159-7c52493fc229|b8cd0755-843d-5891-99a2-a8edbb541e7d|f196b368-be41-5712-9065-b2e397e5aa38|9b3f2790-ecbd-5bad-a93b-a4843951ac4f|240a21fa-3821-5185-b751-682c57a10bd9|40710dc4-4cf4-5c4c-adfd-1239a187b986,cb726d660fb0ee500264e9f0cf9ba74fea4ed7878bea83dfbf5d58d1d83b56c1,zenit-simulated-feature-snapshot-v1,simulated,False,False,False,False
3780009f-ddc9-53a2-bddb-4c8e3ea1651e,23232185-5c98-523a-a8a5-d53254b8a0d8,2026-10-27,SP021,195,100,special,10,10.81,10.39,6.5,10.67,4.31,30.1,72.9,9,N2,exceeds,development_rehearsal,c541daa5-f099-5db6-b968-5f152b341863|577a500e-38cb-571b-a144-d59fab0bfd44|103dcc04-2601-53d1-a8d0-69e576b56efb|f5804538-fda7-5d46-bc2d-0481182a288c|4281b078-0cc5-514b-bf1b-c05efb9acd81|9efa9797-a0ba-5f14-ae47-628ce74f863c|871e3c54-9273-50c4-9c41-9f3c44421dd0|08f2db71-eb3b-5467-8573-87f1a84d3691|4622df5e-86cf-58a1-8213-62c58abb1b4e|00a885e2-5afe-595b-b1d2-d7ac29321b74|0be770fa-1a26-5cc9-a4c3-886b5443bc50|95402ff1-8fc2-5f1b-98f3-0e4c25d90c27|72563876-e6d4-5802-8eb8-00eb4a4eaa3c|20f5bd76-9341-59c7-8c54-c7a1c75e7b03|9e75f677-4c0c-5556-b4d0-ea549e33ec02,ded462f23f9eced0dce4a3518a7cf7e886651f7ae34b89f44785482d9e615e7b,zenit-simulated-feature-snapshot-v1,simulated,False,False,False,False
ed22ed1b-63d4-5ec4-be8b-d67faf7ccd1b,00cb94fd-970b-5652-b9e8-aa30d6d12bc3,2026-10-28,SP021,195,100,left,30,33.94,33.31,28.72,23.38,5.22,35.3,74.4,34,N3,exceeds,development_rehearsal,191ed1d2-b6d5-555f-ac7f-53db6bc9a776|8657af27-78d7-5fce-8a79-603f2bf5a50a|b115e0a4-b2ac-5272-a1d7-c6a2abc03219|594654f1-7acf-5bd1-ba25-2ad27e0938ad|bdb8158f-8297-5c0c-abe0-863cc6ba5e2b|ec149efe-19a3-5b01-8e4d-6f94b2ef0f6f|41f47205-8e90-5440-bdf5-bed1e2279f05|83cd53bd-51fd-5951-a2fb-bb6401a497ad|1f2d9f2f-8099-52b9-9b32-b71f6c4bd1e5|12de4445-aa26-57a6-84b7-813905488312|375cca5f-2450-5011-8403-db5034331578|aee369cc-a7c1-5db1-ac28-3540ebb4aa79|02d4daed-0598-579a-a520-764294be08f9|57abe28a-31d5-5eb6-b769-de1f3cd85500|9edcf7b0-a96e-5793-a05b-b28e9f0d8aa8,12b6c27a95a4a10483b06be7811e8098e97a06d21f06c797b3124a0983e6a54d,zenit-simulated-feature-snapshot-v1,simulated,False,False,False,False
4aab5447-5577-5149-857d-1dc95b930ffa,4721c12b-0a1b-5b6a-9fb3-cb0b40d23bfb,2026-10-28,SP021,195,100,median,30,20.85,19.97,15.66,11.25,5.19,55.6,80.7,18,N2,within,development_rehearsal,1e1035f0-40cd-5d43-8068-3f4df533c937|c9478efe-6e6d-584e-aafc-b5d4afb800ad|20c89c36-6c7d-5b24-834d-9e8e1272f58c|ccc29bd1-f955-5356-8d90-d96f89d9840a|57876c2a-ac0c-5870-a90d-4b49c1a41acf|180c0c92-87ad-5f8b-b97e-66f85f31db49|3b8ada41-dab7-539a-a40f-b0e18d6a2d0c|790f14a4-c42d-57a5-84a5-49f60a144dcb|da05d520-95be-5a5b-b708-97ce0bc5491e|3606d697-0fe2-5973-951c-3aa1d8b1c323|ebc1a100-0fdb-5892-b93b-70225672fb0c|fc9f900e-1e53-56b6-b025-e99835d74d69|8e951378-6940-55b4-bbce-df1eb1c19b54|d6b27cbb-9590-5eae-9ef0-21c539570679|83bc7d99-f47b-5e8c-ab66-8e433c2ef9aa,bfd4adb7c8f8d9d669a2cff02c0a6c57e1e5878d6db020c52809e8ca790cf2d2,zenit-simulated-feature-snapshot-v1,simulated,False,False,False,False
622e7687-cdab-579c-b33d-499103baf2ed,046003bd-58ac-5aca-8364-c934ce6319c8,2026-10-28,SP021,195,100,right,30,30.36,29.55,24.38,18.27,5.98,38.8,89.5,27,N3,exceeds,development_rehearsal,9d9d92d7-a3f0-550a-be1e-b650fbcceeca|6f865fc9-b87a-5861-a060-4e55941f89f0|b6f05492-1fde-5202-8988-bd2f6daa1f7d|a25a765f-cb5e-5405-b1f2-e5bc77cdd1e5|dbe57054-868a-57e8-bb56-c56e9b04e243|67009509-d602-5848-83da-c989ef6ad116|b48e3b74-9604-52c4-8466-d1f765feb4b5|224fc3f5-06d0-5687-9165-79d136d22a55|2c3f8a67-cc0c-5086-8159-7c52493fc229|b8cd0755-843d-5891-99a2-a8edbb541e7d|f196b368-be41-5712-9065-b2e397e5aa38|9b3f2790-ecbd-5bad-a93b-a4843951ac4f|240a21fa-3821-5185-b751-682c57a10bd9|40710dc4-4cf4-5c4c-adfd-1239a187b986|a24f9cbd-4e3b-50da-83bf-aafe14e7705c,138750b7f75bcafa191dece80bc0971f2d3b6bfae3292313ff7638fbaf50a0d4,zenit-simulated-feature-snapshot-v1,simulated,False,False,False,False
9cd302f1-2c46-524d-ba34-a589a4f2d288,23232185-5c98-523a-a8a5-d53254b8a0d8,2026-10-28,SP021,195,100,special,10,11.42,10.81,7.11,11.29,4.31,34.6,80.7,10,N2,exceeds,development_rehearsal,577a500e-38cb-571b-a144-d59fab0bfd44|103dcc04-2601-53d1-a8d0-69e576b56efb|f5804538-fda7-5d46-bc2d-0481182a288c|4281b078-0cc5-514b-bf1b-c05efb9acd81|9efa9797-a0ba-5f14-ae47-628ce74f863c|871e3c54-9273-50c4-9c41-9f3c44421dd0|08f2db71-eb3b-5467-8573-87f1a84d3691|4622df5e-86cf-58a1-8213-62c58abb1b4e|00a885e2-5afe-595b-b1d2-d7ac29321b74|0be770fa-1a26-5cc9-a4c3-886b5443bc50|95402ff1-8fc2-5f1b-98f3-0e4c25d90c27|72563876-e6d4-5802-8eb8-00eb4a4eaa3c|20f5bd76-9341-59c7-8c54-c7a1c75e7b03|9e75f677-4c0c-5556-b4d0-ea549e33ec02|fd4fc36b-030f-5986-8f24-aea91f292ba1,3630a9098010fe49aeded4f6d3f148856e6a2e7ca4ce86bf35b7797ee6f6c6b5,zenit-simulated-feature-snapshot-v1,simulated,False,False,False,False
a8a2e0f4-335f-5c0b-a01f-002ad0a62a41,00cb94fd-970b-5652-b9e8-aa30d6d12bc3,2026-10-29,SP021,195,100,left,30,34.64,33.94,29.4,23.95,5.24,39.6,78.7,35,N3,exceeds,development_rehearsal,8657af27-78d7-5fce-8a79-603f2bf5a50a|b115e0a4-b2ac-5272-a1d7-c6a2abc03219|594654f1-7acf-5bd1-ba25-2ad27e0938ad|bdb8158f-8297-5c0c-abe0-863cc6ba5e2b|ec149efe-19a3-5b01-8e4d-6f94b2ef0f6f|41f47205-8e90-5440-bdf5-bed1e2279f05|83cd53bd-51fd-5951-a2fb-bb6401a497ad|1f2d9f2f-8099-52b9-9b32-b71f6c4bd1e5|12de4445-aa26-57a6-84b7-813905488312|375cca5f-2450-5011-8403-db5034331578|aee369cc-a7c1-5db1-ac28-3540ebb4aa79|02d4daed-0598-579a-a520-764294be08f9|57abe28a-31d5-5eb6-b769-de1f3cd85500|9edcf7b0-a96e-5793-a05b-b28e9f0d8aa8|14182a4e-e9ba-5627-82f8-5b010c359e20,2e9a5203304ccf26a0f8b90479737785cc69c80d23a4a44a23a656fee1be51de,zenit-simulated-feature-snapshot-v1,simulated,False,False,False,False
eef6850a-3a1e-59c0-96b1-42764ee7c8f3,4721c12b-0a1b-5b6a-9fb3-cb0b40d23bfb,2026-10-29,SP021,195,100,median,30,21.28,20.85,16.53,11.85,4.75,43.8,74.4,19,N2,within,development_rehearsal,c9478efe-6e6d-584e-aafc-b5d4afb800ad|20c89c36-6c7d-5b24-834d-9e8e1272f58c|ccc29bd1-f955-5356-8d90-d96f89d9840a|57876c2a-ac0c-5870-a90d-4b49c1a41acf|180c0c92-87ad-5f8b-b97e-66f85f31db49|3b8ada41-dab7-539a-a40f-b0e18d6a2d0c|790f14a4-c42d-57a5-84a5-49f60a144dcb|da05d520-95be-5a5b-b708-97ce0bc5491e|3606d697-0fe2-5973-951c-3aa1d8b1c323|ebc1a100-0fdb-5892-b93b-70225672fb0c|fc9f900e-1e53-56b6-b025-e99835d74d69|8e951378-6940-55b4-bbce-df1eb1c19b54|d6b27cbb-9590-5eae-9ef0-21c539570679|83bc7d99-f47b-5e8c-ab66-8e433c2ef9aa|5ede0579-3169-52ab-9641-040d91c943e6,aab8002e50e21f92fec6732bd741a2eb96cc2090f259dc2a510a2153c215e659,zenit-simulated-feature-snapshot-v1,simulated,False,False,False,False
16070443-3ee5-5ee2-83c8-7534083c355c,046003bd-58ac-5aca-8364-c934ce6319c8,2026-10-29,SP021,195,100,right,30,31.05,30.36,25.26,19.06,5.79,38.1,92.4,28,N3,exceeds,development_rehearsal,6f865fc9-b87a-5861-a060-4e55941f89f0|b6f05492-1fde-5202-8988-bd2f6daa1f7d|a25a765f-cb5e-5405-b1f2-e5bc77cdd1e5|dbe57054-868a-57e8-bb56-c56e9b04e243|67009509-d602-5848-83da-c989ef6ad116|b48e3b74-9604-52c4-8466-d1f765feb4b5|224fc3f5-06d0-5687-9165-79d136d22a55|2c3f8a67-cc0c-5086-8159-7c52493fc229|b8cd0755-843d-5891-99a2-a8edbb541e7d|f196b368-be41-5712-9065-b2e397e5aa38|9b3f2790-ecbd-5bad-a93b-a4843951ac4f|240a21fa-3821-5185-b751-682c57a10bd9|40710dc4-4cf4-5c4c-adfd-1239a187b986|a24f9cbd-4e3b-50da-83bf-aafe14e7705c|61154988-c1c6-5b36-9e29-53ed5f011852,282c750542dcc6a62168c422a0aaf3948f1bf324dd2ee38c5231395907365e02,zenit-simulated-feature-snapshot-v1,simulated,False,False,False,False
41cfd908-10bd-5a90-9147-38d68d50350c,23232185-5c98-523a-a8a5-d53254b8a0d8,2026-10-29,SP021,195,100,special,10,12.09,11.42,7.83,11.86,4.26,32.0,76.3,11,N2,exceeds,development_rehearsal,103dcc04-2601-53d1-a8d0-69e576b56efb|f5804538-fda7-5d46-bc2d-0481182a288c|4281b078-0cc5-514b-bf1b-c05efb9acd81|9efa9797-a0ba-5f14-ae47-628ce74f863c|871e3c54-9273-50c4-9c41-9f3c44421dd0|08f2db71-eb3b-5467-8573-87f1a84d3691|4622df5e-86cf-58a1-8213-62c58abb1b4e|00a885e2-5afe-595b-b1d2-d7ac29321b74|0be770fa-1a26-5cc9-a4c3-886b5443bc50|95402ff1-8fc2-5f1b-98f3-0e4c25d90c27|72563876-e6d4-5802-8eb8-00eb4a4eaa3c|20f5bd76-9341-59c7-8c54-c7a1c75e7b03|9e75f677-4c0c-5556-b4d0-ea549e33ec02|fd4fc36b-030f-5986-8f24-aea91f292ba1|9ce61ace-fc6b-5a5e-a6af-a8fb349b22f9,a3166a89df8bfae088a4df3f3aab840ffc8c0f00806407b52dd0e7f7c89a7ff4,zenit-simulated-feature-snapshot-v1,simulated,False,False,False,False
cf70c5f9-6d8d-5e71-be82-8655b58caec7,00cb94fd-970b-5652-b9e8-aa30d6d12bc3,2026-10-30,SP021,195,100,left,30,35.36,34.64,30.07,24.98,5.29,40.7,77.4,36,N3,exceeds,development_rehearsal,b115e0a4-b2ac-5272-a1d7-c6a2abc03219|594654f1-7acf-5bd1-ba25-2ad27e0938ad|bdb8158f-8297-5c0c-abe0-863cc6ba5e2b|ec149efe-19a3-5b01-8e4d-6f94b2ef0f6f|41f47205-8e90-5440-bdf5-bed1e2279f05|83cd53bd-51fd-5951-a2fb-bb6401a497ad|1f2d9f2f-8099-52b9-9b32-b71f6c4bd1e5|12de4445-aa26-57a6-84b7-813905488312|375cca5f-2450-5011-8403-db5034331578|aee369cc-a7c1-5db1-ac28-3540ebb4aa79|02d4daed-0598-579a-a520-764294be08f9|57abe28a-31d5-5eb6-b769-de1f3cd85500|9edcf7b0-a96e-5793-a05b-b28e9f0d8aa8|14182a4e-e9ba-5627-82f8-5b010c359e20|1604acf6-5baf-53f1-bc4e-0caf0b0074a4,a3a7c955acb2fe93d3ccebaf237ea70b8d32468dab0c3f8cf4e7aace75ed2868,zenit-simulated-feature-snapshot-v1,simulated,False,False,False,False
48f1fff2-a21c-5f1f-8ea0-efb929d7292c,4721c12b-0a1b-5b6a-9fb3-cb0b40d23bfb,2026-10-30,SP021,195,100,median,30,22.08,21.28,17.24,12.41,4.84,41.0,77.0,20,N2,within,development_rehearsal,20c89c36-6c7d-5b24-834d-9e8e1272f58c|ccc29bd1-f955-5356-8d90-d96f89d9840a|57876c2a-ac0c-5870-a90d-4b49c1a41acf|180c0c92-87ad-5f8b-b97e-66f85f31db49|3b8ada41-dab7-539a-a40f-b0e18d6a2d0c|790f14a4-c42d-57a5-84a5-49f60a144dcb|da05d520-95be-5a5b-b708-97ce0bc5491e|3606d697-0fe2-5973-951c-3aa1d8b1c323|ebc1a100-0fdb-5892-b93b-70225672fb0c|fc9f900e-1e53-56b6-b025-e99835d74d69|8e951378-6940-55b4-bbce-df1eb1c19b54|d6b27cbb-9590-5eae-9ef0-21c539570679|83bc7d99-f47b-5e8c-ab66-8e433c2ef9aa|5ede0579-3169-52ab-9641-040d91c943e6|465d62e8-ed4b-5a2d-8cfc-a4680862274b,39fd19395e9c936710bdfbaf038d69b9c97bb88395f85a42ea4ad5f29cb6c04e,zenit-simulated-feature-snapshot-v1,simulated,False,False,False,False
156111ff-b531-5ce8-97ad-8e35ea365618,046003bd-58ac-5aca-8364-c934ce6319c8,2026-10-30,SP021,195,100,right,30,31.88,31.05,25.99,19.95,5.89,38.1,82.8,29,N3,exceeds,development_rehearsal,b6f05492-1fde-5202-8988-bd2f6daa1f7d|a25a765f-cb5e-5405-b1f2-e5bc77cdd1e5|dbe57054-868a-57e8-bb56-c56e9b04e243|67009509-d602-5848-83da-c989ef6ad116|b48e3b74-9604-52c4-8466-d1f765feb4b5|224fc3f5-06d0-5687-9165-79d136d22a55|2c3f8a67-cc0c-5086-8159-7c52493fc229|b8cd0755-843d-5891-99a2-a8edbb541e7d|f196b368-be41-5712-9065-b2e397e5aa38|9b3f2790-ecbd-5bad-a93b-a4843951ac4f|240a21fa-3821-5185-b751-682c57a10bd9|40710dc4-4cf4-5c4c-adfd-1239a187b986|a24f9cbd-4e3b-50da-83bf-aafe14e7705c|61154988-c1c6-5b36-9e29-53ed5f011852|c952b224-229a-5c9a-9e89-485cd57d898f,c76cc1b42571444964b742bd3d769c1441c9f05aca6775dddcdf3c69f9c17532,zenit-simulated-feature-snapshot-v1,simulated,False,False,False,False
3e5ecf07-0520-5837-ae7c-346aa5a2181a,23232185-5c98-523a-a8a5-d53254b8a0d8,2026-10-30,SP021,195,100,special,10,12.57,12.09,8.73,12.73,3.84,26.6,72.1,12,N2,exceeds,development_rehearsal,f5804538-fda7-5d46-bc2d-0481182a288c|4281b078-0cc5-514b-bf1b-c05efb9acd81|9efa9797-a0ba-5f14-ae47-628ce74f863c|871e3c54-9273-50c4-9c41-9f3c44421dd0|08f2db71-eb3b-5467-8573-87f1a84d3691|4622df5e-86cf-58a1-8213-62c58abb1b4e|00a885e2-5afe-595b-b1d2-d7ac29321b74|0be770fa-1a26-5cc9-a4c3-886b5443bc50|95402ff1-8fc2-5f1b-98f3-0e4c25d90c27|72563876-e6d4-5802-8eb8-00eb4a4eaa3c|20f5bd76-9341-59c7-8c54-c7a1c75e7b03|9e75f677-4c0c-5556-b4d0-ea549e33ec02|fd4fc36b-030f-5986-8f24-aea91f292ba1|9ce61ace-fc6b-5a5e-a6af-a8fb349b22f9|098030b3-9c29-552b-b731-884fc471f460,74eaa6de5184aa7fb358ca809013559af0fb3f67a9ce79db8cc52c35d322ffd0,zenit-simulated-feature-snapshot-v1,simulated,False,False,False,False
df441734-00b4-58fa-a423-104d3bac017b,00cb94fd-970b-5652-b9e8-aa30d6d12bc3,2026-10-31,SP021,195,100,left,30,36.01,35.36,31.12,25.7,4.89,30.1,73.9,37,N3,exceeds,development_rehearsal,594654f1-7acf-5bd1-ba25-2ad27e0938ad|bdb8158f-8297-5c0c-abe0-863cc6ba5e2b|ec149efe-19a3-5b01-8e4d-6f94b2ef0f6f|41f47205-8e90-5440-bdf5-bed1e2279f05|83cd53bd-51fd-5951-a2fb-bb6401a497ad|1f2d9f2f-8099-52b9-9b32-b71f6c4bd1e5|12de4445-aa26-57a6-84b7-813905488312|375cca5f-2450-5011-8403-db5034331578|aee369cc-a7c1-5db1-ac28-3540ebb4aa79|02d4daed-0598-579a-a520-764294be08f9|57abe28a-31d5-5eb6-b769-de1f3cd85500|9edcf7b0-a96e-5793-a05b-b28e9f0d8aa8|14182a4e-e9ba-5627-82f8-5b010c359e20|1604acf6-5baf-53f1-bc4e-0caf0b0074a4|016550af-27f6-5e24-9bf0-55a61a7a0bf3,e1d43dbb138655823246a94a5b8d21e68ff861d0cf83fa79e618fe80f4d464f1,zenit-simulated-feature-snapshot-v1,simulated,False,False,False,False
2d7ef923-3909-50d5-ac78-5aa2314334fe,4721c12b-0a1b-5b6a-9fb3-cb0b40d23bfb,2026-10-31,SP021,195,100,median,30,22.63,22.08,17.9,13.17,4.73,35.8,71.7,21,N2,within,development_rehearsal,ccc29bd1-f955-5356-8d90-d96f89d9840a|57876c2a-ac0c-5870-a90d-4b49c1a41acf|180c0c92-87ad-5f8b-b97e-66f85f31db49|3b8ada41-dab7-539a-a40f-b0e18d6a2d0c|790f14a4-c42d-57a5-84a5-49f60a144dcb|da05d520-95be-5a5b-b708-97ce0bc5491e|3606d697-0fe2-5973-951c-3aa1d8b1c323|ebc1a100-0fdb-5892-b93b-70225672fb0c|fc9f900e-1e53-56b6-b025-e99835d74d69|8e951378-6940-55b4-bbce-df1eb1c19b54|d6b27cbb-9590-5eae-9ef0-21c539570679|83bc7d99-f47b-5e8c-ab66-8e433c2ef9aa|5ede0579-3169-52ab-9641-040d91c943e6|465d62e8-ed4b-5a2d-8cfc-a4680862274b|ff1f2901-7221-5e28-859d-0f881ef63f5d,170c7059a95f7c0b28440e7faf6902335dd20c25b57f35d2ce95ac5d5d3980f7,zenit-simulated-feature-snapshot-v1,simulated,False,False,False,False
cdac2dc9-06c5-5bc3-aa78-9f27803f87dd,046003bd-58ac-5aca-8364-c934ce6319c8,2026-10-31,SP021,195,100,right,30,32.48,31.88,26.85,20.9,5.63,35.7,71.8,30,N3,exceeds,development_rehearsal,a25a765f-cb5e-5405-b1f2-e5bc77cdd1e5|dbe57054-868a-57e8-bb56-c56e9b04e243|67009509-d602-5848-83da-c989ef6ad116|b48e3b74-9604-52c4-8466-d1f765feb4b5|224fc3f5-06d0-5687-9165-79d136d22a55|2c3f8a67-cc0c-5086-8159-7c52493fc229|b8cd0755-843d-5891-99a2-a8edbb541e7d|f196b368-be41-5712-9065-b2e397e5aa38|9b3f2790-ecbd-5bad-a93b-a4843951ac4f|240a21fa-3821-5185-b751-682c57a10bd9|40710dc4-4cf4-5c4c-adfd-1239a187b986|a24f9cbd-4e3b-50da-83bf-aafe14e7705c|61154988-c1c6-5b36-9e29-53ed5f011852|c952b224-229a-5c9a-9e89-485cd57d898f|b2619c11-1c39-5b69-a8c0-6a81e68f99f3,7f7130aca7044f11031d96785241ad4afff82b58cdfc52bce959eabcd48da84f,zenit-simulated-feature-snapshot-v1,simulated,False,False,False,False
0770454d-d9d4-5b97-aa03-6d6965af28ed,23232185-5c98-523a-a8a5-d53254b8a0d8,2026-10-31,SP021,195,100,special,10,13.05,12.57,9.2,13.35,3.85,26.1,66.7,13,N2,exceeds,development_rehearsal,4281b078-0cc5-514b-bf1b-c05efb9acd81|9efa9797-a0ba-5f14-ae47-628ce74f863c|871e3c54-9273-50c4-9c41-9f3c44421dd0|08f2db71-eb3b-5467-8573-87f1a84d3691|4622df5e-86cf-58a1-8213-62c58abb1b4e|00a885e2-5afe-595b-b1d2-d7ac29321b74|0be770fa-1a26-5cc9-a4c3-886b5443bc50|95402ff1-8fc2-5f1b-98f3-0e4c25d90c27|72563876-e6d4-5802-8eb8-00eb4a4eaa3c|20f5bd76-9341-59c7-8c54-c7a1c75e7b03|9e75f677-4c0c-5556-b4d0-ea549e33ec02|fd4fc36b-030f-5986-8f24-aea91f292ba1|9ce61ace-fc6b-5a5e-a6af-a8fb349b22f9|098030b3-9c29-552b-b731-884fc471f460|4ca107aa-7165-5da3-b9e5-0f44d2b37b78,9fb3a2ed39b1a5b9a1fae33653e6e5352aaca7acc86f56a24c8da406043f142f,zenit-simulated-feature-snapshot-v1,simulated,False,False,False,False
68d9672e-05f3-50a7-b832-a6fa1de2b436,00cb94fd-970b-5652-b9e8-aa30d6d12bc3,2026-11-01,SP021,195,100,left,30,36.89,36.01,31.73,26.47,5.16,33.9,67.9,38,N3,exceeds,development_rehearsal,bdb8158f-8297-5c0c-abe0-863cc6ba5e2b|ec149efe-19a3-5b01-8e4d-6f94b2ef0f6f|41f47205-8e90-5440-bdf5-bed1e2279f05|83cd53bd-51fd-5951-a2fb-bb6401a497ad|1f2d9f2f-8099-52b9-9b32-b71f6c4bd1e5|12de4445-aa26-57a6-84b7-813905488312|375cca5f-2450-5011-8403-db5034331578|aee369cc-a7c1-5db1-ac28-3540ebb4aa79|02d4daed-0598-579a-a520-764294be08f9|57abe28a-31d5-5eb6-b769-de1f3cd85500|9edcf7b0-a96e-5793-a05b-b28e9f0d8aa8|14182a4e-e9ba-5627-82f8-5b010c359e20|1604acf6-5baf-53f1-bc4e-0caf0b0074a4|016550af-27f6-5e24-9bf0-55a61a7a0bf3|866e54ff-900a-50f6-be13-9cf41d28eaca,e8f72185a871a29e7699990d722184cf138dd1dda89a2022c5d07d8d89c6edcd,zenit-simulated-feature-snapshot-v1,simulated,False,False,False,False
1770fbe7-2056-5025-9203-ce4887e800fa,4721c12b-0a1b-5b6a-9fb3-cb0b40d23bfb,2026-11-01,SP021,195,100,median,30,23.2,22.63,18.43,13.87,4.77,38.3,72.9,22,N2,within,development_rehearsal,57876c2a-ac0c-5870-a90d-4b49c1a41acf|180c0c92-87ad-5f8b-b97e-66f85f31db49|3b8ada41-dab7-539a-a40f-b0e18d6a2d0c|790f14a4-c42d-57a5-84a5-49f60a144dcb|da05d520-95be-5a5b-b708-97ce0bc5491e|3606d697-0fe2-5973-951c-3aa1d8b1c323|ebc1a100-0fdb-5892-b93b-70225672fb0c|fc9f900e-1e53-56b6-b025-e99835d74d69|8e951378-6940-55b4-bbce-df1eb1c19b54|d6b27cbb-9590-5eae-9ef0-21c539570679|83bc7d99-f47b-5e8c-ab66-8e433c2ef9aa|5ede0579-3169-52ab-9641-040d91c943e6|465d62e8-ed4b-5a2d-8cfc-a4680862274b|ff1f2901-7221-5e28-859d-0f881ef63f5d|973d4af6-6493-5fab-bee8-2e312b7c9ace,9101d50879963af764ed55bba64bb0b0e8846db1a146b85e814ce7f6076bd11b,zenit-simulated-feature-snapshot-v1,simulated,False,False,False,False
21a8f12b-0c88-5b1e-8ea0-fb2fcaa152ee,046003bd-58ac-5aca-8364-c934ce6319c8,2026-11-01,SP021,195,100,right,30,33.21,32.48,27.77,21.62,5.44,31.7,69.5,31,N3,exceeds,development_rehearsal,dbe57054-868a-57e8-bb56-c56e9b04e243|67009509-d602-5848-83da-c989ef6ad116|b48e3b74-9604-52c4-8466-d1f765feb4b5|224fc3f5-06d0-5687-9165-79d136d22a55|2c3f8a67-cc0c-5086-8159-7c52493fc229|b8cd0755-843d-5891-99a2-a8edbb541e7d|f196b368-be41-5712-9065-b2e397e5aa38|9b3f2790-ecbd-5bad-a93b-a4843951ac4f|240a21fa-3821-5185-b751-682c57a10bd9|40710dc4-4cf4-5c4c-adfd-1239a187b986|a24f9cbd-4e3b-50da-83bf-aafe14e7705c|61154988-c1c6-5b36-9e29-53ed5f011852|c952b224-229a-5c9a-9e89-485cd57d898f|b2619c11-1c39-5b69-a8c0-6a81e68f99f3|f65178e0-0c3e-5b18-9c0e-e8974c641e00,cf429b1c012c272683ec1d69119d4c17b0d5fa9eaa206e160897f0bd4f6db66f,zenit-simulated-feature-snapshot-v1,simulated,False,False,False,False
18089914-5457-545f-b470-563582660d97,23232185-5c98-523a-a8a5-d53254b8a0d8,2026-11-01,SP021,195,100,special,10,5.0,13.05,9.65,5.0,4.05,35.3,73.8,0,N1,within,development_rehearsal,9efa9797-a0ba-5f14-ae47-628ce74f863c|871e3c54-9273-50c4-9c41-9f3c44421dd0|08f2db71-eb3b-5467-8573-87f1a84d3691|4622df5e-86cf-58a1-8213-62c58abb1b4e|00a885e2-5afe-595b-b1d2-d7ac29321b74|0be770fa-1a26-5cc9-a4c3-886b5443bc50|95402ff1-8fc2-5f1b-98f3-0e4c25d90c27|72563876-e6d4-5802-8eb8-00eb4a4eaa3c|20f5bd76-9341-59c7-8c54-c7a1c75e7b03|9e75f677-4c0c-5556-b4d0-ea549e33ec02|fd4fc36b-030f-5986-8f24-aea91f292ba1|9ce61ace-fc6b-5a5e-a6af-a8fb349b22f9|098030b3-9c29-552b-b731-884fc471f460|4ca107aa-7165-5da3-b9e5-0f44d2b37b78|bd502251-7be3-596e-b888-f54c09767646,40f16a1f5e80581b97d07b8de4e7c3a54c54e57ca3f776e3193c8691030195b1,zenit-simulated-feature-snapshot-v1,simulated,False,False,False,False
707d0c49-b9b7-5057-8cbe-da428b0bc1f5,00cb94fd-970b-5652-b9e8-aa30d6d12bc3,2026-11-02,SP021,195,100,left,30,37.57,36.89,32.69,27.16,4.88,25.2,65.3,39,N3,exceeds,development_rehearsal,ec149efe-19a3-5b01-8e4d-6f94b2ef0f6f|41f47205-8e90-5440-bdf5-bed1e2279f05|83cd53bd-51fd-5951-a2fb-bb6401a497ad|1f2d9f2f-8099-52b9-9b32-b71f6c4bd1e5|12de4445-aa26-57a6-84b7-813905488312|375cca5f-2450-5011-8403-db5034331578|aee369cc-a7c1-5db1-ac28-3540ebb4aa79|02d4daed-0598-579a-a520-764294be08f9|57abe28a-31d5-5eb6-b769-de1f3cd85500|9edcf7b0-a96e-5793-a05b-b28e9f0d8aa8|14182a4e-e9ba-5627-82f8-5b010c359e20|1604acf6-5baf-53f1-bc4e-0caf0b0074a4|016550af-27f6-5e24-9bf0-55a61a7a0bf3|866e54ff-900a-50f6-be13-9cf41d28eaca|654041f2-236e-52c9-898a-4d106d6bc849,d8f429250d5b106b780b3bc23c6d3c435d9aa3ad20c5a5d3e391dec33fe76004,zenit-simulated-feature-snapshot-v1,simulated,False,False,False,False
2be021e6-274d-5238-8852-cffbe8a46802,4721c12b-0a1b-5b6a-9fb3-cb0b40d23bfb,2026-11-02,SP021,195,100,median,30,23.83,23.2,19.14,14.32,4.69,33.1,78.3,23,N2,within,development_rehearsal,180c0c92-87ad-5f8b-b97e-66f85f31db49|3b8ada41-dab7-539a-a40f-b0e18d6a2d0c|790f14a4-c42d-57a5-84a5-49f60a144dcb|da05d520-95be-5a5b-b708-97ce0bc5491e|3606d697-0fe2-5973-951c-3aa1d8b1c323|ebc1a100-0fdb-5892-b93b-70225672fb0c|fc9f900e-1e53-56b6-b025-e99835d74d69|8e951378-6940-55b4-bbce-df1eb1c19b54|d6b27cbb-9590-5eae-9ef0-21c539570679|83bc7d99-f47b-5e8c-ab66-8e433c2ef9aa|5ede0579-3169-52ab-9641-040d91c943e6|465d62e8-ed4b-5a2d-8cfc-a4680862274b|ff1f2901-7221-5e28-859d-0f881ef63f5d|973d4af6-6493-5fab-bee8-2e312b7c9ace|99f5169d-3253-5095-877e-20fa31a57779,11dd3e1eca81a6b333b04554d15e042a7434c05b6ac26e3a4f4d3e6dfb613afe,zenit-simulated-feature-snapshot-v1,simulated,False,False,False,False
a63d0dc5-0d0d-5a0e-b6ac-782605693d67,046003bd-58ac-5aca-8364-c934ce6319c8,2026-11-02,SP021,195,100,right,30,33.89,33.21,28.61,22.49,5.28,25.5,62.0,32,N3,exceeds,development_rehearsal,67009509-d602-5848-83da-c989ef6ad116|b48e3b74-9604-52c4-8466-d1f765feb4b5|224fc3f5-06d0-5687-9165-79d136d22a55|2c3f8a67-cc0c-5086-8159-7c52493fc229|b8cd0755-843d-5891-99a2-a8edbb541e7d|f196b368-be41-5712-9065-b2e397e5aa38|9b3f2790-ecbd-5bad-a93b-a4843951ac4f|240a21fa-3821-5185-b751-682c57a10bd9|40710dc4-4cf4-5c4c-adfd-1239a187b986|a24f9cbd-4e3b-50da-83bf-aafe14e7705c|61154988-c1c6-5b36-9e29-53ed5f011852|c952b224-229a-5c9a-9e89-485cd57d898f|b2619c11-1c39-5b69-a8c0-6a81e68f99f3|f65178e0-0c3e-5b18-9c0e-e8974c641e00|2aa845ae-3e7d-5716-8451-a4b2a34248a2,7927fc638e8fb1366a0b4d415fb32f8e2df3405df1fe740980cfe395fe028188,zenit-simulated-feature-snapshot-v1,simulated,False,False,False,False
c623d9c5-d26c-52d2-b64e-e5ab24e84833,23232185-5c98-523a-a8a5-d53254b8a0d8,2026-11-02,SP021,195,100,special,10,5.48,5.0,10.39,5.76,3.79,30.4,66.2,1,N1,within,development_rehearsal,871e3c54-9273-50c4-9c41-9f3c44421dd0|08f2db71-eb3b-5467-8573-87f1a84d3691|4622df5e-86cf-58a1-8213-62c58abb1b4e|00a885e2-5afe-595b-b1d2-d7ac29321b74|0be770fa-1a26-5cc9-a4c3-886b5443bc50|95402ff1-8fc2-5f1b-98f3-0e4c25d90c27|72563876-e6d4-5802-8eb8-00eb4a4eaa3c|20f5bd76-9341-59c7-8c54-c7a1c75e7b03|9e75f677-4c0c-5556-b4d0-ea549e33ec02|fd4fc36b-030f-5986-8f24-aea91f292ba1|9ce61ace-fc6b-5a5e-a6af-a8fb349b22f9|098030b3-9c29-552b-b731-884fc471f460|4ca107aa-7165-5da3-b9e5-0f44d2b37b78|bd502251-7be3-596e-b888-f54c09767646|94d3127d-8a05-5c9e-818d-b607b54ff6c2,c658e459615bf99f73548d58dd41482a08a4b31efb029ff027c2e0750246cb28,zenit-simulated-feature-snapshot-v1,simulated,False,False,False,False
857ff5be-ae37-5500-904e-8a5379655145,00cb94fd-970b-5652-b9e8-aa30d6d12bc3,2026-11-03,SP021,195,100,left,30,38.22,37.57,33.31,27.76,4.91,25.9,69.6,40,N3,exceeds,development_rehearsal,41f47205-8e90-5440-bdf5-bed1e2279f05|83cd53bd-51fd-5951-a2fb-bb6401a497ad|1f2d9f2f-8099-52b9-9b32-b71f6c4bd1e5|12de4445-aa26-57a6-84b7-813905488312|375cca5f-2450-5011-8403-db5034331578|aee369cc-a7c1-5db1-ac28-3540ebb4aa79|02d4daed-0598-579a-a520-764294be08f9|57abe28a-31d5-5eb6-b769-de1f3cd85500|9edcf7b0-a96e-5793-a05b-b28e9f0d8aa8|14182a4e-e9ba-5627-82f8-5b010c359e20|1604acf6-5baf-53f1-bc4e-0caf0b0074a4|016550af-27f6-5e24-9bf0-55a61a7a0bf3|866e54ff-900a-50f6-be13-9cf41d28eaca|654041f2-236e-52c9-898a-4d106d6bc849|a362c452-0ebc-5f83-a914-4f57815fec5d,74d4dff171ebf69b4a63f4c07ea5f4db2813dea77219b7fb1fffb13d055aa5c5,zenit-simulated-feature-snapshot-v1,simulated,False,False,False,False
bc0fcc48-656a-5232-b43a-cfcd223d1fc5,4721c12b-0a1b-5b6a-9fb3-cb0b40d23bfb,2026-11-03,SP021,195,100,median,30,24.54,23.83,19.97,15.0,4.57,27.7,76.4,24,N2,within,development_rehearsal,3b8ada41-dab7-539a-a40f-b0e18d6a2d0c|790f14a4-c42d-57a5-84a5-49f60a144dcb|da05d520-95be-5a5b-b708-97ce0bc5491e|3606d697-0fe2-5973-951c-3aa1d8b1c323|ebc1a100-0fdb-5892-b93b-70225672fb0c|fc9f900e-1e53-56b6-b025-e99835d74d69|8e951378-6940-55b4-bbce-df1eb1c19b54|d6b27cbb-9590-5eae-9ef0-21c539570679|83bc7d99-f47b-5e8c-ab66-8e433c2ef9aa|5ede0579-3169-52ab-9641-040d91c943e6|465d62e8-ed4b-5a2d-8cfc-a4680862274b|ff1f2901-7221-5e28-859d-0f881ef63f5d|973d4af6-6493-5fab-bee8-2e312b7c9ace|99f5169d-3253-5095-877e-20fa31a57779|142f0f51-aeb8-5fb2-821c-837a4fcd11da,2308ea981543a12dc296c8fd78d65abdb63c2420ad10698ca20da370b778bf50,zenit-simulated-feature-snapshot-v1,simulated,False,False,False,False
c12b1e31-7a85-50dd-a939-8869682d8d1d,046003bd-58ac-5aca-8364-c934ce6319c8,2026-11-03,SP021,195,100,right,30,34.65,33.89,29.55,23.5,5.1,21.7,60.9,33,N3,exceeds,development_rehearsal,b48e3b74-9604-52c4-8466-d1f765feb4b5|224fc3f5-06d0-5687-9165-79d136d22a55|2c3f8a67-cc0c-5086-8159-7c52493fc229|b8cd0755-843d-5891-99a2-a8edbb541e7d|f196b368-be41-5712-9065-b2e397e5aa38|9b3f2790-ecbd-5bad-a93b-a4843951ac4f|240a21fa-3821-5185-b751-682c57a10bd9|40710dc4-4cf4-5c4c-adfd-1239a187b986|a24f9cbd-4e3b-50da-83bf-aafe14e7705c|61154988-c1c6-5b36-9e29-53ed5f011852|c952b224-229a-5c9a-9e89-485cd57d898f|b2619c11-1c39-5b69-a8c0-6a81e68f99f3|f65178e0-0c3e-5b18-9c0e-e8974c641e00|2aa845ae-3e7d-5716-8451-a4b2a34248a2|1d81a335-0a77-50f5-8284-eebbd3e507a5,da99ab75c0c905e27c9c4882d0f353f1240854fb61bed8c425d1d3229fa70411,zenit-simulated-feature-snapshot-v1,simulated,False,False,False,False
429a487f-0712-590c-94f0-c8b56e97575d,23232185-5c98-523a-a8a5-d53254b8a0d8,2026-11-03,SP021,195,100,special,10,6.18,5.48,10.81,6.5,4.07,33.6,63.7,2,N1,within,development_rehearsal,08f2db71-eb3b-5467-8573-87f1a84d3691|4622df5e-86cf-58a1-8213-62c58abb1b4e|00a885e2-5afe-595b-b1d2-d7ac29321b74|0be770fa-1a26-5cc9-a4c3-886b5443bc50|95402ff1-8fc2-5f1b-98f3-0e4c25d90c27|72563876-e6d4-5802-8eb8-00eb4a4eaa3c|20f5bd76-9341-59c7-8c54-c7a1c75e7b03|9e75f677-4c0c-5556-b4d0-ea549e33ec02|fd4fc36b-030f-5986-8f24-aea91f292ba1|9ce61ace-fc6b-5a5e-a6af-a8fb349b22f9|098030b3-9c29-552b-b731-884fc471f460|4ca107aa-7165-5da3-b9e5-0f44d2b37b78|bd502251-7be3-596e-b888-f54c09767646|94d3127d-8a05-5c9e-818d-b607b54ff6c2|89932bd8-2fe2-53ec-ab03-04332fdab569,1d36468874f6c1aed9402566e930a0dcee8d6c8ec95c02e97dee95e74b2d9f9d,zenit-simulated-feature-snapshot-v1,simulated,False,False,False,False
a94a25e1-a0c8-5b45-82bd-c0eab61a9ca7,00cb94fd-970b-5652-b9e8-aa30d6d12bc3,2026-11-04,SP021,195,100,left,30,38.84,38.22,33.94,28.72,4.9,26.1,61.4,41,N3,exceeds,development_rehearsal,83cd53bd-51fd-5951-a2fb-bb6401a497ad|1f2d9f2f-8099-52b9-9b32-b71f6c4bd1e5|12de4445-aa26-57a6-84b7-813905488312|375cca5f-2450-5011-8403-db5034331578|aee369cc-a7c1-5db1-ac28-3540ebb4aa79|02d4daed-0598-579a-a520-764294be08f9|57abe28a-31d5-5eb6-b769-de1f3cd85500|9edcf7b0-a96e-5793-a05b-b28e9f0d8aa8|14182a4e-e9ba-5627-82f8-5b010c359e20|1604acf6-5baf-53f1-bc4e-0caf0b0074a4|016550af-27f6-5e24-9bf0-55a61a7a0bf3|866e54ff-900a-50f6-be13-9cf41d28eaca|654041f2-236e-52c9-898a-4d106d6bc849|a362c452-0ebc-5f83-a914-4f57815fec5d|4ef54d4b-0b34-5207-88dd-9d13433c7e8a,c4e49301a267ceae85f7f4e37ab07d0c6df15278206083d8ad378972fd5950c1,zenit-simulated-feature-snapshot-v1,simulated,False,False,False,False
b3b020dc-ea9f-5231-870a-3f1e4231b6db,4721c12b-0a1b-5b6a-9fb3-cb0b40d23bfb,2026-11-04,SP021,195,100,median,30,25.28,24.54,20.85,15.66,4.43,21.8,77.4,25,N2,within,development_rehearsal,790f14a4-c42d-57a5-84a5-49f60a144dcb|da05d520-95be-5a5b-b708-97ce0bc5491e|3606d697-0fe2-5973-951c-3aa1d8b1c323|ebc1a100-0fdb-5892-b93b-70225672fb0c|fc9f900e-1e53-56b6-b025-e99835d74d69|8e951378-6940-55b4-bbce-df1eb1c19b54|d6b27cbb-9590-5eae-9ef0-21c539570679|83bc7d99-f47b-5e8c-ab66-8e433c2ef9aa|5ede0579-3169-52ab-9641-040d91c943e6|465d62e8-ed4b-5a2d-8cfc-a4680862274b|ff1f2901-7221-5e28-859d-0f881ef63f5d|973d4af6-6493-5fab-bee8-2e312b7c9ace|99f5169d-3253-5095-877e-20fa31a57779|142f0f51-aeb8-5fb2-821c-837a4fcd11da|62bb904e-2ce9-53ce-904d-e273a4356a28,54764da68a3ed3e8f8b2bcca6f1ceef0d0265dca2293994f419059781644e30b,zenit-simulated-feature-snapshot-v1,simulated,False,False,False,False
3db77b19-c098-51d1-be84-9fd3de266d59,046003bd-58ac-5aca-8364-c934ce6319c8,2026-11-04,SP021,195,100,right,30,35.49,34.65,30.36,24.38,5.13,25.6,64.4,34,N3,exceeds,development_rehearsal,224fc3f5-06d0-5687-9165-79d136d22a55|2c3f8a67-cc0c-5086-8159-7c52493fc229|b8cd0755-843d-5891-99a2-a8edbb541e7d|f196b368-be41-5712-9065-b2e397e5aa38|9b3f2790-ecbd-5bad-a93b-a4843951ac4f|240a21fa-3821-5185-b751-682c57a10bd9|40710dc4-4cf4-5c4c-adfd-1239a187b986|a24f9cbd-4e3b-50da-83bf-aafe14e7705c|61154988-c1c6-5b36-9e29-53ed5f011852|c952b224-229a-5c9a-9e89-485cd57d898f|b2619c11-1c39-5b69-a8c0-6a81e68f99f3|f65178e0-0c3e-5b18-9c0e-e8974c641e00|2aa845ae-3e7d-5716-8451-a4b2a34248a2|1d81a335-0a77-50f5-8284-eebbd3e507a5|a838511d-7c79-5908-8219-9a069591aa98,480045b221f307b9c8c481dfd941e782cf4a8674ab15010fe38ce085e1a91380,zenit-simulated-feature-snapshot-v1,simulated,False,False,False,False
39232c0f-c5e6-562d-8a0f-c37320b7a948,23232185-5c98-523a-a8a5-d53254b8a0d8,2026-11-04,SP021,195,100,special,10,6.82,6.18,11.42,7.11,4.1,32.4,67.0,3,N1,within,development_rehearsal,4622df5e-86cf-58a1-8213-62c58abb1b4e|00a885e2-5afe-595b-b1d2-d7ac29321b74|0be770fa-1a26-5cc9-a4c3-886b5443bc50|95402ff1-8fc2-5f1b-98f3-0e4c25d90c27|72563876-e6d4-5802-8eb8-00eb4a4eaa3c|20f5bd76-9341-59c7-8c54-c7a1c75e7b03|9e75f677-4c0c-5556-b4d0-ea549e33ec02|fd4fc36b-030f-5986-8f24-aea91f292ba1|9ce61ace-fc6b-5a5e-a6af-a8fb349b22f9|098030b3-9c29-552b-b731-884fc471f460|4ca107aa-7165-5da3-b9e5-0f44d2b37b78|bd502251-7be3-596e-b888-f54c09767646|94d3127d-8a05-5c9e-818d-b607b54ff6c2|89932bd8-2fe2-53ec-ab03-04332fdab569|87fe6d00-5177-508f-89f5-215d2bbfc872,963c3bd422dbcfbfe795d1118d1cd560f933eb4b0b551c35699fa0184cdeb97b,zenit-simulated-feature-snapshot-v1,simulated,False,False,False,False
fb5bf9f6-31a5-5cc6-befc-31772e430d2e,00cb94fd-970b-5652-b9e8-aa30d6d12bc3,2026-11-05,SP021,195,100,left,30,8.0,38.84,34.64,29.4,5.1,29.6,69.2,0,N1,within,development_rehearsal,1f2d9f2f-8099-52b9-9b32-b71f6c4bd1e5|12de4445-aa26-57a6-84b7-813905488312|375cca5f-2450-5011-8403-db5034331578|aee369cc-a7c1-5db1-ac28-3540ebb4aa79|02d4daed-0598-579a-a520-764294be08f9|57abe28a-31d5-5eb6-b769-de1f3cd85500|9edcf7b0-a96e-5793-a05b-b28e9f0d8aa8|14182a4e-e9ba-5627-82f8-5b010c359e20|1604acf6-5baf-53f1-bc4e-0caf0b0074a4|016550af-27f6-5e24-9bf0-55a61a7a0bf3|866e54ff-900a-50f6-be13-9cf41d28eaca|654041f2-236e-52c9-898a-4d106d6bc849|a362c452-0ebc-5f83-a914-4f57815fec5d|4ef54d4b-0b34-5207-88dd-9d13433c7e8a|0dcc808c-76db-5d5c-8b01-bcb5c09d4ec8,01391f14e451de78832bbcf0aa463ecd84b46dc5473b6ad0711046a0f30911ba,zenit-simulated-feature-snapshot-v1,simulated,False,False,False,False
456f5c1e-d07f-54a8-9229-f70b468c0643,4721c12b-0a1b-5b6a-9fb3-cb0b40d23bfb,2026-11-05,SP021,195,100,median,30,26.07,25.28,21.28,16.53,4.79,24.3,68.1,26,N2,within,development_rehearsal,da05d520-95be-5a5b-b708-97ce0bc5491e|3606d697-0fe2-5973-951c-3aa1d8b1c323|ebc1a100-0fdb-5892-b93b-70225672fb0c|fc9f900e-1e53-56b6-b025-e99835d74d69|8e951378-6940-55b4-bbce-df1eb1c19b54|d6b27cbb-9590-5eae-9ef0-21c539570679|83bc7d99-f47b-5e8c-ab66-8e433c2ef9aa|5ede0579-3169-52ab-9641-040d91c943e6|465d62e8-ed4b-5a2d-8cfc-a4680862274b|ff1f2901-7221-5e28-859d-0f881ef63f5d|973d4af6-6493-5fab-bee8-2e312b7c9ace|99f5169d-3253-5095-877e-20fa31a57779|142f0f51-aeb8-5fb2-821c-837a4fcd11da|62bb904e-2ce9-53ce-904d-e273a4356a28|8d3ee863-a075-5879-8fca-93d7cc484ba4,8ce216370ff04f7bcba789ebf67509e15ed3c343af28efef64b4a263f94ab4db,zenit-simulated-feature-snapshot-v1,simulated,False,False,False,False
add72596-a951-505f-9dd8-6f20aa74c424,046003bd-58ac-5aca-8364-c934ce6319c8,2026-11-05,SP021,195,100,right,30,36.51,35.49,31.05,25.26,5.46,29.5,67.6,35,N3,exceeds,development_rehearsal,2c3f8a67-cc0c-5086-8159-7c52493fc229|b8cd0755-843d-5891-99a2-a8edbb541e7d|f196b368-be41-5712-9065-b2e397e5aa38|9b3f2790-ecbd-5bad-a93b-a4843951ac4f|240a21fa-3821-5185-b751-682c57a10bd9|40710dc4-4cf4-5c4c-adfd-1239a187b986|a24f9cbd-4e3b-50da-83bf-aafe14e7705c|61154988-c1c6-5b36-9e29-53ed5f011852|c952b224-229a-5c9a-9e89-485cd57d898f|b2619c11-1c39-5b69-a8c0-6a81e68f99f3|f65178e0-0c3e-5b18-9c0e-e8974c641e00|2aa845ae-3e7d-5716-8451-a4b2a34248a2|1d81a335-0a77-50f5-8284-eebbd3e507a5|a838511d-7c79-5908-8219-9a069591aa98|6f3a3c78-cc1a-5583-b6f6-b3bd0c599c31,c285237717c655aba4e1964ae8941819949175f3e393a9b009ea30d8ac6755e0,zenit-simulated-feature-snapshot-v1,simulated,False,False,False,False
aac7fc9a-ebf0-51fa-b8e6-85e21fc6f2ab,23232185-5c98-523a-a8a5-d53254b8a0d8,2026-11-05,SP021,195,100,special,10,7.15,6.82,12.09,7.83,3.76,28.0,60.0,4,N1,within,development_rehearsal,00a885e2-5afe-595b-b1d2-d7ac29321b74|0be770fa-1a26-5cc9-a4c3-886b5443bc50|95402ff1-8fc2-5f1b-98f3-0e4c25d90c27|72563876-e6d4-5802-8eb8-00eb4a4eaa3c|20f5bd76-9341-59c7-8c54-c7a1c75e7b03|9e75f677-4c0c-5556-b4d0-ea549e33ec02|fd4fc36b-030f-5986-8f24-aea91f292ba1|9ce61ace-fc6b-5a5e-a6af-a8fb349b22f9|098030b3-9c29-552b-b731-884fc471f460|4ca107aa-7165-5da3-b9e5-0f44d2b37b78|bd502251-7be3-596e-b888-f54c09767646|94d3127d-8a05-5c9e-818d-b607b54ff6c2|89932bd8-2fe2-53ec-ab03-04332fdab569|87fe6d00-5177-508f-89f5-215d2bbfc872|cc66e660-e42b-5d2b-b525-d0dbf98bab23,681e490cfa896fb79e8567a5d2652d85809a1f3627b7050cd7c704d6dbde37d4,zenit-simulated-feature-snapshot-v1,simulated,False,False,False,False
1f62e285-fc10-50a7-9392-1a3ca3671d24,00cb94fd-970b-5652-b9e8-aa30d6d12bc3,2026-11-06,SP021,195,100,left,30,8.64,8.0,35.36,30.07,5.02,22.1,62.8,1,N1,within,development_rehearsal,12de4445-aa26-57a6-84b7-813905488312|375cca5f-2450-5011-8403-db5034331578|aee369cc-a7c1-5db1-ac28-3540ebb4aa79|02d4daed-0598-579a-a520-764294be08f9|57abe28a-31d5-5eb6-b769-de1f3cd85500|9edcf7b0-a96e-5793-a05b-b28e9f0d8aa8|14182a4e-e9ba-5627-82f8-5b010c359e20|1604acf6-5baf-53f1-bc4e-0caf0b0074a4|016550af-27f6-5e24-9bf0-55a61a7a0bf3|866e54ff-900a-50f6-be13-9cf41d28eaca|654041f2-236e-52c9-898a-4d106d6bc849|a362c452-0ebc-5f83-a914-4f57815fec5d|4ef54d4b-0b34-5207-88dd-9d13433c7e8a|0dcc808c-76db-5d5c-8b01-bcb5c09d4ec8|2a12c5ad-b744-5dc9-907b-dfec5c798505,cbcb29a6abe14f2f2922ebf9d8209190d24134d519126073593a6aa328a0af0a,zenit-simulated-feature-snapshot-v1,simulated,False,False,False,False
2ecf91dc-f3e5-5c69-8279-338dc9e110d5,4721c12b-0a1b-5b6a-9fb3-cb0b40d23bfb,2026-11-06,SP021,195,100,median,30,26.71,26.07,22.08,17.24,4.63,24.6,65.6,27,N2,within,development_rehearsal,3606d697-0fe2-5973-951c-3aa1d8b1c323|ebc1a100-0fdb-5892-b93b-70225672fb0c|fc9f900e-1e53-56b6-b025-e99835d74d69|8e951378-6940-55b4-bbce-df1eb1c19b54|d6b27cbb-9590-5eae-9ef0-21c539570679|83bc7d99-f47b-5e8c-ab66-8e433c2ef9aa|5ede0579-3169-52ab-9641-040d91c943e6|465d62e8-ed4b-5a2d-8cfc-a4680862274b|ff1f2901-7221-5e28-859d-0f881ef63f5d|973d4af6-6493-5fab-bee8-2e312b7c9ace|99f5169d-3253-5095-877e-20fa31a57779|142f0f51-aeb8-5fb2-821c-837a4fcd11da|62bb904e-2ce9-53ce-904d-e273a4356a28|8d3ee863-a075-5879-8fca-93d7cc484ba4|5f449f92-e9f3-5db4-99d3-e92e30855441,9f2b32332af1db5ec3e0ecddc5d4b725243e1b8bd5a13e9b983abdc6f0bbe638,zenit-simulated-feature-snapshot-v1,simulated,False,False,False,False
b6527747-1ddb-5e75-89a8-ee4061d05349,046003bd-58ac-5aca-8364-c934ce6319c8,2026-11-06,SP021,195,100,right,30,37.44,36.51,31.88,25.99,5.56,32.6,70.7,36,N3,exceeds,development_rehearsal,b8cd0755-843d-5891-99a2-a8edbb541e7d|f196b368-be41-5712-9065-b2e397e5aa38|9b3f2790-ecbd-5bad-a93b-a4843951ac4f|240a21fa-3821-5185-b751-682c57a10bd9|40710dc4-4cf4-5c4c-adfd-1239a187b986|a24f9cbd-4e3b-50da-83bf-aafe14e7705c|61154988-c1c6-5b36-9e29-53ed5f011852|c952b224-229a-5c9a-9e89-485cd57d898f|b2619c11-1c39-5b69-a8c0-6a81e68f99f3|f65178e0-0c3e-5b18-9c0e-e8974c641e00|2aa845ae-3e7d-5716-8451-a4b2a34248a2|1d81a335-0a77-50f5-8284-eebbd3e507a5|a838511d-7c79-5908-8219-9a069591aa98|6f3a3c78-cc1a-5583-b6f6-b3bd0c599c31|9df6aabe-0910-5258-a43c-cb1932b473cf,0593ca85eb3c12d084b2bf55f074bc091171651e07320e566a16ea30bd35321a,zenit-simulated-feature-snapshot-v1,simulated,False,False,False,False
b63ca8f8-54cb-5aad-a99c-3cf7634bffee,23232185-5c98-523a-a8a5-d53254b8a0d8,2026-11-06,SP021,195,100,special,10,7.56,7.15,12.57,8.73,3.69,22.4,49.0,5,N1,within,development_rehearsal,0be770fa-1a26-5cc9-a4c3-886b5443bc50|95402ff1-8fc2-5f1b-98f3-0e4c25d90c27|72563876-e6d4-5802-8eb8-00eb4a4eaa3c|20f5bd76-9341-59c7-8c54-c7a1c75e7b03|9e75f677-4c0c-5556-b4d0-ea549e33ec02|fd4fc36b-030f-5986-8f24-aea91f292ba1|9ce61ace-fc6b-5a5e-a6af-a8fb349b22f9|098030b3-9c29-552b-b731-884fc471f460|4ca107aa-7165-5da3-b9e5-0f44d2b37b78|bd502251-7be3-596e-b888-f54c09767646|94d3127d-8a05-5c9e-818d-b607b54ff6c2|89932bd8-2fe2-53ec-ab03-04332fdab569|87fe6d00-5177-508f-89f5-215d2bbfc872|cc66e660-e42b-5d2b-b525-d0dbf98bab23|c19fc47a-c675-571e-81f1-b5891aff92db,7fec40aac188430addd6840efaa961b18221972d8470f553cf0b340aa846e702,zenit-simulated-feature-snapshot-v1,simulated,False,False,False,False
599dd1a0-8382-5510-8d83-9e31ab5a2fcd,00cb94fd-970b-5652-b9e8-aa30d6d12bc3,2026-11-07,SP021,195,100,left,30,9.41,8.64,36.01,31.12,5.14,24.2,54.3,2,N1,within,development_rehearsal,375cca5f-2450-5011-8403-db5034331578|aee369cc-a7c1-5db1-ac28-3540ebb4aa79|02d4daed-0598-579a-a520-764294be08f9|57abe28a-31d5-5eb6-b769-de1f3cd85500|9edcf7b0-a96e-5793-a05b-b28e9f0d8aa8|14182a4e-e9ba-5627-82f8-5b010c359e20|1604acf6-5baf-53f1-bc4e-0caf0b0074a4|016550af-27f6-5e24-9bf0-55a61a7a0bf3|866e54ff-900a-50f6-be13-9cf41d28eaca|654041f2-236e-52c9-898a-4d106d6bc849|a362c452-0ebc-5f83-a914-4f57815fec5d|4ef54d4b-0b34-5207-88dd-9d13433c7e8a|0dcc808c-76db-5d5c-8b01-bcb5c09d4ec8|2a12c5ad-b744-5dc9-907b-dfec5c798505|97f52a9c-585e-5525-bd62-52b51f76ebb2,1bae0115b872374a5d8b36f395ebec0c5a355e36973dc2deff14da9d98bed1be,zenit-simulated-feature-snapshot-v1,simulated,False,False,False,False
17872c4d-a532-5ad6-91c1-a87f26b84778,4721c12b-0a1b-5b6a-9fb3-cb0b40d23bfb,2026-11-07,SP021,195,100,median,30,27.25,26.71,22.63,17.9,4.62,27.2,63.0,28,N2,within,development_rehearsal,ebc1a100-0fdb-5892-b93b-70225672fb0c|fc9f900e-1e53-56b6-b025-e99835d74d69|8e951378-6940-55b4-bbce-df1eb1c19b54|d6b27cbb-9590-5eae-9ef0-21c539570679|83bc7d99-f47b-5e8c-ab66-8e433c2ef9aa|5ede0579-3169-52ab-9641-040d91c943e6|465d62e8-ed4b-5a2d-8cfc-a4680862274b|ff1f2901-7221-5e28-859d-0f881ef63f5d|973d4af6-6493-5fab-bee8-2e312b7c9ace|99f5169d-3253-5095-877e-20fa31a57779|142f0f51-aeb8-5fb2-821c-837a4fcd11da|62bb904e-2ce9-53ce-904d-e273a4356a28|8d3ee863-a075-5879-8fca-93d7cc484ba4|5f449f92-e9f3-5db4-99d3-e92e30855441|5ce4ab4c-4476-538a-859b-ccdb406f61db,cae71f27e8cf96a01f8b9652da50dc17fca6afc9eda8007a12a313a03b78270a,zenit-simulated-feature-snapshot-v1,simulated,False,False,False,False
cdd9842c-8192-560d-999b-88083ee4e8b5,046003bd-58ac-5aca-8364-c934ce6319c8,2026-11-07,SP021,195,100,right,30,38.33,37.44,32.48,26.85,5.85,36.2,71.9,37,N3,exceeds,development_rehearsal,f196b368-be41-5712-9065-b2e397e5aa38|9b3f2790-ecbd-5bad-a93b-a4843951ac4f|240a21fa-3821-5185-b751-682c57a10bd9|40710dc4-4cf4-5c4c-adfd-1239a187b986|a24f9cbd-4e3b-50da-83bf-aafe14e7705c|61154988-c1c6-5b36-9e29-53ed5f011852|c952b224-229a-5c9a-9e89-485cd57d898f|b2619c11-1c39-5b69-a8c0-6a81e68f99f3|f65178e0-0c3e-5b18-9c0e-e8974c641e00|2aa845ae-3e7d-5716-8451-a4b2a34248a2|1d81a335-0a77-50f5-8284-eebbd3e507a5|a838511d-7c79-5908-8219-9a069591aa98|6f3a3c78-cc1a-5583-b6f6-b3bd0c599c31|9df6aabe-0910-5258-a43c-cb1932b473cf|3b59232e-d1c4-51d8-bad8-23bafbf609ed,fb54cc4e971408d2ea4b92860918a29ec6fe4eba639e78243c73b40df2f51bf6,zenit-simulated-feature-snapshot-v1,simulated,False,False,False,False
11e3e9b7-63a5-5861-b1da-4d7125ab69f5,23232185-5c98-523a-a8a5-d53254b8a0d8,2026-11-07,SP021,195,100,special,10,8.22,7.56,13.05,9.2,3.87,30.2,56.3,6,N1,within,development_rehearsal,95402ff1-8fc2-5f1b-98f3-0e4c25d90c27|72563876-e6d4-5802-8eb8-00eb4a4eaa3c|20f5bd76-9341-59c7-8c54-c7a1c75e7b03|9e75f677-4c0c-5556-b4d0-ea549e33ec02|fd4fc36b-030f-5986-8f24-aea91f292ba1|9ce61ace-fc6b-5a5e-a6af-a8fb349b22f9|098030b3-9c29-552b-b731-884fc471f460|4ca107aa-7165-5da3-b9e5-0f44d2b37b78|bd502251-7be3-596e-b888-f54c09767646|94d3127d-8a05-5c9e-818d-b607b54ff6c2|89932bd8-2fe2-53ec-ab03-04332fdab569|87fe6d00-5177-508f-89f5-215d2bbfc872|cc66e660-e42b-5d2b-b525-d0dbf98bab23|c19fc47a-c675-571e-81f1-b5891aff92db|91e93804-146c-59f9-bdb1-fb19ccc55efd,32ec9a675e929e085b806ef764d176f4f266ba49ac3f9bc46335a15f9745a60a,zenit-simulated-feature-snapshot-v1,simulated,False,False,False,False
4a61cd90-b90a-5613-8517-acfcc878faf0,00cb94fd-970b-5652-b9e8-aa30d6d12bc3,2026-11-08,SP021,195,100,left,30,10.28,9.41,36.89,31.73,5.13,23.5,57.4,3,N2,within,development_rehearsal,aee369cc-a7c1-5db1-ac28-3540ebb4aa79|02d4daed-0598-579a-a520-764294be08f9|57abe28a-31d5-5eb6-b769-de1f3cd85500|9edcf7b0-a96e-5793-a05b-b28e9f0d8aa8|14182a4e-e9ba-5627-82f8-5b010c359e20|1604acf6-5baf-53f1-bc4e-0caf0b0074a4|016550af-27f6-5e24-9bf0-55a61a7a0bf3|866e54ff-900a-50f6-be13-9cf41d28eaca|654041f2-236e-52c9-898a-4d106d6bc849|a362c452-0ebc-5f83-a914-4f57815fec5d|4ef54d4b-0b34-5207-88dd-9d13433c7e8a|0dcc808c-76db-5d5c-8b01-bcb5c09d4ec8|2a12c5ad-b744-5dc9-907b-dfec5c798505|97f52a9c-585e-5525-bd62-52b51f76ebb2|e0b81a3d-63ca-5c67-a53c-fc679cfd0144,50badbf102432d8c344a5a823137d6fd2e788e9e05d6620a0268ca67e501dfb9,zenit-simulated-feature-snapshot-v1,simulated,False,False,False,False
1ae8b064-1ce9-5805-a304-35ffa8422f18,4721c12b-0a1b-5b6a-9fb3-cb0b40d23bfb,2026-11-08,SP021,195,100,median,30,27.94,27.25,23.2,18.43,4.74,21.7,60.0,29,N2,within,development_rehearsal,fc9f900e-1e53-56b6-b025-e99835d74d69|8e951378-6940-55b4-bbce-df1eb1c19b54|d6b27cbb-9590-5eae-9ef0-21c539570679|83bc7d99-f47b-5e8c-ab66-8e433c2ef9aa|5ede0579-3169-52ab-9641-040d91c943e6|465d62e8-ed4b-5a2d-8cfc-a4680862274b|ff1f2901-7221-5e28-859d-0f881ef63f5d|973d4af6-6493-5fab-bee8-2e312b7c9ace|99f5169d-3253-5095-877e-20fa31a57779|142f0f51-aeb8-5fb2-821c-837a4fcd11da|62bb904e-2ce9-53ce-904d-e273a4356a28|8d3ee863-a075-5879-8fca-93d7cc484ba4|5f449f92-e9f3-5db4-99d3-e92e30855441|5ce4ab4c-4476-538a-859b-ccdb406f61db|f27c1882-eea4-5636-90a1-a490109f5f58,7e1440ead854f905d81c5db0d5a5ad79533b73810949ecd7259520f6a5c0e14d,zenit-simulated-feature-snapshot-v1,simulated,False,False,False,False
8704518b-df0b-5b28-b59a-194f217e8038,046003bd-58ac-5aca-8364-c934ce6319c8,2026-11-08,SP021,195,100,right,30,39.36,38.33,33.21,27.77,6.15,40.2,71.9,38,N3,exceeds,development_rehearsal,9b3f2790-ecbd-5bad-a93b-a4843951ac4f|240a21fa-3821-5185-b751-682c57a10bd9|40710dc4-4cf4-5c4c-adfd-1239a187b986|a24f9cbd-4e3b-50da-83bf-aafe14e7705c|61154988-c1c6-5b36-9e29-53ed5f011852|c952b224-229a-5c9a-9e89-485cd57d898f|b2619c11-1c39-5b69-a8c0-6a81e68f99f3|f65178e0-0c3e-5b18-9c0e-e8974c641e00|2aa845ae-3e7d-5716-8451-a4b2a34248a2|1d81a335-0a77-50f5-8284-eebbd3e507a5|a838511d-7c79-5908-8219-9a069591aa98|6f3a3c78-cc1a-5583-b6f6-b3bd0c599c31|9df6aabe-0910-5258-a43c-cb1932b473cf|3b59232e-d1c4-51d8-bad8-23bafbf609ed|d5788655-583c-5b81-b4fa-ee48fe86359f,f8102d2831dc8fc624fdf81d1c066f970db7a17433a7209a32d2b006d8c66de2,zenit-simulated-feature-snapshot-v1,simulated,False,False,False,False
c40acc47-d389-5722-9333-c18749407803,23232185-5c98-523a-a8a5-d53254b8a0d8,2026-11-08,SP021,195,100,special,10,8.86,8.22,5.0,9.65,3.86,21.0,56.3,7,N1,within,development_rehearsal,72563876-e6d4-5802-8eb8-00eb4a4eaa3c|20f5bd76-9341-59c7-8c54-c7a1c75e7b03|9e75f677-4c0c-5556-b4d0-ea549e33ec02|fd4fc36b-030f-5986-8f24-aea91f292ba1|9ce61ace-fc6b-5a5e-a6af-a8fb349b22f9|098030b3-9c29-552b-b731-884fc471f460|4ca107aa-7165-5da3-b9e5-0f44d2b37b78|bd502251-7be3-596e-b888-f54c09767646|94d3127d-8a05-5c9e-818d-b607b54ff6c2|89932bd8-2fe2-53ec-ab03-04332fdab569|87fe6d00-5177-508f-89f5-215d2bbfc872|cc66e660-e42b-5d2b-b525-d0dbf98bab23|c19fc47a-c675-571e-81f1-b5891aff92db|91e93804-146c-59f9-bdb1-fb19ccc55efd|ef4d8393-2486-5d1e-aebf-9d590f8ba204,987b74ea958c322f76603f77191398b5939cdb6db4ee43a23b9a4246164241e4,zenit-simulated-feature-snapshot-v1,simulated,False,False,False,False
e8e784b2-00ac-5fbd-ada9-a8572befaa7d,00cb94fd-970b-5652-b9e8-aa30d6d12bc3,2026-11-09,SP021,195,100,left,30,10.91,10.28,37.57,32.69,5.08,22.3,47.5,4,N2,within,development_rehearsal,02d4daed-0598-579a-a520-764294be08f9|57abe28a-31d5-5eb6-b769-de1f3cd85500|9edcf7b0-a96e-5793-a05b-b28e9f0d8aa8|14182a4e-e9ba-5627-82f8-5b010c359e20|1604acf6-5baf-53f1-bc4e-0caf0b0074a4|016550af-27f6-5e24-9bf0-55a61a7a0bf3|866e54ff-900a-50f6-be13-9cf41d28eaca|654041f2-236e-52c9-898a-4d106d6bc849|a362c452-0ebc-5f83-a914-4f57815fec5d|4ef54d4b-0b34-5207-88dd-9d13433c7e8a|0dcc808c-76db-5d5c-8b01-bcb5c09d4ec8|2a12c5ad-b744-5dc9-907b-dfec5c798505|97f52a9c-585e-5525-bd62-52b51f76ebb2|e0b81a3d-63ca-5c67-a53c-fc679cfd0144|bde71624-806e-56e4-9f65-7bfc5d133b19,fa63d85f768dba4db65f6e87f888fd9ef50cd13593eb1fd01aed7221988af413,zenit-simulated-feature-snapshot-v1,simulated,False,False,False,False
e07bcaff-b8e8-5749-baf4-06f1b58e7a15,4721c12b-0a1b-5b6a-9fb3-cb0b40d23bfb,2026-11-09,SP021,195,100,median,30,28.76,27.94,23.83,19.14,4.93,25.4,58.5,30,N2,within,development_rehearsal,8e951378-6940-55b4-bbce-df1eb1c19b54|d6b27cbb-9590-5eae-9ef0-21c539570679|83bc7d99-f47b-5e8c-ab66-8e433c2ef9aa|5ede0579-3169-52ab-9641-040d91c943e6|465d62e8-ed4b-5a2d-8cfc-a4680862274b|ff1f2901-7221-5e28-859d-0f881ef63f5d|973d4af6-6493-5fab-bee8-2e312b7c9ace|99f5169d-3253-5095-877e-20fa31a57779|142f0f51-aeb8-5fb2-821c-837a4fcd11da|62bb904e-2ce9-53ce-904d-e273a4356a28|8d3ee863-a075-5879-8fca-93d7cc484ba4|5f449f92-e9f3-5db4-99d3-e92e30855441|5ce4ab4c-4476-538a-859b-ccdb406f61db|f27c1882-eea4-5636-90a1-a490109f5f58|f28b2a21-38ce-5b80-8d8a-5bfe91cc89a0,0b4868a1c4e7703b8523e50a2566ddecc3a5ca0b0214adea643c2dfb7d26bb53,zenit-simulated-feature-snapshot-v1,simulated,False,False,False,False
7101b38f-8fe1-5f11-a8c0-1ba8c5387f51,046003bd-58ac-5aca-8364-c934ce6319c8,2026-11-09,SP021,195,100,right,30,40.13,39.36,33.89,28.61,6.24,46.0,71.5,39,N3,exceeds,development_rehearsal,240a21fa-3821-5185-b751-682c57a10bd9|40710dc4-4cf4-5c4c-adfd-1239a187b986|a24f9cbd-4e3b-50da-83bf-aafe14e7705c|61154988-c1c6-5b36-9e29-53ed5f011852|c952b224-229a-5c9a-9e89-485cd57d898f|b2619c11-1c39-5b69-a8c0-6a81e68f99f3|f65178e0-0c3e-5b18-9c0e-e8974c641e00|2aa845ae-3e7d-5716-8451-a4b2a34248a2|1d81a335-0a77-50f5-8284-eebbd3e507a5|a838511d-7c79-5908-8219-9a069591aa98|6f3a3c78-cc1a-5583-b6f6-b3bd0c599c31|9df6aabe-0910-5258-a43c-cb1932b473cf|3b59232e-d1c4-51d8-bad8-23bafbf609ed|d5788655-583c-5b81-b4fa-ee48fe86359f|8e78471d-0da6-5d0d-85fa-bb913ee031bf,9058ace6a898869fdcd244eeae37417fcb356b96a01608dfbd2d496d4cb667dc,zenit-simulated-feature-snapshot-v1,simulated,False,False,False,False
24461470-6be0-54a3-970d-bd7fefe27e0c,23232185-5c98-523a-a8a5-d53254b8a0d8,2026-11-09,SP021,195,100,special,10,9.46,8.86,5.48,10.39,3.98,21.4,51.8,8,N1,within,development_rehearsal,20f5bd76-9341-59c7-8c54-c7a1c75e7b03|9e75f677-4c0c-5556-b4d0-ea549e33ec02|fd4fc36b-030f-5986-8f24-aea91f292ba1|9ce61ace-fc6b-5a5e-a6af-a8fb349b22f9|098030b3-9c29-552b-b731-884fc471f460|4ca107aa-7165-5da3-b9e5-0f44d2b37b78|bd502251-7be3-596e-b888-f54c09767646|94d3127d-8a05-5c9e-818d-b607b54ff6c2|89932bd8-2fe2-53ec-ab03-04332fdab569|87fe6d00-5177-508f-89f5-215d2bbfc872|cc66e660-e42b-5d2b-b525-d0dbf98bab23|c19fc47a-c675-571e-81f1-b5891aff92db|91e93804-146c-59f9-bdb1-fb19ccc55efd|ef4d8393-2486-5d1e-aebf-9d590f8ba204|518393e6-e903-53d2-b4fe-045479c00783,8462c9c8bd8644fe9aa46b381ca2948e9d000d69daa1d5a3fe0a5f01fa909b15,zenit-simulated-feature-snapshot-v1,simulated,False,False,False,False
4cef05f3-f8c1-5ae1-8ecf-802f8cea20f6,00cb94fd-970b-5652-b9e8-aa30d6d12bc3,2026-11-10,SP021,195,100,left,30,11.74,10.91,38.22,33.31,5.26,22.3,48.2,5,N2,within,development_rehearsal,57abe28a-31d5-5eb6-b769-de1f3cd85500|9edcf7b0-a96e-5793-a05b-b28e9f0d8aa8|14182a4e-e9ba-5627-82f8-5b010c359e20|1604acf6-5baf-53f1-bc4e-0caf0b0074a4|016550af-27f6-5e24-9bf0-55a61a7a0bf3|866e54ff-900a-50f6-be13-9cf41d28eaca|654041f2-236e-52c9-898a-4d106d6bc849|a362c452-0ebc-5f83-a914-4f57815fec5d|4ef54d4b-0b34-5207-88dd-9d13433c7e8a|0dcc808c-76db-5d5c-8b01-bcb5c09d4ec8|2a12c5ad-b744-5dc9-907b-dfec5c798505|97f52a9c-585e-5525-bd62-52b51f76ebb2|e0b81a3d-63ca-5c67-a53c-fc679cfd0144|bde71624-806e-56e4-9f65-7bfc5d133b19|46cfad32-8216-545d-88d4-d967b052f85b,f30e6256db8459f455f977d7eaca2b64d9256244baa3350cf0842a7b866c7553,zenit-simulated-feature-snapshot-v1,simulated,False,False,False,False
5c1c3a60-bb10-5228-a834-403cb08ddc32,4721c12b-0a1b-5b6a-9fb3-cb0b40d23bfb,2026-11-10,SP021,195,100,median,30,29.52,28.76,24.54,19.97,4.98,22.2,49.9,31,N2,within,development_rehearsal,d6b27cbb-9590-5eae-9ef0-21c539570679|83bc7d99-f47b-5e8c-ab66-8e433c2ef9aa|5ede0579-3169-52ab-9641-040d91c943e6|465d62e8-ed4b-5a2d-8cfc-a4680862274b|ff1f2901-7221-5e28-859d-0f881ef63f5d|973d4af6-6493-5fab-bee8-2e312b7c9ace|99f5169d-3253-5095-877e-20fa31a57779|142f0f51-aeb8-5fb2-821c-837a4fcd11da|62bb904e-2ce9-53ce-904d-e273a4356a28|8d3ee863-a075-5879-8fca-93d7cc484ba4|5f449f92-e9f3-5db4-99d3-e92e30855441|5ce4ab4c-4476-538a-859b-ccdb406f61db|f27c1882-eea4-5636-90a1-a490109f5f58|f28b2a21-38ce-5b80-8d8a-5bfe91cc89a0|600243b6-4ba3-57f0-92b6-af618e71ccc1,419e99b8f9a836e540e023f0266f7bf3eaabf92bb9d3260952e57bc596ebd28b,zenit-simulated-feature-snapshot-v1,simulated,False,False,False,False
9513dd1f-8c3b-5f4f-8350-be42a906258e,046003bd-58ac-5aca-8364-c934ce6319c8,2026-11-10,SP021,195,100,right,30,41.18,40.13,34.65,29.55,6.53,47.5,69.2,40,N3,exceeds,development_rehearsal,40710dc4-4cf4-5c4c-adfd-1239a187b986|a24f9cbd-4e3b-50da-83bf-aafe14e7705c|61154988-c1c6-5b36-9e29-53ed5f011852|c952b224-229a-5c9a-9e89-485cd57d898f|b2619c11-1c39-5b69-a8c0-6a81e68f99f3|f65178e0-0c3e-5b18-9c0e-e8974c641e00|2aa845ae-3e7d-5716-8451-a4b2a34248a2|1d81a335-0a77-50f5-8284-eebbd3e507a5|a838511d-7c79-5908-8219-9a069591aa98|6f3a3c78-cc1a-5583-b6f6-b3bd0c599c31|9df6aabe-0910-5258-a43c-cb1932b473cf|3b59232e-d1c4-51d8-bad8-23bafbf609ed|d5788655-583c-5b81-b4fa-ee48fe86359f|8e78471d-0da6-5d0d-85fa-bb913ee031bf|8d64bfb5-bc11-5ca5-9f9b-6735829aa68c,060ad7e6eea177b55b32ac8a31916366c8473026eca321d027c38b5d03a554b3,zenit-simulated-feature-snapshot-v1,simulated,False,False,False,False
96d642b9-cf00-5ae8-8f97-4a19b3794828,23232185-5c98-523a-a8a5-d53254b8a0d8,2026-11-10,SP021,195,100,special,10,10.01,9.46,6.18,10.81,3.83,17.6,51.2,9,N2,exceeds,development_rehearsal,9e75f677-4c0c-5556-b4d0-ea549e33ec02|fd4fc36b-030f-5986-8f24-aea91f292ba1|9ce61ace-fc6b-5a5e-a6af-a8fb349b22f9|098030b3-9c29-552b-b731-884fc471f460|4ca107aa-7165-5da3-b9e5-0f44d2b37b78|bd502251-7be3-596e-b888-f54c09767646|94d3127d-8a05-5c9e-818d-b607b54ff6c2|89932bd8-2fe2-53ec-ab03-04332fdab569|87fe6d00-5177-508f-89f5-215d2bbfc872|cc66e660-e42b-5d2b-b525-d0dbf98bab23|c19fc47a-c675-571e-81f1-b5891aff92db|91e93804-146c-59f9-bdb1-fb19ccc55efd|ef4d8393-2486-5d1e-aebf-9d590f8ba204|518393e6-e903-53d2-b4fe-045479c00783|86a4bb05-95b7-5bff-8c30-4811cc07d56e,33a0c9ee86cfff9563420305aa2dc0337a3d89fdd91b7f7730071d42cbfc34be,zenit-simulated-feature-snapshot-v1,simulated,False,False,False,False
c48de24f-5beb-56c6-bae4-6bde2b504a08,00cb94fd-970b-5652-b9e8-aa30d6d12bc3,2026-11-11,SP021,195,100,left,30,12.62,11.74,38.84,33.94,5.52,25.6,51.7,6,N2,within,development_rehearsal,9edcf7b0-a96e-5793-a05b-b28e9f0d8aa8|14182a4e-e9ba-5627-82f8-5b010c359e20|1604acf6-5baf-53f1-bc4e-0caf0b0074a4|016550af-27f6-5e24-9bf0-55a61a7a0bf3|866e54ff-900a-50f6-be13-9cf41d28eaca|654041f2-236e-52c9-898a-4d106d6bc849|a362c452-0ebc-5f83-a914-4f57815fec5d|4ef54d4b-0b34-5207-88dd-9d13433c7e8a|0dcc808c-76db-5d5c-8b01-bcb5c09d4ec8|2a12c5ad-b744-5dc9-907b-dfec5c798505|97f52a9c-585e-5525-bd62-52b51f76ebb2|e0b81a3d-63ca-5c67-a53c-fc679cfd0144|bde71624-806e-56e4-9f65-7bfc5d133b19|46cfad32-8216-545d-88d4-d967b052f85b|f8d93b38-72a4-53dc-bcc9-504e7e61b3ee,5e557b9edbb94c221cec7ba50a23afdad4b14eb85b0bdf795a399c9384ec73d6,zenit-simulated-feature-snapshot-v1,simulated,False,False,False,False
3e1609b4-c10b-5f79-8eb3-dba82fc6a9b4,4721c12b-0a1b-5b6a-9fb3-cb0b40d23bfb,2026-11-11,SP021,195,100,median,30,30.3,29.52,25.28,20.85,5.02,22.5,44.3,32,N3,exceeds,development_rehearsal,83bc7d99-f47b-5e8c-ab66-8e433c2ef9aa|5ede0579-3169-52ab-9641-040d91c943e6|465d62e8-ed4b-5a2d-8cfc-a4680862274b|ff1f2901-7221-5e28-859d-0f881ef63f5d|973d4af6-6493-5fab-bee8-2e312b7c9ace|99f5169d-3253-5095-877e-20fa31a57779|142f0f51-aeb8-5fb2-821c-837a4fcd11da|62bb904e-2ce9-53ce-904d-e273a4356a28|8d3ee863-a075-5879-8fca-93d7cc484ba4|5f449f92-e9f3-5db4-99d3-e92e30855441|5ce4ab4c-4476-538a-859b-ccdb406f61db|f27c1882-eea4-5636-90a1-a490109f5f58|f28b2a21-38ce-5b80-8d8a-5bfe91cc89a0|600243b6-4ba3-57f0-92b6-af618e71ccc1|a023778b-1758-54a0-bf0f-05b23189cc2c,04fac190d3860651aab50f7dd99232d4253cd80a7791c12f9a5b4d706f072de9,zenit-simulated-feature-snapshot-v1,simulated,False,False,False,False
51b74e61-25ed-5b04-af24-adc55418e789,046003bd-58ac-5aca-8364-c934ce6319c8,2026-11-11,SP021,195,100,right,30,41.9,41.18,35.49,30.36,6.41,42.9,68.5,41,N3,exceeds,development_rehearsal,a24f9cbd-4e3b-50da-83bf-aafe14e7705c|61154988-c1c6-5b36-9e29-53ed5f011852|c952b224-229a-5c9a-9e89-485cd57d898f|b2619c11-1c39-5b69-a8c0-6a81e68f99f3|f65178e0-0c3e-5b18-9c0e-e8974c641e00|2aa845ae-3e7d-5716-8451-a4b2a34248a2|1d81a335-0a77-50f5-8284-eebbd3e507a5|a838511d-7c79-5908-8219-9a069591aa98|6f3a3c78-cc1a-5583-b6f6-b3bd0c599c31|9df6aabe-0910-5258-a43c-cb1932b473cf|3b59232e-d1c4-51d8-bad8-23bafbf609ed|d5788655-583c-5b81-b4fa-ee48fe86359f|8e78471d-0da6-5d0d-85fa-bb913ee031bf|8d64bfb5-bc11-5ca5-9f9b-6735829aa68c|e2f060c8-3941-560c-9406-61aace4a0106,6b9eaa2fcacc5e8871e3c6696a011119b3a22ad23289040933260e1090cd786a,zenit-simulated-feature-snapshot-v1,simulated,False,False,False,False
2bdb2ce1-ffa7-5ec6-89aa-aef23a575059,23232185-5c98-523a-a8a5-d53254b8a0d8,2026-11-11,SP021,195,100,special,10,10.68,10.01,6.82,11.42,3.86,18.7,51.1,10,N2,exceeds,development_rehearsal,fd4fc36b-030f-5986-8f24-aea91f292ba1|9ce61ace-fc6b-5a5e-a6af-a8fb349b22f9|098030b3-9c29-552b-b731-884fc471f460|4ca107aa-7165-5da3-b9e5-0f44d2b37b78|bd502251-7be3-596e-b888-f54c09767646|94d3127d-8a05-5c9e-818d-b607b54ff6c2|89932bd8-2fe2-53ec-ab03-04332fdab569|87fe6d00-5177-508f-89f5-215d2bbfc872|cc66e660-e42b-5d2b-b525-d0dbf98bab23|c19fc47a-c675-571e-81f1-b5891aff92db|91e93804-146c-59f9-bdb1-fb19ccc55efd|ef4d8393-2486-5d1e-aebf-9d590f8ba204|518393e6-e903-53d2-b4fe-045479c00783|86a4bb05-95b7-5bff-8c30-4811cc07d56e|fcade8a7-d11e-5c61-b007-e74d6d57ddef,8da67f7f179738cc787b240c12a18bca85442b07cd603b77b26210e866331d9e,zenit-simulated-feature-snapshot-v1,simulated,False,False,False,False
8b975c7c-581b-579b-a8b5-ff4f3bb89286,00cb94fd-970b-5652-b9e8-aa30d6d12bc3,2026-11-12,SP021,195,100,left,30,13.31,12.62,8.0,34.64,5.31,18.4,48.0,7,N2,within,development_rehearsal,14182a4e-e9ba-5627-82f8-5b010c359e20|1604acf6-5baf-53f1-bc4e-0caf0b0074a4|016550af-27f6-5e24-9bf0-55a61a7a0bf3|866e54ff-900a-50f6-be13-9cf41d28eaca|654041f2-236e-52c9-898a-4d106d6bc849|a362c452-0ebc-5f83-a914-4f57815fec5d|4ef54d4b-0b34-5207-88dd-9d13433c7e8a|0dcc808c-76db-5d5c-8b01-bcb5c09d4ec8|2a12c5ad-b744-5dc9-907b-dfec5c798505|97f52a9c-585e-5525-bd62-52b51f76ebb2|e0b81a3d-63ca-5c67-a53c-fc679cfd0144|bde71624-806e-56e4-9f65-7bfc5d133b19|46cfad32-8216-545d-88d4-d967b052f85b|f8d93b38-72a4-53dc-bcc9-504e7e61b3ee|2af9d8c2-de06-5b08-b5f0-0e5415d14a04,5eac17f7a29bca5efeab19c60dee576f32dda558373b56954d1a76d8ac6396b1,zenit-simulated-feature-snapshot-v1,simulated,False,False,False,False
578e184f-372a-5d6f-b7f6-8c1c9b3b4981,4721c12b-0a1b-5b6a-9fb3-cb0b40d23bfb,2026-11-12,SP021,195,100,median,30,30.77,30.3,26.07,21.28,4.7,20.0,44.3,33,N3,exceeds,development_rehearsal,5ede0579-3169-52ab-9641-040d91c943e6|465d62e8-ed4b-5a2d-8cfc-a4680862274b|ff1f2901-7221-5e28-859d-0f881ef63f5d|973d4af6-6493-5fab-bee8-2e312b7c9ace|99f5169d-3253-5095-877e-20fa31a57779|142f0f51-aeb8-5fb2-821c-837a4fcd11da|62bb904e-2ce9-53ce-904d-e273a4356a28|8d3ee863-a075-5879-8fca-93d7cc484ba4|5f449f92-e9f3-5db4-99d3-e92e30855441|5ce4ab4c-4476-538a-859b-ccdb406f61db|f27c1882-eea4-5636-90a1-a490109f5f58|f28b2a21-38ce-5b80-8d8a-5bfe91cc89a0|600243b6-4ba3-57f0-92b6-af618e71ccc1|a023778b-1758-54a0-bf0f-05b23189cc2c|5bec9607-a278-5900-b9c1-5940a312f1ca,8a1c0e6a8a5733e952c19cded449234a5c140a9c110e243cffd7cebcdfeee8bc,zenit-simulated-feature-snapshot-v1,simulated,False,False,False,False
be0230cf-49c5-5652-bdac-e707a923b5de,046003bd-58ac-5aca-8364-c934ce6319c8,2026-11-12,SP021,195,100,right,30,42.86,41.9,36.51,31.05,6.35,46.8,76.3,42,N3,exceeds,development_rehearsal,61154988-c1c6-5b36-9e29-53ed5f011852|c952b224-229a-5c9a-9e89-485cd57d898f|b2619c11-1c39-5b69-a8c0-6a81e68f99f3|f65178e0-0c3e-5b18-9c0e-e8974c641e00|2aa845ae-3e7d-5716-8451-a4b2a34248a2|1d81a335-0a77-50f5-8284-eebbd3e507a5|a838511d-7c79-5908-8219-9a069591aa98|6f3a3c78-cc1a-5583-b6f6-b3bd0c599c31|9df6aabe-0910-5258-a43c-cb1932b473cf|3b59232e-d1c4-51d8-bad8-23bafbf609ed|d5788655-583c-5b81-b4fa-ee48fe86359f|8e78471d-0da6-5d0d-85fa-bb913ee031bf|8d64bfb5-bc11-5ca5-9f9b-6735829aa68c|e2f060c8-3941-560c-9406-61aace4a0106|14831906-1547-5d24-bae1-aa9080ca1a63,141416aac0ea82e942512d8d3e16e3f814bcc330ab25e6c2055c1106e13f9a96,zenit-simulated-feature-snapshot-v1,simulated,False,False,False,False
69013147-049a-5a89-b84a-8d7e3b5e0a8e,23232185-5c98-523a-a8a5-d53254b8a0d8,2026-11-12,SP021,195,100,special,10,11.01,10.68,7.15,12.09,3.86,18.7,46.7,11,N2,exceeds,development_rehearsal,9ce61ace-fc6b-5a5e-a6af-a8fb349b22f9|098030b3-9c29-552b-b731-884fc471f460|4ca107aa-7165-5da3-b9e5-0f44d2b37b78|bd502251-7be3-596e-b888-f54c09767646|94d3127d-8a05-5c9e-818d-b607b54ff6c2|89932bd8-2fe2-53ec-ab03-04332fdab569|87fe6d00-5177-508f-89f5-215d2bbfc872|cc66e660-e42b-5d2b-b525-d0dbf98bab23|c19fc47a-c675-571e-81f1-b5891aff92db|91e93804-146c-59f9-bdb1-fb19ccc55efd|ef4d8393-2486-5d1e-aebf-9d590f8ba204|518393e6-e903-53d2-b4fe-045479c00783|86a4bb05-95b7-5bff-8c30-4811cc07d56e|fcade8a7-d11e-5c61-b007-e74d6d57ddef|fe691c6f-d128-5ef5-b81b-f8ba8571016e,d81e59a674af0d11b88f2b544b4608d08ca32be78301aab903e646d77f7842be,zenit-simulated-feature-snapshot-v1,simulated,False,False,False,False
b2e0e569-fcf7-53ea-af2d-221a3e9bdd93,00cb94fd-970b-5652-b9e8-aa30d6d12bc3,2026-11-13,SP021,195,100,left,30,13.8,13.31,8.64,35.36,5.16,18.4,40.5,8,N2,within,development_rehearsal,1604acf6-5baf-53f1-bc4e-0caf0b0074a4|016550af-27f6-5e24-9bf0-55a61a7a0bf3|866e54ff-900a-50f6-be13-9cf41d28eaca|654041f2-236e-52c9-898a-4d106d6bc849|a362c452-0ebc-5f83-a914-4f57815fec5d|4ef54d4b-0b34-5207-88dd-9d13433c7e8a|0dcc808c-76db-5d5c-8b01-bcb5c09d4ec8|2a12c5ad-b744-5dc9-907b-dfec5c798505|97f52a9c-585e-5525-bd62-52b51f76ebb2|e0b81a3d-63ca-5c67-a53c-fc679cfd0144|bde71624-806e-56e4-9f65-7bfc5d133b19|46cfad32-8216-545d-88d4-d967b052f85b|f8d93b38-72a4-53dc-bcc9-504e7e61b3ee|2af9d8c2-de06-5b08-b5f0-0e5415d14a04|fc5686e5-717c-5e77-83e7-452e419c7080,f0fda386ed9e4cb9cb82321e0a17887f424436bf52f7d3b5f1313ed8c04e0dff,zenit-simulated-feature-snapshot-v1,simulated,False,False,False,False
fbafea16-0468-54b7-917e-0745dc53804f,4721c12b-0a1b-5b6a-9fb3-cb0b40d23bfb,2026-11-13,SP021,195,100,median,30,31.58,30.77,26.71,22.08,4.87,23.7,48.3,34,N3,exceeds,development_rehearsal,465d62e8-ed4b-5a2d-8cfc-a4680862274b|ff1f2901-7221-5e28-859d-0f881ef63f5d|973d4af6-6493-5fab-bee8-2e312b7c9ace|99f5169d-3253-5095-877e-20fa31a57779|142f0f51-aeb8-5fb2-821c-837a4fcd11da|62bb904e-2ce9-53ce-904d-e273a4356a28|8d3ee863-a075-5879-8fca-93d7cc484ba4|5f449f92-e9f3-5db4-99d3-e92e30855441|5ce4ab4c-4476-538a-859b-ccdb406f61db|f27c1882-eea4-5636-90a1-a490109f5f58|f28b2a21-38ce-5b80-8d8a-5bfe91cc89a0|600243b6-4ba3-57f0-92b6-af618e71ccc1|a023778b-1758-54a0-bf0f-05b23189cc2c|5bec9607-a278-5900-b9c1-5940a312f1ca|9398041c-bb85-5e6a-8ef2-b2ffc43a036b,10a2e43d4ebb5f5381f6ae9d0515f58d6e82a79e4a19dae034797aa12dd78889,zenit-simulated-feature-snapshot-v1,simulated,False,False,False,False
548b2d99-5b6c-56a9-8e59-2197124980a9,046003bd-58ac-5aca-8364-c934ce6319c8,2026-11-13,SP021,195,100,right,30,43.72,42.86,37.44,31.88,6.28,49.2,81.8,43,N3,exceeds,development_rehearsal,c952b224-229a-5c9a-9e89-485cd57d898f|b2619c11-1c39-5b69-a8c0-6a81e68f99f3|f65178e0-0c3e-5b18-9c0e-e8974c641e00|2aa845ae-3e7d-5716-8451-a4b2a34248a2|1d81a335-0a77-50f5-8284-eebbd3e507a5|a838511d-7c79-5908-8219-9a069591aa98|6f3a3c78-cc1a-5583-b6f6-b3bd0c599c31|9df6aabe-0910-5258-a43c-cb1932b473cf|3b59232e-d1c4-51d8-bad8-23bafbf609ed|d5788655-583c-5b81-b4fa-ee48fe86359f|8e78471d-0da6-5d0d-85fa-bb913ee031bf|8d64bfb5-bc11-5ca5-9f9b-6735829aa68c|e2f060c8-3941-560c-9406-61aace4a0106|14831906-1547-5d24-bae1-aa9080ca1a63|7c01417f-0ddd-56ae-9bc0-ad6c281de8d7,0f5cf647a18176507f9b467879dfc28dc788678da70aee1a26328c70add1fa26,zenit-simulated-feature-snapshot-v1,simulated,False,False,False,False
c47cf109-a492-5bea-b114-e5a67553533b,23232185-5c98-523a-a8a5-d53254b8a0d8,2026-11-13,SP021,195,100,special,10,11.57,11.01,7.56,12.57,4.01,18.0,40.4,12,N2,exceeds,development_rehearsal,098030b3-9c29-552b-b731-884fc471f460|4ca107aa-7165-5da3-b9e5-0f44d2b37b78|bd502251-7be3-596e-b888-f54c09767646|94d3127d-8a05-5c9e-818d-b607b54ff6c2|89932bd8-2fe2-53ec-ab03-04332fdab569|87fe6d00-5177-508f-89f5-215d2bbfc872|cc66e660-e42b-5d2b-b525-d0dbf98bab23|c19fc47a-c675-571e-81f1-b5891aff92db|91e93804-146c-59f9-bdb1-fb19ccc55efd|ef4d8393-2486-5d1e-aebf-9d590f8ba204|518393e6-e903-53d2-b4fe-045479c00783|86a4bb05-95b7-5bff-8c30-4811cc07d56e|fcade8a7-d11e-5c61-b007-e74d6d57ddef|fe691c6f-d128-5ef5-b81b-f8ba8571016e|1866dfa2-f2dc-5316-a3e5-f9779d44190f,1a9c7543fc1bd1dbdb2b98e6ca9187699d93e7813ffcbfa2bd0fe32802569756,zenit-simulated-feature-snapshot-v1,simulated,False,False,False,False
15a1d6d6-02cd-54aa-b689-219264bd0453,00cb94fd-970b-5652-b9e8-aa30d6d12bc3,2026-11-14,SP021,195,100,left,30,14.36,13.8,9.41,36.01,4.95,15.2,39.4,9,N2,within,development_rehearsal,016550af-27f6-5e24-9bf0-55a61a7a0bf3|866e54ff-900a-50f6-be13-9cf41d28eaca|654041f2-236e-52c9-898a-4d106d6bc849|a362c452-0ebc-5f83-a914-4f57815fec5d|4ef54d4b-0b34-5207-88dd-9d13433c7e8a|0dcc808c-76db-5d5c-8b01-bcb5c09d4ec8|2a12c5ad-b744-5dc9-907b-dfec5c798505|97f52a9c-585e-5525-bd62-52b51f76ebb2|e0b81a3d-63ca-5c67-a53c-fc679cfd0144|bde71624-806e-56e4-9f65-7bfc5d133b19|46cfad32-8216-545d-88d4-d967b052f85b|f8d93b38-72a4-53dc-bcc9-504e7e61b3ee|2af9d8c2-de06-5b08-b5f0-0e5415d14a04|fc5686e5-717c-5e77-83e7-452e419c7080|5bb71c60-3b46-57ac-aa09-7770f848c439,5284127d8dcb393815e09f159e7ca7c0eb5aaaa7a7e78571af8399bf0687aa13,zenit-simulated-feature-snapshot-v1,simulated,False,False,False,False
c1dfeb98-3825-5dae-ae93-b5b5fa8fffb6,4721c12b-0a1b-5b6a-9fb3-cb0b40d23bfb,2026-11-14,SP021,195,100,median,30,32.18,31.58,27.25,22.63,4.93,22.1,49.3,35,N3,exceeds,development_rehearsal,ff1f2901-7221-5e28-859d-0f881ef63f5d|973d4af6-6493-5fab-bee8-2e312b7c9ace|99f5169d-3253-5095-877e-20fa31a57779|142f0f51-aeb8-5fb2-821c-837a4fcd11da|62bb904e-2ce9-53ce-904d-e273a4356a28|8d3ee863-a075-5879-8fca-93d7cc484ba4|5f449f92-e9f3-5db4-99d3-e92e30855441|5ce4ab4c-4476-538a-859b-ccdb406f61db|f27c1882-eea4-5636-90a1-a490109f5f58|f28b2a21-38ce-5b80-8d8a-5bfe91cc89a0|600243b6-4ba3-57f0-92b6-af618e71ccc1|a023778b-1758-54a0-bf0f-05b23189cc2c|5bec9607-a278-5900-b9c1-5940a312f1ca|9398041c-bb85-5e6a-8ef2-b2ffc43a036b|222cef60-9dbe-5562-96b7-bfc6937f4dcc,14276613d6cd3c74db471b42c8324ed10d295d67ba712e74ad4fb5e34e5b1f43,zenit-simulated-feature-snapshot-v1,simulated,False,False,False,False
74a0afeb-9f96-5f0b-9977-65512607e95f,046003bd-58ac-5aca-8364-c934ce6319c8,2026-11-14,SP021,195,100,right,30,44.39,43.72,38.33,32.48,6.06,48.0,84.2,44,N3,exceeds,development_rehearsal,b2619c11-1c39-5b69-a8c0-6a81e68f99f3|f65178e0-0c3e-5b18-9c0e-e8974c641e00|2aa845ae-3e7d-5716-8451-a4b2a34248a2|1d81a335-0a77-50f5-8284-eebbd3e507a5|a838511d-7c79-5908-8219-9a069591aa98|6f3a3c78-cc1a-5583-b6f6-b3bd0c599c31|9df6aabe-0910-5258-a43c-cb1932b473cf|3b59232e-d1c4-51d8-bad8-23bafbf609ed|d5788655-583c-5b81-b4fa-ee48fe86359f|8e78471d-0da6-5d0d-85fa-bb913ee031bf|8d64bfb5-bc11-5ca5-9f9b-6735829aa68c|e2f060c8-3941-560c-9406-61aace4a0106|14831906-1547-5d24-bae1-aa9080ca1a63|7c01417f-0ddd-56ae-9bc0-ad6c281de8d7|3a4d529c-c11e-5cd8-b302-8011eb722c5d,58e5b10423e6f007e563a767f1016de08eb9a47504cab8464b430faf2044dba1,zenit-simulated-feature-snapshot-v1,simulated,False,False,False,False
56f52944-8432-5db3-ad73-91201097f09e,23232185-5c98-523a-a8a5-d53254b8a0d8,2026-11-14,SP021,195,100,special,10,12.17,11.57,8.22,13.05,3.95,11.5,41.7,13,N2,exceeds,development_rehearsal,4ca107aa-7165-5da3-b9e5-0f44d2b37b78|bd502251-7be3-596e-b888-f54c09767646|94d3127d-8a05-5c9e-818d-b607b54ff6c2|89932bd8-2fe2-53ec-ab03-04332fdab569|87fe6d00-5177-508f-89f5-215d2bbfc872|cc66e660-e42b-5d2b-b525-d0dbf98bab23|c19fc47a-c675-571e-81f1-b5891aff92db|91e93804-146c-59f9-bdb1-fb19ccc55efd|ef4d8393-2486-5d1e-aebf-9d590f8ba204|518393e6-e903-53d2-b4fe-045479c00783|86a4bb05-95b7-5bff-8c30-4811cc07d56e|fcade8a7-d11e-5c61-b007-e74d6d57ddef|fe691c6f-d128-5ef5-b81b-f8ba8571016e|1866dfa2-f2dc-5316-a3e5-f9779d44190f|4834a9b3-175e-578f-b88f-06030a9775b8,6edcd801bab4999469849400a450171a49dbef2c9ff6fb12c2037126ea17a8ca,zenit-simulated-feature-snapshot-v1,simulated,False,False,False,False
a901f2fa-f566-55f7-8dc8-ffb5ddecab9b,00cb94fd-970b-5652-b9e8-aa30d6d12bc3,2026-11-15,SP021,195,100,left,30,15.26,14.36,10.28,36.89,4.98,17.3,40.8,10,N2,within,development_rehearsal,866e54ff-900a-50f6-be13-9cf41d28eaca|654041f2-236e-52c9-898a-4d106d6bc849|a362c452-0ebc-5f83-a914-4f57815fec5d|4ef54d4b-0b34-5207-88dd-9d13433c7e8a|0dcc808c-76db-5d5c-8b01-bcb5c09d4ec8|2a12c5ad-b744-5dc9-907b-dfec5c798505|97f52a9c-585e-5525-bd62-52b51f76ebb2|e0b81a3d-63ca-5c67-a53c-fc679cfd0144|bde71624-806e-56e4-9f65-7bfc5d133b19|46cfad32-8216-545d-88d4-d967b052f85b|f8d93b38-72a4-53dc-bcc9-504e7e61b3ee|2af9d8c2-de06-5b08-b5f0-0e5415d14a04|fc5686e5-717c-5e77-83e7-452e419c7080|5bb71c60-3b46-57ac-aa09-7770f848c439|09080c17-2d02-50de-ad83-34fc1c4d3bdb,3eb74bc0f0b65eb6f24132961da1c79defcb746df1c787e6a9f895f032159522,zenit-simulated-feature-snapshot-v1,simulated,False,False,False,False
617989f2-7e7a-5ad7-8350-b3d28b749379,4721c12b-0a1b-5b6a-9fb3-cb0b40d23bfb,2026-11-15,SP021,195,100,median,30,32.92,32.18,27.94,23.2,4.98,24.5,46.2,36,N3,exceeds,development_rehearsal,973d4af6-6493-5fab-bee8-2e312b7c9ace|99f5169d-3253-5095-877e-20fa31a57779|142f0f51-aeb8-5fb2-821c-837a4fcd11da|62bb904e-2ce9-53ce-904d-e273a4356a28|8d3ee863-a075-5879-8fca-93d7cc484ba4|5f449f92-e9f3-5db4-99d3-e92e30855441|5ce4ab4c-4476-538a-859b-ccdb406f61db|f27c1882-eea4-5636-90a1-a490109f5f58|f28b2a21-38ce-5b80-8d8a-5bfe91cc89a0|600243b6-4ba3-57f0-92b6-af618e71ccc1|a023778b-1758-54a0-bf0f-05b23189cc2c|5bec9607-a278-5900-b9c1-5940a312f1ca|9398041c-bb85-5e6a-8ef2-b2ffc43a036b|222cef60-9dbe-5562-96b7-bfc6937f4dcc|77d97e74-4fa9-5ab1-b9a0-7d419d1747b9,ae6dd269fee632acb6b6d42f9f461313cb9e846fd323cba3dfe2eb256484b703,zenit-simulated-feature-snapshot-v1,simulated,False,False,False,False
b0cbbc8b-09df-5a9b-8ba6-3722e428c6c7,046003bd-58ac-5aca-8364-c934ce6319c8,2026-11-15,SP021,195,100,right,30,8.0,44.39,39.36,33.21,5.82,41.6,81.8,0,N1,within,development_rehearsal,f65178e0-0c3e-5b18-9c0e-e8974c641e00|2aa845ae-3e7d-5716-8451-a4b2a34248a2|1d81a335-0a77-50f5-8284-eebbd3e507a5|a838511d-7c79-5908-8219-9a069591aa98|6f3a3c78-cc1a-5583-b6f6-b3bd0c599c31|9df6aabe-0910-5258-a43c-cb1932b473cf|3b59232e-d1c4-51d8-bad8-23bafbf609ed|d5788655-583c-5b81-b4fa-ee48fe86359f|8e78471d-0da6-5d0d-85fa-bb913ee031bf|8d64bfb5-bc11-5ca5-9f9b-6735829aa68c|e2f060c8-3941-560c-9406-61aace4a0106|14831906-1547-5d24-bae1-aa9080ca1a63|7c01417f-0ddd-56ae-9bc0-ad6c281de8d7|3a4d529c-c11e-5cd8-b302-8011eb722c5d|59a6c51c-9c54-5bc4-a388-ace1e88e2d5d,8bc9063dffb1b8783402ffe9f23de24671146519a777c934504355f042ab364e,zenit-simulated-feature-snapshot-v1,simulated,False,False,False,False
6d4b3401-c9e0-5dde-9778-9906105e8d3b,23232185-5c98-523a-a8a5-d53254b8a0d8,2026-11-15,SP021,195,100,special,10,5.0,12.17,8.86,5.0,3.84,15.0,36.0,0,N1,within,development_rehearsal,bd502251-7be3-596e-b888-f54c09767646|94d3127d-8a05-5c9e-818d-b607b54ff6c2|89932bd8-2fe2-53ec-ab03-04332fdab569|87fe6d00-5177-508f-89f5-215d2bbfc872|cc66e660-e42b-5d2b-b525-d0dbf98bab23|c19fc47a-c675-571e-81f1-b5891aff92db|91e93804-146c-59f9-bdb1-fb19ccc55efd|ef4d8393-2486-5d1e-aebf-9d590f8ba204|518393e6-e903-53d2-b4fe-045479c00783|86a4bb05-95b7-5bff-8c30-4811cc07d56e|fcade8a7-d11e-5c61-b007-e74d6d57ddef|fe691c6f-d128-5ef5-b81b-f8ba8571016e|1866dfa2-f2dc-5316-a3e5-f9779d44190f|4834a9b3-175e-578f-b88f-06030a9775b8|570e0e35-be10-58df-9d61-97f40cb9a19f,0d24f17c417dac6e846c259b8b2cddc2221d70d4895c08607450faa38d5e1edc,zenit-simulated-feature-snapshot-v1,simulated,False,False,False,False
5b3876ae-da8c-5037-a989-a3a22564704f,00cb94fd-970b-5652-b9e8-aa30d6d12bc3,2026-11-16,SP021,195,100,left,30,16.01,15.26,10.91,37.57,5.1,18.4,40.7,11,N2,within,development_rehearsal,654041f2-236e-52c9-898a-4d106d6bc849|a362c452-0ebc-5f83-a914-4f57815fec5d|4ef54d4b-0b34-5207-88dd-9d13433c7e8a|0dcc808c-76db-5d5c-8b01-bcb5c09d4ec8|2a12c5ad-b744-5dc9-907b-dfec5c798505|97f52a9c-585e-5525-bd62-52b51f76ebb2|e0b81a3d-63ca-5c67-a53c-fc679cfd0144|bde71624-806e-56e4-9f65-7bfc5d133b19|46cfad32-8216-545d-88d4-d967b052f85b|f8d93b38-72a4-53dc-bcc9-504e7e61b3ee|2af9d8c2-de06-5b08-b5f0-0e5415d14a04|fc5686e5-717c-5e77-83e7-452e419c7080|5bb71c60-3b46-57ac-aa09-7770f848c439|09080c17-2d02-50de-ad83-34fc1c4d3bdb|adae9117-6b07-52d5-a601-888a93c9a7dc,60ed42693683ae58c803d89c571a611e2dff2329ee655396e2d17aebde52c5d7,zenit-simulated-feature-snapshot-v1,simulated,False,False,False,False
9faf5787-d30a-5be5-ac3b-de7c67de3d35,4721c12b-0a1b-5b6a-9fb3-cb0b40d23bfb,2026-11-16,SP021,195,100,median,30,33.74,32.92,28.76,23.83,4.98,19.1,44.5,37,N3,exceeds,development_rehearsal,99f5169d-3253-5095-877e-20fa31a57779|142f0f51-aeb8-5fb2-821c-837a4fcd11da|62bb904e-2ce9-53ce-904d-e273a4356a28|8d3ee863-a075-5879-8fca-93d7cc484ba4|5f449f92-e9f3-5db4-99d3-e92e30855441|5ce4ab4c-4476-538a-859b-ccdb406f61db|f27c1882-eea4-5636-90a1-a490109f5f58|f28b2a21-38ce-5b80-8d8a-5bfe91cc89a0|600243b6-4ba3-57f0-92b6-af618e71ccc1|a023778b-1758-54a0-bf0f-05b23189cc2c|5bec9607-a278-5900-b9c1-5940a312f1ca|9398041c-bb85-5e6a-8ef2-b2ffc43a036b|222cef60-9dbe-5562-96b7-bfc6937f4dcc|77d97e74-4fa9-5ab1-b9a0-7d419d1747b9|8f14a3e8-3ee8-5e40-89ef-5e5107f412a0,758d9518d3c874bdd29f32a42e39b4daec5641814e77b4027e2e3e1dd6a4d719,zenit-simulated-feature-snapshot-v1,simulated,False,False,False,False
0b97b9fc-26d2-5350-88ba-337333686050,046003bd-58ac-5aca-8364-c934ce6319c8,2026-11-16,SP021,195,100,right,30,9.06,8.0,40.13,33.89,6.11,43.1,89.1,1,N1,within,development_rehearsal,2aa845ae-3e7d-5716-8451-a4b2a34248a2|1d81a335-0a77-50f5-8284-eebbd3e507a5|a838511d-7c79-5908-8219-9a069591aa98|6f3a3c78-cc1a-5583-b6f6-b3bd0c599c31|9df6aabe-0910-5258-a43c-cb1932b473cf|3b59232e-d1c4-51d8-bad8-23bafbf609ed|d5788655-583c-5b81-b4fa-ee48fe86359f|8e78471d-0da6-5d0d-85fa-bb913ee031bf|8d64bfb5-bc11-5ca5-9f9b-6735829aa68c|e2f060c8-3941-560c-9406-61aace4a0106|14831906-1547-5d24-bae1-aa9080ca1a63|7c01417f-0ddd-56ae-9bc0-ad6c281de8d7|3a4d529c-c11e-5cd8-b302-8011eb722c5d|59a6c51c-9c54-5bc4-a388-ace1e88e2d5d|b77953ca-d860-5844-bb5b-71d26396780b,75bcce0cd27c59897cd99184c8e718f188c17d6d7f3cde2235f8aea05767d998,zenit-simulated-feature-snapshot-v1,simulated,False,False,False,False
8a6a39fc-a72f-53e5-a3e8-f2897dad9270,23232185-5c98-523a-a8a5-d53254b8a0d8,2026-11-16,SP021,195,100,special,10,5.81,5.0,9.46,5.48,4.05,25.4,46.8,1,N1,within,development_rehearsal,94d3127d-8a05-5c9e-818d-b607b54ff6c2|89932bd8-2fe2-53ec-ab03-04332fdab569|87fe6d00-5177-508f-89f5-215d2bbfc872|cc66e660-e42b-5d2b-b525-d0dbf98bab23|c19fc47a-c675-571e-81f1-b5891aff92db|91e93804-146c-59f9-bdb1-fb19ccc55efd|ef4d8393-2486-5d1e-aebf-9d590f8ba204|518393e6-e903-53d2-b4fe-045479c00783|86a4bb05-95b7-5bff-8c30-4811cc07d56e|fcade8a7-d11e-5c61-b007-e74d6d57ddef|fe691c6f-d128-5ef5-b81b-f8ba8571016e|1866dfa2-f2dc-5316-a3e5-f9779d44190f|4834a9b3-175e-578f-b88f-06030a9775b8|570e0e35-be10-58df-9d61-97f40cb9a19f|4c1a9ff4-9911-5052-9eed-4bd87f350b51,1ae12ad955d5b9b0ed8f504786d5213e8f70c2f28a19cd482bc7675e373cca7b,zenit-simulated-feature-snapshot-v1,simulated,False,False,False,False
e0a54a41-5ecb-54d8-bca7-3e2bd51d0d5f,00cb94fd-970b-5652-b9e8-aa30d6d12bc3,2026-11-17,SP021,195,100,left,30,16.61,16.01,11.74,38.22,4.87,15.3,37.6,12,N2,within,development_rehearsal,a362c452-0ebc-5f83-a914-4f57815fec5d|4ef54d4b-0b34-5207-88dd-9d13433c7e8a|0dcc808c-76db-5d5c-8b01-bcb5c09d4ec8|2a12c5ad-b744-5dc9-907b-dfec5c798505|97f52a9c-585e-5525-bd62-52b51f76ebb2|e0b81a3d-63ca-5c67-a53c-fc679cfd0144|bde71624-806e-56e4-9f65-7bfc5d133b19|46cfad32-8216-545d-88d4-d967b052f85b|f8d93b38-72a4-53dc-bcc9-504e7e61b3ee|2af9d8c2-de06-5b08-b5f0-0e5415d14a04|fc5686e5-717c-5e77-83e7-452e419c7080|5bb71c60-3b46-57ac-aa09-7770f848c439|09080c17-2d02-50de-ad83-34fc1c4d3bdb|adae9117-6b07-52d5-a601-888a93c9a7dc|972fd689-f7f8-545a-8252-c9b1d2a7ac17,7ad152bdce963b36beac49c5b3cb92355eb045ccd5970d3b6b8dd5fc329ec19e,zenit-simulated-feature-snapshot-v1,simulated,False,False,False,False
ce40c8de-4879-5dd9-a5a8-9c24272f4617,4721c12b-0a1b-5b6a-9fb3-cb0b40d23bfb,2026-11-17,SP021,195,100,median,30,34.39,33.74,29.52,24.54,4.87,20.3,42.5,38,N3,exceeds,development_rehearsal,142f0f51-aeb8-5fb2-821c-837a4fcd11da|62bb904e-2ce9-53ce-904d-e273a4356a28|8d3ee863-a075-5879-8fca-93d7cc484ba4|5f449f92-e9f3-5db4-99d3-e92e30855441|5ce4ab4c-4476-538a-859b-ccdb406f61db|f27c1882-eea4-5636-90a1-a490109f5f58|f28b2a21-38ce-5b80-8d8a-5bfe91cc89a0|600243b6-4ba3-57f0-92b6-af618e71ccc1|a023778b-1758-54a0-bf0f-05b23189cc2c|5bec9607-a278-5900-b9c1-5940a312f1ca|9398041c-bb85-5e6a-8ef2-b2ffc43a036b|222cef60-9dbe-5562-96b7-bfc6937f4dcc|77d97e74-4fa9-5ab1-b9a0-7d419d1747b9|8f14a3e8-3ee8-5e40-89ef-5e5107f412a0|d67f30ae-01d4-500d-a3de-af0c8c9230a5,20399dd51890d905798ab48f754829b3cdfd35e09fb121b0682d6d09c9a00d77,zenit-simulated-feature-snapshot-v1,simulated,False,False,False,False
e0b63447-f108-5ce2-b62e-0eb37cb79819,046003bd-58ac-5aca-8364-c934ce6319c8,2026-11-17,SP021,195,100,right,30,9.95,9.06,41.18,34.65,5.95,35.7,83.2,2,N1,within,development_rehearsal,1d81a335-0a77-50f5-8284-eebbd3e507a5|a838511d-7c79-5908-8219-9a069591aa98|6f3a3c78-cc1a-5583-b6f6-b3bd0c599c31|9df6aabe-0910-5258-a43c-cb1932b473cf|3b59232e-d1c4-51d8-bad8-23bafbf609ed|d5788655-583c-5b81-b4fa-ee48fe86359f|8e78471d-0da6-5d0d-85fa-bb913ee031bf|8d64bfb5-bc11-5ca5-9f9b-6735829aa68c|e2f060c8-3941-560c-9406-61aace4a0106|14831906-1547-5d24-bae1-aa9080ca1a63|7c01417f-0ddd-56ae-9bc0-ad6c281de8d7|3a4d529c-c11e-5cd8-b302-8011eb722c5d|59a6c51c-9c54-5bc4-a388-ace1e88e2d5d|b77953ca-d860-5844-bb5b-71d26396780b|114dc9cb-e218-5713-a55e-477b1dd0d574,ef2b9b30d71f4ea60dfc8fb266a90c0eef438b8aec240e8fff6176d5b3acaa3c,zenit-simulated-feature-snapshot-v1,simulated,False,False,False,False
a108863d-ba72-5958-8c44-cc54e5aceb2f,23232185-5c98-523a-a8a5-d53254b8a0d8,2026-11-17,SP021,195,100,special,10,6.32,5.81,10.01,6.18,4.01,27.5,45.1,2,N1,within,development_rehearsal,89932bd8-2fe2-53ec-ab03-04332fdab569|87fe6d00-5177-508f-89f5-215d2bbfc872|cc66e660-e42b-5d2b-b525-d0dbf98bab23|c19fc47a-c675-571e-81f1-b5891aff92db|91e93804-146c-59f9-bdb1-fb19ccc55efd|ef4d8393-2486-5d1e-aebf-9d590f8ba204|518393e6-e903-53d2-b4fe-045479c00783|86a4bb05-95b7-5bff-8c30-4811cc07d56e|fcade8a7-d11e-5c61-b007-e74d6d57ddef|fe691c6f-d128-5ef5-b81b-f8ba8571016e|1866dfa2-f2dc-5316-a3e5-f9779d44190f|4834a9b3-175e-578f-b88f-06030a9775b8|570e0e35-be10-58df-9d61-97f40cb9a19f|4c1a9ff4-9911-5052-9eed-4bd87f350b51|c168518f-d625-541c-8928-3e2936f6484b,943409dc0fd3b263b72b9838ac583c40896e5c83cec55d3019f7b01799409940,zenit-simulated-feature-snapshot-v1,simulated,False,False,False,False
77c52165-333d-55f1-b526-6e40f054f11d,00cb94fd-970b-5652-b9e8-aa30d6d12bc3,2026-11-18,SP021,195,100,left,30,17.18,16.61,12.62,38.84,4.56,13.9,39.5,13,N2,within,development_rehearsal,4ef54d4b-0b34-5207-88dd-9d13433c7e8a|0dcc808c-76db-5d5c-8b01-bcb5c09d4ec8|2a12c5ad-b744-5dc9-907b-dfec5c798505|97f52a9c-585e-5525-bd62-52b51f76ebb2|e0b81a3d-63ca-5c67-a53c-fc679cfd0144|bde71624-806e-56e4-9f65-7bfc5d133b19|46cfad32-8216-545d-88d4-d967b052f85b|f8d93b38-72a4-53dc-bcc9-504e7e61b3ee|2af9d8c2-de06-5b08-b5f0-0e5415d14a04|fc5686e5-717c-5e77-83e7-452e419c7080|5bb71c60-3b46-57ac-aa09-7770f848c439|09080c17-2d02-50de-ad83-34fc1c4d3bdb|adae9117-6b07-52d5-a601-888a93c9a7dc|972fd689-f7f8-545a-8252-c9b1d2a7ac17|e4dd2e6f-ca90-5022-8b2d-d533e7b54330,6fc0680393aac488927754b1f3b6c2f962c61c83068c460c304cda6fdd1689cc,zenit-simulated-feature-snapshot-v1,simulated,False,False,False,False
815719c8-1579-5786-9821-9a7a005f822a,4721c12b-0a1b-5b6a-9fb3-cb0b40d23bfb,2026-11-18,SP021,195,100,median,30,34.97,34.39,30.3,25.28,4.67,18.6,41.1,39,N3,exceeds,development_rehearsal,62bb904e-2ce9-53ce-904d-e273a4356a28|8d3ee863-a075-5879-8fca-93d7cc484ba4|5f449f92-e9f3-5db4-99d3-e92e30855441|5ce4ab4c-4476-538a-859b-ccdb406f61db|f27c1882-eea4-5636-90a1-a490109f5f58|f28b2a21-38ce-5b80-8d8a-5bfe91cc89a0|600243b6-4ba3-57f0-92b6-af618e71ccc1|a023778b-1758-54a0-bf0f-05b23189cc2c|5bec9607-a278-5900-b9c1-5940a312f1ca|9398041c-bb85-5e6a-8ef2-b2ffc43a036b|222cef60-9dbe-5562-96b7-bfc6937f4dcc|77d97e74-4fa9-5ab1-b9a0-7d419d1747b9|8f14a3e8-3ee8-5e40-89ef-5e5107f412a0|d67f30ae-01d4-500d-a3de-af0c8c9230a5|447f48bb-3547-5ca8-ba0e-7a6b43cec366,58803e3244b295adbb67a8e90e5ceaaeeca916a5826b38ad7d32476344bff49c,zenit-simulated-feature-snapshot-v1,simulated,False,False,False,False
bbc4dbb0-c5e5-5621-9c72-0d36b25990e4,046003bd-58ac-5aca-8364-c934ce6319c8,2026-11-18,SP021,195,100,right,30,10.76,9.95,41.9,35.49,6.04,34.0,76.9,3,N2,within,development_rehearsal,a838511d-7c79-5908-8219-9a069591aa98|6f3a3c78-cc1a-5583-b6f6-b3bd0c599c31|9df6aabe-0910-5258-a43c-cb1932b473cf|3b59232e-d1c4-51d8-bad8-23bafbf609ed|d5788655-583c-5b81-b4fa-ee48fe86359f|8e78471d-0da6-5d0d-85fa-bb913ee031bf|8d64bfb5-bc11-5ca5-9f9b-6735829aa68c|e2f060c8-3941-560c-9406-61aace4a0106|14831906-1547-5d24-bae1-aa9080ca1a63|7c01417f-0ddd-56ae-9bc0-ad6c281de8d7|3a4d529c-c11e-5cd8-b302-8011eb722c5d|59a6c51c-9c54-5bc4-a388-ace1e88e2d5d|b77953ca-d860-5844-bb5b-71d26396780b|114dc9cb-e218-5713-a55e-477b1dd0d574|d1a73a60-ebb1-5a8b-a025-d473623daa10,f551d2ecaae9fd85a47a6b2218e16f1ea2ed65ef82231e62247c2090cf9ec900,zenit-simulated-feature-snapshot-v1,simulated,False,False,False,False
77b40e4f-d6d3-53ae-a136-ab02921996f1,23232185-5c98-523a-a8a5-d53254b8a0d8,2026-11-18,SP021,195,100,special,10,6.72,6.32,10.68,6.82,3.74,20.9,39.6,3,N1,within,development_rehearsal,87fe6d00-5177-508f-89f5-215d2bbfc872|cc66e660-e42b-5d2b-b525-d0dbf98bab23|c19fc47a-c675-571e-81f1-b5891aff92db|91e93804-146c-59f9-bdb1-fb19ccc55efd|ef4d8393-2486-5d1e-aebf-9d590f8ba204|518393e6-e903-53d2-b4fe-045479c00783|86a4bb05-95b7-5bff-8c30-4811cc07d56e|fcade8a7-d11e-5c61-b007-e74d6d57ddef|fe691c6f-d128-5ef5-b81b-f8ba8571016e|1866dfa2-f2dc-5316-a3e5-f9779d44190f|4834a9b3-175e-578f-b88f-06030a9775b8|570e0e35-be10-58df-9d61-97f40cb9a19f|4c1a9ff4-9911-5052-9eed-4bd87f350b51|c168518f-d625-541c-8928-3e2936f6484b|933098d2-e25f-549f-b10d-28f0d3a78b88,096cdf3a1fa346f891204675615514d8522bfae771baa7a4cd628cb00c3d00a7,zenit-simulated-feature-snapshot-v1,simulated,False,False,False,False
ba8040c2-c48e-520b-876e-a118178727ff,00cb94fd-970b-5652-b9e8-aa30d6d12bc3,2026-11-19,SP021,195,100,left,30,17.94,17.18,13.31,8.0,4.63,19.5,37.9,14,N2,within,development_rehearsal,0dcc808c-76db-5d5c-8b01-bcb5c09d4ec8|2a12c5ad-b744-5dc9-907b-dfec5c798505|97f52a9c-585e-5525-bd62-52b51f76ebb2|e0b81a3d-63ca-5c67-a53c-fc679cfd0144|bde71624-806e-56e4-9f65-7bfc5d133b19|46cfad32-8216-545d-88d4-d967b052f85b|f8d93b38-72a4-53dc-bcc9-504e7e61b3ee|2af9d8c2-de06-5b08-b5f0-0e5415d14a04|fc5686e5-717c-5e77-83e7-452e419c7080|5bb71c60-3b46-57ac-aa09-7770f848c439|09080c17-2d02-50de-ad83-34fc1c4d3bdb|adae9117-6b07-52d5-a601-888a93c9a7dc|972fd689-f7f8-545a-8252-c9b1d2a7ac17|e4dd2e6f-ca90-5022-8b2d-d533e7b54330|e01b9897-610b-5c95-b526-06a2b28a0a29,e1d669b684c422939fd444d7e7eca32f09b67221d149e338a8e7f40f32ba6c4a,zenit-simulated-feature-snapshot-v1,simulated,False,False,False,False
5c8e0b85-9701-5550-a219-c821185d4b65,4721c12b-0a1b-5b6a-9fb3-cb0b40d23bfb,2026-11-19,SP021,195,100,median,30,35.67,34.97,30.77,26.07,4.9,25.5,45.5,40,N3,exceeds,development_rehearsal,8d3ee863-a075-5879-8fca-93d7cc484ba4|5f449f92-e9f3-5db4-99d3-e92e30855441|5ce4ab4c-4476-538a-859b-ccdb406f61db|f27c1882-eea4-5636-90a1-a490109f5f58|f28b2a21-38ce-5b80-8d8a-5bfe91cc89a0|600243b6-4ba3-57f0-92b6-af618e71ccc1|a023778b-1758-54a0-bf0f-05b23189cc2c|5bec9607-a278-5900-b9c1-5940a312f1ca|9398041c-bb85-5e6a-8ef2-b2ffc43a036b|222cef60-9dbe-5562-96b7-bfc6937f4dcc|77d97e74-4fa9-5ab1-b9a0-7d419d1747b9|8f14a3e8-3ee8-5e40-89ef-5e5107f412a0|d67f30ae-01d4-500d-a3de-af0c8c9230a5|447f48bb-3547-5ca8-ba0e-7a6b43cec366|4026034b-6804-583b-beab-ca9b5b8a8004,47366535a46f7ac9ca25bb30b47549c9a257e54ecd6916bd18315b68db1ed9dd,zenit-simulated-feature-snapshot-v1,simulated,False,False,False,False
024807c2-e073-53df-bb9a-f3976f93d799,046003bd-58ac-5aca-8364-c934ce6319c8,2026-11-19,SP021,195,100,right,30,11.57,10.76,42.86,36.51,5.89,21.7,68.5,4,N2,within,development_rehearsal,6f3a3c78-cc1a-5583-b6f6-b3bd0c599c31|9df6aabe-0910-5258-a43c-cb1932b473cf|3b59232e-d1c4-51d8-bad8-23bafbf609ed|d5788655-583c-5b81-b4fa-ee48fe86359f|8e78471d-0da6-5d0d-85fa-bb913ee031bf|8d64bfb5-bc11-5ca5-9f9b-6735829aa68c|e2f060c8-3941-560c-9406-61aace4a0106|14831906-1547-5d24-bae1-aa9080ca1a63|7c01417f-0ddd-56ae-9bc0-ad6c281de8d7|3a4d529c-c11e-5cd8-b302-8011eb722c5d|59a6c51c-9c54-5bc4-a388-ace1e88e2d5d|b77953ca-d860-5844-bb5b-71d26396780b|114dc9cb-e218-5713-a55e-477b1dd0d574|d1a73a60-ebb1-5a8b-a025-d473623daa10|93e243ca-7d9c-52ee-84e6-7c99080221a0,7afe44b925aada6d3e6e9a08f8500f022712e45662959d7e8c5420b4b8eda2ec,zenit-simulated-feature-snapshot-v1,simulated,False,False,False,False
997dbbd4-5e9d-5838-a3cc-64715243a64b,23232185-5c98-523a-a8a5-d53254b8a0d8,2026-11-19,SP021,195,100,special,10,7.14,6.72,11.01,7.15,3.83,20.9,39.6,4,N1,within,development_rehearsal,cc66e660-e42b-5d2b-b525-d0dbf98bab23|c19fc47a-c675-571e-81f1-b5891aff92db|91e93804-146c-59f9-bdb1-fb19ccc55efd|ef4d8393-2486-5d1e-aebf-9d590f8ba204|518393e6-e903-53d2-b4fe-045479c00783|86a4bb05-95b7-5bff-8c30-4811cc07d56e|fcade8a7-d11e-5c61-b007-e74d6d57ddef|fe691c6f-d128-5ef5-b81b-f8ba8571016e|1866dfa2-f2dc-5316-a3e5-f9779d44190f|4834a9b3-175e-578f-b88f-06030a9775b8|570e0e35-be10-58df-9d61-97f40cb9a19f|4c1a9ff4-9911-5052-9eed-4bd87f350b51|c168518f-d625-541c-8928-3e2936f6484b|933098d2-e25f-549f-b10d-28f0d3a78b88|b821de51-e0b8-539b-8622-70ae641cb071,bc597f4cd14b8b818ed99a7d58eb5e2e68c790d7a9da9c06478e540ce0d66d30,zenit-simulated-feature-snapshot-v1,simulated,False,False,False,False
23e8de83-3c5c-5446-8b3f-65a2ad459642,00cb94fd-970b-5652-b9e8-aa30d6d12bc3,2026-11-20,SP021,195,100,left,30,18.55,17.94,13.8,8.64,4.75,19.5,37.9,15,N2,within,development_rehearsal,2a12c5ad-b744-5dc9-907b-dfec5c798505|97f52a9c-585e-5525-bd62-52b51f76ebb2|e0b81a3d-63ca-5c67-a53c-fc679cfd0144|bde71624-806e-56e4-9f65-7bfc5d133b19|46cfad32-8216-545d-88d4-d967b052f85b|f8d93b38-72a4-53dc-bcc9-504e7e61b3ee|2af9d8c2-de06-5b08-b5f0-0e5415d14a04|fc5686e5-717c-5e77-83e7-452e419c7080|5bb71c60-3b46-57ac-aa09-7770f848c439|09080c17-2d02-50de-ad83-34fc1c4d3bdb|adae9117-6b07-52d5-a601-888a93c9a7dc|972fd689-f7f8-545a-8252-c9b1d2a7ac17|e4dd2e6f-ca90-5022-8b2d-d533e7b54330|e01b9897-610b-5c95-b526-06a2b28a0a29|9fadc321-de83-50e9-851d-417abeacc8bb,5d6437b7c4fed708d32981ff4f4256b84abaaa9ab971c2d70ae54ea558006e7d,zenit-simulated-feature-snapshot-v1,simulated,False,False,False,False
574c0f1f-3fca-5ed6-b020-f61446ee3c07,4721c12b-0a1b-5b6a-9fb3-cb0b40d23bfb,2026-11-20,SP021,195,100,median,30,36.5,35.67,31.58,26.71,4.92,22.7,46.4,41,N3,exceeds,development_rehearsal,5f449f92-e9f3-5db4-99d3-e92e30855441|5ce4ab4c-4476-538a-859b-ccdb406f61db|f27c1882-eea4-5636-90a1-a490109f5f58|f28b2a21-38ce-5b80-8d8a-5bfe91cc89a0|600243b6-4ba3-57f0-92b6-af618e71ccc1|a023778b-1758-54a0-bf0f-05b23189cc2c|5bec9607-a278-5900-b9c1-5940a312f1ca|9398041c-bb85-5e6a-8ef2-b2ffc43a036b|222cef60-9dbe-5562-96b7-bfc6937f4dcc|77d97e74-4fa9-5ab1-b9a0-7d419d1747b9|8f14a3e8-3ee8-5e40-89ef-5e5107f412a0|d67f30ae-01d4-500d-a3de-af0c8c9230a5|447f48bb-3547-5ca8-ba0e-7a6b43cec366|4026034b-6804-583b-beab-ca9b5b8a8004|faa277ea-a7b4-5a5e-84a3-c78320f0e50f,e22f6eab97bca989c4ffc02033a297107a1f15809f2f96d54ee512a3231572ed,zenit-simulated-feature-snapshot-v1,simulated,False,False,False,False
b478894a-9686-5e94-af8f-8eb3a4d9d5e7,046003bd-58ac-5aca-8364-c934ce6319c8,2026-11-20,SP021,195,100,right,30,12.45,11.57,43.72,37.44,5.91,19.4,68.6,5,N2,within,development_rehearsal,9df6aabe-0910-5258-a43c-cb1932b473cf|3b59232e-d1c4-51d8-bad8-23bafbf609ed|d5788655-583c-5b81-b4fa-ee48fe86359f|8e78471d-0da6-5d0d-85fa-bb913ee031bf|8d64bfb5-bc11-5ca5-9f9b-6735829aa68c|e2f060c8-3941-560c-9406-61aace4a0106|14831906-1547-5d24-bae1-aa9080ca1a63|7c01417f-0ddd-56ae-9bc0-ad6c281de8d7|3a4d529c-c11e-5cd8-b302-8011eb722c5d|59a6c51c-9c54-5bc4-a388-ace1e88e2d5d|b77953ca-d860-5844-bb5b-71d26396780b|114dc9cb-e218-5713-a55e-477b1dd0d574|d1a73a60-ebb1-5a8b-a025-d473623daa10|93e243ca-7d9c-52ee-84e6-7c99080221a0|2266c24c-7a28-5cda-b680-500c6ccabedf,60ae24aec31f77951f04f518e48098ed22c7b9208d75f417bf1d128579d5dfac,zenit-simulated-feature-snapshot-v1,simulated,False,False,False,False
bbf9df5a-d46d-5dff-b0e8-e0942dc1659b,23232185-5c98-523a-a8a5-d53254b8a0d8,2026-11-20,SP021,195,100,special,10,7.65,7.14,11.57,7.56,3.78,20.9,38.9,5,N1,within,development_rehearsal,c19fc47a-c675-571e-81f1-b5891aff92db|91e93804-146c-59f9-bdb1-fb19ccc55efd|ef4d8393-2486-5d1e-aebf-9d590f8ba204|518393e6-e903-53d2-b4fe-045479c00783|86a4bb05-95b7-5bff-8c30-4811cc07d56e|fcade8a7-d11e-5c61-b007-e74d6d57ddef|fe691c6f-d128-5ef5-b81b-f8ba8571016e|1866dfa2-f2dc-5316-a3e5-f9779d44190f|4834a9b3-175e-578f-b88f-06030a9775b8|570e0e35-be10-58df-9d61-97f40cb9a19f|4c1a9ff4-9911-5052-9eed-4bd87f350b51|c168518f-d625-541c-8928-3e2936f6484b|933098d2-e25f-549f-b10d-28f0d3a78b88|b821de51-e0b8-539b-8622-70ae641cb071|6f17db17-3e2e-591d-9120-f1316538ce06,9123a5965e5a38bab607d6b3bb964e67168e129b4c9aa20a5af9450230756258,zenit-simulated-feature-snapshot-v1,simulated,False,False,False,False
7939333b-6ed0-5cec-8994-6699bb0219eb,00cb94fd-970b-5652-b9e8-aa30d6d12bc3,2026-11-21,SP021,195,100,left,30,19.19,18.55,14.36,9.41,4.83,19.5,34.7,16,N2,within,development_rehearsal,97f52a9c-585e-5525-bd62-52b51f76ebb2|e0b81a3d-63ca-5c67-a53c-fc679cfd0144|bde71624-806e-56e4-9f65-7bfc5d133b19|46cfad32-8216-545d-88d4-d967b052f85b|f8d93b38-72a4-53dc-bcc9-504e7e61b3ee|2af9d8c2-de06-5b08-b5f0-0e5415d14a04|fc5686e5-717c-5e77-83e7-452e419c7080|5bb71c60-3b46-57ac-aa09-7770f848c439|09080c17-2d02-50de-ad83-34fc1c4d3bdb|adae9117-6b07-52d5-a601-888a93c9a7dc|972fd689-f7f8-545a-8252-c9b1d2a7ac17|e4dd2e6f-ca90-5022-8b2d-d533e7b54330|e01b9897-610b-5c95-b526-06a2b28a0a29|9fadc321-de83-50e9-851d-417abeacc8bb|90bcdec1-d69c-5e2c-9d24-cfa6e8ef6a83,88c6175d022bfd7b9f6cdb513ee710a8afd9dcdefe39c28745e57c6a5c7f75fa,zenit-simulated-feature-snapshot-v1,simulated,False,False,False,False
2cf8129f-b3c0-5e65-bbd4-f17af594f604,4721c12b-0a1b-5b6a-9fb3-cb0b40d23bfb,2026-11-21,SP021,195,100,median,30,37.01,36.5,32.18,27.25,4.83,22.7,44.8,42,N3,exceeds,development_rehearsal,5ce4ab4c-4476-538a-859b-ccdb406f61db|f27c1882-eea4-5636-90a1-a490109f5f58|f28b2a21-38ce-5b80-8d8a-5bfe91cc89a0|600243b6-4ba3-57f0-92b6-af618e71ccc1|a023778b-1758-54a0-bf0f-05b23189cc2c|5bec9607-a278-5900-b9c1-5940a312f1ca|9398041c-bb85-5e6a-8ef2-b2ffc43a036b|222cef60-9dbe-5562-96b7-bfc6937f4dcc|77d97e74-4fa9-5ab1-b9a0-7d419d1747b9|8f14a3e8-3ee8-5e40-89ef-5e5107f412a0|d67f30ae-01d4-500d-a3de-af0c8c9230a5|447f48bb-3547-5ca8-ba0e-7a6b43cec366|4026034b-6804-583b-beab-ca9b5b8a8004|faa277ea-a7b4-5a5e-84a3-c78320f0e50f|3a53af22-f119-58da-80a6-587eb8e5f371,64140b42d0b75a4e64061eda946018e5f16a3984dc32cab625acfd19985ed873,zenit-simulated-feature-snapshot-v1,simulated,False,False,False,False
8a72e30e-72bb-538e-8542-90e5c05cade5,046003bd-58ac-5aca-8364-c934ce6319c8,2026-11-21,SP021,195,100,right,30,13.17,12.45,44.39,38.33,5.96,19.1,67.1,6,N2,within,development_rehearsal,3b59232e-d1c4-51d8-bad8-23bafbf609ed|d5788655-583c-5b81-b4fa-ee48fe86359f|8e78471d-0da6-5d0d-85fa-bb913ee031bf|8d64bfb5-bc11-5ca5-9f9b-6735829aa68c|e2f060c8-3941-560c-9406-61aace4a0106|14831906-1547-5d24-bae1-aa9080ca1a63|7c01417f-0ddd-56ae-9bc0-ad6c281de8d7|3a4d529c-c11e-5cd8-b302-8011eb722c5d|59a6c51c-9c54-5bc4-a388-ace1e88e2d5d|b77953ca-d860-5844-bb5b-71d26396780b|114dc9cb-e218-5713-a55e-477b1dd0d574|d1a73a60-ebb1-5a8b-a025-d473623daa10|93e243ca-7d9c-52ee-84e6-7c99080221a0|2266c24c-7a28-5cda-b680-500c6ccabedf|4465051d-5d06-5795-91c1-a435d9f75515,70819940a10179edc447f5ed7b1d0b7bf62cf76d5d044312e596e24337cc510b,zenit-simulated-feature-snapshot-v1,simulated,False,False,False,False
7fa5d5d1-ee1a-5d37-b165-7687560fe98e,23232185-5c98-523a-a8a5-d53254b8a0d8,2026-11-21,SP021,195,100,special,10,8.09,7.65,12.17,8.22,3.62,18.8,30.3,6,N1,within,development_rehearsal,91e93804-146c-59f9-bdb1-fb19ccc55efd|ef4d8393-2486-5d1e-aebf-9d590f8ba204|518393e6-e903-53d2-b4fe-045479c00783|86a4bb05-95b7-5bff-8c30-4811cc07d56e|fcade8a7-d11e-5c61-b007-e74d6d57ddef|fe691c6f-d128-5ef5-b81b-f8ba8571016e|1866dfa2-f2dc-5316-a3e5-f9779d44190f|4834a9b3-175e-578f-b88f-06030a9775b8|570e0e35-be10-58df-9d61-97f40cb9a19f|4c1a9ff4-9911-5052-9eed-4bd87f350b51|c168518f-d625-541c-8928-3e2936f6484b|933098d2-e25f-549f-b10d-28f0d3a78b88|b821de51-e0b8-539b-8622-70ae641cb071|6f17db17-3e2e-591d-9120-f1316538ce06|e70c524c-0e68-5b71-a628-218a1c4ada10,b13abfc70394f2d280c997c6eb9041d959f05ad339535ecef222e4b4639e1b8e,zenit-simulated-feature-snapshot-v1,simulated,False,False,False,False
fee10ff4-8b86-5d33-a93a-8225fdd4216b,00cb94fd-970b-5652-b9e8-aa30d6d12bc3,2026-11-22,SP021,195,100,left,30,20.11,19.19,15.26,10.28,4.85,21.0,38.3,17,N2,within,development_rehearsal,e0b81a3d-63ca-5c67-a53c-fc679cfd0144|bde71624-806e-56e4-9f65-7bfc5d133b19|46cfad32-8216-545d-88d4-d967b052f85b|f8d93b38-72a4-53dc-bcc9-504e7e61b3ee|2af9d8c2-de06-5b08-b5f0-0e5415d14a04|fc5686e5-717c-5e77-83e7-452e419c7080|5bb71c60-3b46-57ac-aa09-7770f848c439|09080c17-2d02-50de-ad83-34fc1c4d3bdb|adae9117-6b07-52d5-a601-888a93c9a7dc|972fd689-f7f8-545a-8252-c9b1d2a7ac17|e4dd2e6f-ca90-5022-8b2d-d533e7b54330|e01b9897-610b-5c95-b526-06a2b28a0a29|9fadc321-de83-50e9-851d-417abeacc8bb|90bcdec1-d69c-5e2c-9d24-cfa6e8ef6a83|20e3f930-fea2-5eae-8347-2dfdb46f6886,e3ad050bc5be6a80aabbedb7608f1d053ac856cf8f4eed2329c48ecb6c5d785e,zenit-simulated-feature-snapshot-v1,simulated,False,False,False,False
8e3a5cce-d054-5ab6-a6c1-71b1898f52db,4721c12b-0a1b-5b6a-9fb3-cb0b40d23bfb,2026-11-22,SP021,195,100,median,30,37.68,37.01,32.92,27.94,4.76,28.4,52.9,43,N3,exceeds,development_rehearsal,f27c1882-eea4-5636-90a1-a490109f5f58|f28b2a21-38ce-5b80-8d8a-5bfe91cc89a0|600243b6-4ba3-57f0-92b6-af618e71ccc1|a023778b-1758-54a0-bf0f-05b23189cc2c|5bec9607-a278-5900-b9c1-5940a312f1ca|9398041c-bb85-5e6a-8ef2-b2ffc43a036b|222cef60-9dbe-5562-96b7-bfc6937f4dcc|77d97e74-4fa9-5ab1-b9a0-7d419d1747b9|8f14a3e8-3ee8-5e40-89ef-5e5107f412a0|d67f30ae-01d4-500d-a3de-af0c8c9230a5|447f48bb-3547-5ca8-ba0e-7a6b43cec366|4026034b-6804-583b-beab-ca9b5b8a8004|faa277ea-a7b4-5a5e-84a3-c78320f0e50f|3a53af22-f119-58da-80a6-587eb8e5f371|b2fc2d8d-bd59-5911-be77-e9a1c08e7fc7,31776e3c36ca343c41637febb883d292a5228456a5b89f92d459242064d82352,zenit-simulated-feature-snapshot-v1,simulated,False,False,False,False
7b5de190-db60-5cfc-9474-8926f51bc2ad,046003bd-58ac-5aca-8364-c934ce6319c8,2026-11-22,SP021,195,100,right,30,14.0,13.17,8.0,39.36,6.0,20.0,61.6,7,N2,within,development_rehearsal,d5788655-583c-5b81-b4fa-ee48fe86359f|8e78471d-0da6-5d0d-85fa-bb913ee031bf|8d64bfb5-bc11-5ca5-9f9b-6735829aa68c|e2f060c8-3941-560c-9406-61aace4a0106|14831906-1547-5d24-bae1-aa9080ca1a63|7c01417f-0ddd-56ae-9bc0-ad6c281de8d7|3a4d529c-c11e-5cd8-b302-8011eb722c5d|59a6c51c-9c54-5bc4-a388-ace1e88e2d5d|b77953ca-d860-5844-bb5b-71d26396780b|114dc9cb-e218-5713-a55e-477b1dd0d574|d1a73a60-ebb1-5a8b-a025-d473623daa10|93e243ca-7d9c-52ee-84e6-7c99080221a0|2266c24c-7a28-5cda-b680-500c6ccabedf|4465051d-5d06-5795-91c1-a435d9f75515|905aafa4-1f99-5b3a-9ff6-e9d9ed0402e6,1617e40d978167c24fb65c7aeaf0503bbb03acf16ff8f505d897bf25afae8876,zenit-simulated-feature-snapshot-v1,simulated,False,False,False,False
9dcc96e7-b149-5bf6-afef-8177aedc839e,23232185-5c98-523a-a8a5-d53254b8a0d8,2026-11-22,SP021,195,100,special,10,8.83,8.09,5.0,8.86,3.83,19.9,34.9,7,N1,within,development_rehearsal,ef4d8393-2486-5d1e-aebf-9d590f8ba204|518393e6-e903-53d2-b4fe-045479c00783|86a4bb05-95b7-5bff-8c30-4811cc07d56e|fcade8a7-d11e-5c61-b007-e74d6d57ddef|fe691c6f-d128-5ef5-b81b-f8ba8571016e|1866dfa2-f2dc-5316-a3e5-f9779d44190f|4834a9b3-175e-578f-b88f-06030a9775b8|570e0e35-be10-58df-9d61-97f40cb9a19f|4c1a9ff4-9911-5052-9eed-4bd87f350b51|c168518f-d625-541c-8928-3e2936f6484b|933098d2-e25f-549f-b10d-28f0d3a78b88|b821de51-e0b8-539b-8622-70ae641cb071|6f17db17-3e2e-591d-9120-f1316538ce06|e70c524c-0e68-5b71-a628-218a1c4ada10|6560e210-c64c-5aa5-b803-064597c5e769,b12db3a5343022da959e7e101e3a608c34cfa42f9cff77b4b9fda89a6e8835d4,zenit-simulated-feature-snapshot-v1,simulated,False,False,False,False
07280d3a-7b34-57c5-8c5d-cce6ecc66f22,00cb94fd-970b-5652-b9e8-aa30d6d12bc3,2026-11-23,SP021,195,100,left,30,20.81,20.11,16.01,10.91,4.8,22.6,41.0,18,N2,within,development_rehearsal,bde71624-806e-56e4-9f65-7bfc5d133b19|46cfad32-8216-545d-88d4-d967b052f85b|f8d93b38-72a4-53dc-bcc9-504e7e61b3ee|2af9d8c2-de06-5b08-b5f0-0e5415d14a04|fc5686e5-717c-5e77-83e7-452e419c7080|5bb71c60-3b46-57ac-aa09-7770f848c439|09080c17-2d02-50de-ad83-34fc1c4d3bdb|adae9117-6b07-52d5-a601-888a93c9a7dc|972fd689-f7f8-545a-8252-c9b1d2a7ac17|e4dd2e6f-ca90-5022-8b2d-d533e7b54330|e01b9897-610b-5c95-b526-06a2b28a0a29|9fadc321-de83-50e9-851d-417abeacc8bb|90bcdec1-d69c-5e2c-9d24-cfa6e8ef6a83|20e3f930-fea2-5eae-8347-2dfdb46f6886|16bf9cd6-7769-5fb7-9b1d-43dae54efec0,c87225106c4ad01a1af474d248bb28461d20a87933dc96351416f91b314256ab,zenit-simulated-feature-snapshot-v1,simulated,False,False,False,False
cdba5602-9954-5727-ac83-e7391f380090,4721c12b-0a1b-5b6a-9fb3-cb0b40d23bfb,2026-11-23,SP021,195,100,median,30,38.21,37.68,33.74,28.76,4.47,26.5,45.6,44,N3,exceeds,development_rehearsal,f28b2a21-38ce-5b80-8d8a-5bfe91cc89a0|600243b6-4ba3-57f0-92b6-af618e71ccc1|a023778b-1758-54a0-bf0f-05b23189cc2c|5bec9607-a278-5900-b9c1-5940a312f1ca|9398041c-bb85-5e6a-8ef2-b2ffc43a036b|222cef60-9dbe-5562-96b7-bfc6937f4dcc|77d97e74-4fa9-5ab1-b9a0-7d419d1747b9|8f14a3e8-3ee8-5e40-89ef-5e5107f412a0|d67f30ae-01d4-500d-a3de-af0c8c9230a5|447f48bb-3547-5ca8-ba0e-7a6b43cec366|4026034b-6804-583b-beab-ca9b5b8a8004|faa277ea-a7b4-5a5e-84a3-c78320f0e50f|3a53af22-f119-58da-80a6-587eb8e5f371|b2fc2d8d-bd59-5911-be77-e9a1c08e7fc7|d433b5b0-663a-5c47-82e0-0d34acb1a3a4,d1c537566b75d96675d09073c726ccc602e4ce9e4756cd50491c062e69eddc75,zenit-simulated-feature-snapshot-v1,simulated,False,False,False,False
78df9393-4b24-5489-a005-4b96004fa59d,046003bd-58ac-5aca-8364-c934ce6319c8,2026-11-23,SP021,195,100,right,30,14.74,14.0,9.06,40.13,5.68,12.2,55.3,8,N2,within,development_rehearsal,8e78471d-0da6-5d0d-85fa-bb913ee031bf|8d64bfb5-bc11-5ca5-9f9b-6735829aa68c|e2f060c8-3941-560c-9406-61aace4a0106|14831906-1547-5d24-bae1-aa9080ca1a63|7c01417f-0ddd-56ae-9bc0-ad6c281de8d7|3a4d529c-c11e-5cd8-b302-8011eb722c5d|59a6c51c-9c54-5bc4-a388-ace1e88e2d5d|b77953ca-d860-5844-bb5b-71d26396780b|114dc9cb-e218-5713-a55e-477b1dd0d574|d1a73a60-ebb1-5a8b-a025-d473623daa10|93e243ca-7d9c-52ee-84e6-7c99080221a0|2266c24c-7a28-5cda-b680-500c6ccabedf|4465051d-5d06-5795-91c1-a435d9f75515|905aafa4-1f99-5b3a-9ff6-e9d9ed0402e6|35462b5b-e005-55cd-bded-5526247a332b,da1c99965da984aef516f6e73ac0725d58a3fd15ea777ddb033c8f61c08fb703,zenit-simulated-feature-snapshot-v1,simulated,False,False,False,False
2a636cc5-18e0-581f-a19f-6d0321df871c,23232185-5c98-523a-a8a5-d53254b8a0d8,2026-11-23,SP021,195,100,special,10,9.47,8.83,5.81,9.46,3.66,14.2,39.6,8,N1,within,development_rehearsal,518393e6-e903-53d2-b4fe-045479c00783|86a4bb05-95b7-5bff-8c30-4811cc07d56e|fcade8a7-d11e-5c61-b007-e74d6d57ddef|fe691c6f-d128-5ef5-b81b-f8ba8571016e|1866dfa2-f2dc-5316-a3e5-f9779d44190f|4834a9b3-175e-578f-b88f-06030a9775b8|570e0e35-be10-58df-9d61-97f40cb9a19f|4c1a9ff4-9911-5052-9eed-4bd87f350b51|c168518f-d625-541c-8928-3e2936f6484b|933098d2-e25f-549f-b10d-28f0d3a78b88|b821de51-e0b8-539b-8622-70ae641cb071|6f17db17-3e2e-591d-9120-f1316538ce06|e70c524c-0e68-5b71-a628-218a1c4ada10|6560e210-c64c-5aa5-b803-064597c5e769|b71a38f4-cfe5-55bc-a163-f440db851e1a,383129c8e8f870cb711139cb9daffc7100e21a4fb450be6723f15b25920b8626,zenit-simulated-feature-snapshot-v1,simulated,False,False,False,False
be58a4f9-9ae3-581a-94fe-eecb64ba2492,00cb94fd-970b-5652-b9e8-aa30d6d12bc3,2026-11-24,SP021,195,100,left,30,21.73,20.81,16.61,11.74,5.12,26.8,42.1,19,N2,within,development_rehearsal,46cfad32-8216-545d-88d4-d967b052f85b|f8d93b38-72a4-53dc-bcc9-504e7e61b3ee|2af9d8c2-de06-5b08-b5f0-0e5415d14a04|fc5686e5-717c-5e77-83e7-452e419c7080|5bb71c60-3b46-57ac-aa09-7770f848c439|09080c17-2d02-50de-ad83-34fc1c4d3bdb|adae9117-6b07-52d5-a601-888a93c9a7dc|972fd689-f7f8-545a-8252-c9b1d2a7ac17|e4dd2e6f-ca90-5022-8b2d-d533e7b54330|e01b9897-610b-5c95-b526-06a2b28a0a29|9fadc321-de83-50e9-851d-417abeacc8bb|90bcdec1-d69c-5e2c-9d24-cfa6e8ef6a83|20e3f930-fea2-5eae-8347-2dfdb46f6886|16bf9cd6-7769-5fb7-9b1d-43dae54efec0|6ab3660d-dafd-5c26-bb00-518370e1aff4,4546fffb1459aa3578115715f4c7d0a1f51572791d087aa76b8d018aeb64694e,zenit-simulated-feature-snapshot-v1,simulated,False,False,False,False
954b0b77-8fe0-5196-bf86-a8a94ffc7573,4721c12b-0a1b-5b6a-9fb3-cb0b40d23bfb,2026-11-24,SP021,195,100,median,30,38.97,38.21,34.39,29.52,4.58,24.8,45.1,45,N3,exceeds,development_rehearsal,600243b6-4ba3-57f0-92b6-af618e71ccc1|a023778b-1758-54a0-bf0f-05b23189cc2c|5bec9607-a278-5900-b9c1-5940a312f1ca|9398041c-bb85-5e6a-8ef2-b2ffc43a036b|222cef60-9dbe-5562-96b7-bfc6937f4dcc|77d97e74-4fa9-5ab1-b9a0-7d419d1747b9|8f14a3e8-3ee8-5e40-89ef-5e5107f412a0|d67f30ae-01d4-500d-a3de-af0c8c9230a5|447f48bb-3547-5ca8-ba0e-7a6b43cec366|4026034b-6804-583b-beab-ca9b5b8a8004|faa277ea-a7b4-5a5e-84a3-c78320f0e50f|3a53af22-f119-58da-80a6-587eb8e5f371|b2fc2d8d-bd59-5911-be77-e9a1c08e7fc7|d433b5b0-663a-5c47-82e0-0d34acb1a3a4|2e8a65e2-4c85-5014-b1f0-7581cc2be78e,15e91566d629857a57e00fee9c77c94350002baa0d6acc3bdcb9a68b9a16677f,zenit-simulated-feature-snapshot-v1,simulated,False,False,False,False
3c356999-f544-5bc4-9dd6-6f20a3a014d3,046003bd-58ac-5aca-8364-c934ce6319c8,2026-11-24,SP021,195,100,right,30,15.62,14.74,9.95,41.18,5.67,15.5,51.2,9,N2,within,development_rehearsal,8d64bfb5-bc11-5ca5-9f9b-6735829aa68c|e2f060c8-3941-560c-9406-61aace4a0106|14831906-1547-5d24-bae1-aa9080ca1a63|7c01417f-0ddd-56ae-9bc0-ad6c281de8d7|3a4d529c-c11e-5cd8-b302-8011eb722c5d|59a6c51c-9c54-5bc4-a388-ace1e88e2d5d|b77953ca-d860-5844-bb5b-71d26396780b|114dc9cb-e218-5713-a55e-477b1dd0d574|d1a73a60-ebb1-5a8b-a025-d473623daa10|93e243ca-7d9c-52ee-84e6-7c99080221a0|2266c24c-7a28-5cda-b680-500c6ccabedf|4465051d-5d06-5795-91c1-a435d9f75515|905aafa4-1f99-5b3a-9ff6-e9d9ed0402e6|35462b5b-e005-55cd-bded-5526247a332b|3ba62a0b-ded8-5a72-80d7-27bc1cd5781c,0e76595d03613dcde18369cc678306c29a59f1ad9d8da7e6170018a1a7f223a3,zenit-simulated-feature-snapshot-v1,simulated,False,False,False,False
01a1b066-40a1-5058-9857-313aeb5e2f39,23232185-5c98-523a-a8a5-d53254b8a0d8,2026-11-24,SP021,195,100,special,10,10.14,9.47,6.32,10.01,3.82,24.7,52.2,9,N2,exceeds,development_rehearsal,86a4bb05-95b7-5bff-8c30-4811cc07d56e|fcade8a7-d11e-5c61-b007-e74d6d57ddef|fe691c6f-d128-5ef5-b81b-f8ba8571016e|1866dfa2-f2dc-5316-a3e5-f9779d44190f|4834a9b3-175e-578f-b88f-06030a9775b8|570e0e35-be10-58df-9d61-97f40cb9a19f|4c1a9ff4-9911-5052-9eed-4bd87f350b51|c168518f-d625-541c-8928-3e2936f6484b|933098d2-e25f-549f-b10d-28f0d3a78b88|b821de51-e0b8-539b-8622-70ae641cb071|6f17db17-3e2e-591d-9120-f1316538ce06|e70c524c-0e68-5b71-a628-218a1c4ada10|6560e210-c64c-5aa5-b803-064597c5e769|b71a38f4-cfe5-55bc-a163-f440db851e1a|d9c75bcf-11c2-56ff-ad3a-29a225ac57d9,bcc8a4c6fd9330cb134a44fb3276599cd1c10a6d8b8dfd0c426be16a6ae6aef6,zenit-simulated-feature-snapshot-v1,simulated,False,False,False,False
7f2d3220-1757-5c9a-ade9-d25f88b6607f,00cb94fd-970b-5652-b9e8-aa30d6d12bc3,2026-11-25,SP021,195,100,left,30,22.42,21.73,17.18,12.62,5.24,24.5,38.4,20,N2,within,development_rehearsal,f8d93b38-72a4-53dc-bcc9-504e7e61b3ee|2af9d8c2-de06-5b08-b5f0-0e5415d14a04|fc5686e5-717c-5e77-83e7-452e419c7080|5bb71c60-3b46-57ac-aa09-7770f848c439|09080c17-2d02-50de-ad83-34fc1c4d3bdb|adae9117-6b07-52d5-a601-888a93c9a7dc|972fd689-f7f8-545a-8252-c9b1d2a7ac17|e4dd2e6f-ca90-5022-8b2d-d533e7b54330|e01b9897-610b-5c95-b526-06a2b28a0a29|9fadc321-de83-50e9-851d-417abeacc8bb|90bcdec1-d69c-5e2c-9d24-cfa6e8ef6a83|20e3f930-fea2-5eae-8347-2dfdb46f6886|16bf9cd6-7769-5fb7-9b1d-43dae54efec0|6ab3660d-dafd-5c26-bb00-518370e1aff4|173100b6-a54f-5b2e-a790-60b9a64fe029,d0a4b97e8173374f150188b5ca9831214687893d9f7c1b9e4ab50c939adce468,zenit-simulated-feature-snapshot-v1,simulated,False,False,False,False
bbb593ce-ecea-5d62-97d5-31ac1161cd39,4721c12b-0a1b-5b6a-9fb3-cb0b40d23bfb,2026-11-25,SP021,195,100,median,30,39.41,38.97,34.97,30.3,4.44,24.8,43.4,46,N3,exceeds,development_rehearsal,a023778b-1758-54a0-bf0f-05b23189cc2c|5bec9607-a278-5900-b9c1-5940a312f1ca|9398041c-bb85-5e6a-8ef2-b2ffc43a036b|222cef60-9dbe-5562-96b7-bfc6937f4dcc|77d97e74-4fa9-5ab1-b9a0-7d419d1747b9|8f14a3e8-3ee8-5e40-89ef-5e5107f412a0|d67f30ae-01d4-500d-a3de-af0c8c9230a5|447f48bb-3547-5ca8-ba0e-7a6b43cec366|4026034b-6804-583b-beab-ca9b5b8a8004|faa277ea-a7b4-5a5e-84a3-c78320f0e50f|3a53af22-f119-58da-80a6-587eb8e5f371|b2fc2d8d-bd59-5911-be77-e9a1c08e7fc7|d433b5b0-663a-5c47-82e0-0d34acb1a3a4|2e8a65e2-4c85-5014-b1f0-7581cc2be78e|d9ba8536-4315-59ae-a01f-4d25f052aef0,1bbfcb4f44f40d05d1f41abf374ab3f3c479aa6df4c2ffd339561772fc79ad16,zenit-simulated-feature-snapshot-v1,simulated,False,False,False,False
5b73a4e4-7b26-5733-8d58-cdf587963a7f,046003bd-58ac-5aca-8364-c934ce6319c8,2026-11-25,SP021,195,100,right,30,16.92,15.62,10.76,41.9,6.16,30.8,64.8,10,N2,within,development_rehearsal,e2f060c8-3941-560c-9406-61aace4a0106|14831906-1547-5d24-bae1-aa9080ca1a63|7c01417f-0ddd-56ae-9bc0-ad6c281de8d7|3a4d529c-c11e-5cd8-b302-8011eb722c5d|59a6c51c-9c54-5bc4-a388-ace1e88e2d5d|b77953ca-d860-5844-bb5b-71d26396780b|114dc9cb-e218-5713-a55e-477b1dd0d574|d1a73a60-ebb1-5a8b-a025-d473623daa10|93e243ca-7d9c-52ee-84e6-7c99080221a0|2266c24c-7a28-5cda-b680-500c6ccabedf|4465051d-5d06-5795-91c1-a435d9f75515|905aafa4-1f99-5b3a-9ff6-e9d9ed0402e6|35462b5b-e005-55cd-bded-5526247a332b|3ba62a0b-ded8-5a72-80d7-27bc1cd5781c|3dd7a916-3029-54a6-b34e-5fdb3a0c358b,b6bbff2385e41129a68d44a7484ff2410bebc84457a26e9bf1879166a7525a12,zenit-simulated-feature-snapshot-v1,simulated,False,False,False,False
3b6026b6-7b18-5170-a5c7-9afc7b1d87a8,23232185-5c98-523a-a8a5-d53254b8a0d8,2026-11-25,SP021,195,100,special,10,10.83,10.14,6.72,10.68,4.11,34.3,55.2,10,N2,exceeds,development_rehearsal,fcade8a7-d11e-5c61-b007-e74d6d57ddef|fe691c6f-d128-5ef5-b81b-f8ba8571016e|1866dfa2-f2dc-5316-a3e5-f9779d44190f|4834a9b3-175e-578f-b88f-06030a9775b8|570e0e35-be10-58df-9d61-97f40cb9a19f|4c1a9ff4-9911-5052-9eed-4bd87f350b51|c168518f-d625-541c-8928-3e2936f6484b|933098d2-e25f-549f-b10d-28f0d3a78b88|b821de51-e0b8-539b-8622-70ae641cb071|6f17db17-3e2e-591d-9120-f1316538ce06|e70c524c-0e68-5b71-a628-218a1c4ada10|6560e210-c64c-5aa5-b803-064597c5e769|b71a38f4-cfe5-55bc-a163-f440db851e1a|d9c75bcf-11c2-56ff-ad3a-29a225ac57d9|70f693ea-36a9-58cd-91c2-edb7456c1c07,35a9482a3e7cd40227a7cb7d83b5ba9075b7af6f8f4357c182ee41bae2a22df4,zenit-simulated-feature-snapshot-v1,simulated,False,False,False,False
d5bf8dc2-fedb-56fb-ae3a-494899dc37e0,00cb94fd-970b-5652-b9e8-aa30d6d12bc3,2026-11-26,SP021,195,100,left,30,23.07,22.42,17.94,13.31,5.13,18.3,37.8,21,N2,within,development_rehearsal,2af9d8c2-de06-5b08-b5f0-0e5415d14a04|fc5686e5-717c-5e77-83e7-452e419c7080|5bb71c60-3b46-57ac-aa09-7770f848c439|09080c17-2d02-50de-ad83-34fc1c4d3bdb|adae9117-6b07-52d5-a601-888a93c9a7dc|972fd689-f7f8-545a-8252-c9b1d2a7ac17|e4dd2e6f-ca90-5022-8b2d-d533e7b54330|e01b9897-610b-5c95-b526-06a2b28a0a29|9fadc321-de83-50e9-851d-417abeacc8bb|90bcdec1-d69c-5e2c-9d24-cfa6e8ef6a83|20e3f930-fea2-5eae-8347-2dfdb46f6886|16bf9cd6-7769-5fb7-9b1d-43dae54efec0|6ab3660d-dafd-5c26-bb00-518370e1aff4|173100b6-a54f-5b2e-a790-60b9a64fe029|d5567973-61c7-58b6-8972-50cc5115ef4f,f99b54f55e3b6f384c3b1c44c3c85cfc5e264d62176480d367945b9fb532e31b,zenit-simulated-feature-snapshot-v1,simulated,False,False,False,False
b5e4e7bf-5930-5788-b0c0-e8cd72334113,4721c12b-0a1b-5b6a-9fb3-cb0b40d23bfb,2026-11-26,SP021,195,100,median,30,40.3,39.41,35.67,30.77,4.63,28.5,54.0,47,N3,exceeds,development_rehearsal,5bec9607-a278-5900-b9c1-5940a312f1ca|9398041c-bb85-5e6a-8ef2-b2ffc43a036b|222cef60-9dbe-5562-96b7-bfc6937f4dcc|77d97e74-4fa9-5ab1-b9a0-7d419d1747b9|8f14a3e8-3ee8-5e40-89ef-5e5107f412a0|d67f30ae-01d4-500d-a3de-af0c8c9230a5|447f48bb-3547-5ca8-ba0e-7a6b43cec366|4026034b-6804-583b-beab-ca9b5b8a8004|faa277ea-a7b4-5a5e-84a3-c78320f0e50f|3a53af22-f119-58da-80a6-587eb8e5f371|b2fc2d8d-bd59-5911-be77-e9a1c08e7fc7|d433b5b0-663a-5c47-82e0-0d34acb1a3a4|2e8a65e2-4c85-5014-b1f0-7581cc2be78e|d9ba8536-4315-59ae-a01f-4d25f052aef0|1237a7ec-6c77-5dec-8adb-f175a892046e,ddbdb760e9773c1ca12f247cde8f62eb84932b13236963e1036c9122041de9a1,zenit-simulated-feature-snapshot-v1,simulated,False,False,False,False
08eb63e6-4a55-5d2c-9e0f-43eef6bbd643,046003bd-58ac-5aca-8364-c934ce6319c8,2026-11-26,SP021,195,100,right,30,17.5,16.92,11.57,42.86,5.93,30.8,52.5,11,N2,within,development_rehearsal,14831906-1547-5d24-bae1-aa9080ca1a63|7c01417f-0ddd-56ae-9bc0-ad6c281de8d7|3a4d529c-c11e-5cd8-b302-8011eb722c5d|59a6c51c-9c54-5bc4-a388-ace1e88e2d5d|b77953ca-d860-5844-bb5b-71d26396780b|114dc9cb-e218-5713-a55e-477b1dd0d574|d1a73a60-ebb1-5a8b-a025-d473623daa10|93e243ca-7d9c-52ee-84e6-7c99080221a0|2266c24c-7a28-5cda-b680-500c6ccabedf|4465051d-5d06-5795-91c1-a435d9f75515|905aafa4-1f99-5b3a-9ff6-e9d9ed0402e6|35462b5b-e005-55cd-bded-5526247a332b|3ba62a0b-ded8-5a72-80d7-27bc1cd5781c|3dd7a916-3029-54a6-b34e-5fdb3a0c358b|cdf954fb-6b4e-5abb-870d-d13f42f37910,c11f36c7448e6c3d3efa9cdec5c9bfdf4b9b1d83bf225fa5019f7e458be2dfa1,zenit-simulated-feature-snapshot-v1,simulated,False,False,False,False
4df9080b-15ca-5f3b-ab91-9c98a0361b47,23232185-5c98-523a-a8a5-d53254b8a0d8,2026-11-26,SP021,195,100,special,10,11.32,10.83,7.14,11.01,4.18,35.7,56.6,11,N2,exceeds,development_rehearsal,fe691c6f-d128-5ef5-b81b-f8ba8571016e|1866dfa2-f2dc-5316-a3e5-f9779d44190f|4834a9b3-175e-578f-b88f-06030a9775b8|570e0e35-be10-58df-9d61-97f40cb9a19f|4c1a9ff4-9911-5052-9eed-4bd87f350b51|c168518f-d625-541c-8928-3e2936f6484b|933098d2-e25f-549f-b10d-28f0d3a78b88|b821de51-e0b8-539b-8622-70ae641cb071|6f17db17-3e2e-591d-9120-f1316538ce06|e70c524c-0e68-5b71-a628-218a1c4ada10|6560e210-c64c-5aa5-b803-064597c5e769|b71a38f4-cfe5-55bc-a163-f440db851e1a|d9c75bcf-11c2-56ff-ad3a-29a225ac57d9|70f693ea-36a9-58cd-91c2-edb7456c1c07|10bf60b8-7ea4-5f04-89af-64d30542bd8f,2f9eefd943976cd349a1763189d15d5fa7b72387a095b4ff8cb1807a568efd0e,zenit-simulated-feature-snapshot-v1,simulated,False,False,False,False
949a3710-4fc6-5d51-8f7c-0c481fec0ed2,00cb94fd-970b-5652-b9e8-aa30d6d12bc3,2026-11-27,SP021,195,100,left,30,23.73,23.07,18.55,13.8,5.18,21.7,41.2,22,N2,within,development_rehearsal,fc5686e5-717c-5e77-83e7-452e419c7080|5bb71c60-3b46-57ac-aa09-7770f848c439|09080c17-2d02-50de-ad83-34fc1c4d3bdb|adae9117-6b07-52d5-a601-888a93c9a7dc|972fd689-f7f8-545a-8252-c9b1d2a7ac17|e4dd2e6f-ca90-5022-8b2d-d533e7b54330|e01b9897-610b-5c95-b526-06a2b28a0a29|9fadc321-de83-50e9-851d-417abeacc8bb|90bcdec1-d69c-5e2c-9d24-cfa6e8ef6a83|20e3f930-fea2-5eae-8347-2dfdb46f6886|16bf9cd6-7769-5fb7-9b1d-43dae54efec0|6ab3660d-dafd-5c26-bb00-518370e1aff4|173100b6-a54f-5b2e-a790-60b9a64fe029|d5567973-61c7-58b6-8972-50cc5115ef4f|216596bd-a5db-5441-a69a-9661994063db,af462ac64a37f2df2b426d6cc37ca33501f964d17b42c4805f8484e834a4d7af,zenit-simulated-feature-snapshot-v1,simulated,False,False,False,False
86f2afcc-bb45-555b-ada2-5ee61f4aae5d,4721c12b-0a1b-5b6a-9fb3-cb0b40d23bfb,2026-11-27,SP021,195,100,median,30,40.98,40.3,36.5,31.58,4.48,34.5,57.2,48,N3,exceeds,development_rehearsal,9398041c-bb85-5e6a-8ef2-b2ffc43a036b|222cef60-9dbe-5562-96b7-bfc6937f4dcc|77d97e74-4fa9-5ab1-b9a0-7d419d1747b9|8f14a3e8-3ee8-5e40-89ef-5e5107f412a0|d67f30ae-01d4-500d-a3de-af0c8c9230a5|447f48bb-3547-5ca8-ba0e-7a6b43cec366|4026034b-6804-583b-beab-ca9b5b8a8004|faa277ea-a7b4-5a5e-84a3-c78320f0e50f|3a53af22-f119-58da-80a6-587eb8e5f371|b2fc2d8d-bd59-5911-be77-e9a1c08e7fc7|d433b5b0-663a-5c47-82e0-0d34acb1a3a4|2e8a65e2-4c85-5014-b1f0-7581cc2be78e|d9ba8536-4315-59ae-a01f-4d25f052aef0|1237a7ec-6c77-5dec-8adb-f175a892046e|ecef6b1e-9e65-5e92-9bee-8748e20a6eab,9de7c49f7dc5138663461e484f5d303f6d00689da6d04796e59f092d5d464b9a,zenit-simulated-feature-snapshot-v1,simulated,False,False,False,False
53a653ac-fadc-56a5-8255-8cb042e98e81,046003bd-58ac-5aca-8364-c934ce6319c8,2026-11-27,SP021,195,100,right,30,18.27,17.5,12.45,43.72,5.82,33.3,52.7,12,N2,within,development_rehearsal,7c01417f-0ddd-56ae-9bc0-ad6c281de8d7|3a4d529c-c11e-5cd8-b302-8011eb722c5d|59a6c51c-9c54-5bc4-a388-ace1e88e2d5d|b77953ca-d860-5844-bb5b-71d26396780b|114dc9cb-e218-5713-a55e-477b1dd0d574|d1a73a60-ebb1-5a8b-a025-d473623daa10|93e243ca-7d9c-52ee-84e6-7c99080221a0|2266c24c-7a28-5cda-b680-500c6ccabedf|4465051d-5d06-5795-91c1-a435d9f75515|905aafa4-1f99-5b3a-9ff6-e9d9ed0402e6|35462b5b-e005-55cd-bded-5526247a332b|3ba62a0b-ded8-5a72-80d7-27bc1cd5781c|3dd7a916-3029-54a6-b34e-5fdb3a0c358b|cdf954fb-6b4e-5abb-870d-d13f42f37910|946a7093-6606-51d5-8866-cff0d0c04237,e296a98333c9bfa56e3d91de7de5d1180a4d4d118e0d7fb500fa1de98ac21385,zenit-simulated-feature-snapshot-v1,simulated,False,False,False,False
4d644ad1-6271-585e-9115-30cd9fa3552a,23232185-5c98-523a-a8a5-d53254b8a0d8,2026-11-27,SP021,195,100,special,10,11.66,11.32,7.65,11.57,4.01,35.7,56.6,12,N2,exceeds,development_rehearsal,1866dfa2-f2dc-5316-a3e5-f9779d44190f|4834a9b3-175e-578f-b88f-06030a9775b8|570e0e35-be10-58df-9d61-97f40cb9a19f|4c1a9ff4-9911-5052-9eed-4bd87f350b51|c168518f-d625-541c-8928-3e2936f6484b|933098d2-e25f-549f-b10d-28f0d3a78b88|b821de51-e0b8-539b-8622-70ae641cb071|6f17db17-3e2e-591d-9120-f1316538ce06|e70c524c-0e68-5b71-a628-218a1c4ada10|6560e210-c64c-5aa5-b803-064597c5e769|b71a38f4-cfe5-55bc-a163-f440db851e1a|d9c75bcf-11c2-56ff-ad3a-29a225ac57d9|70f693ea-36a9-58cd-91c2-edb7456c1c07|10bf60b8-7ea4-5f04-89af-64d30542bd8f|9c1837ed-9ca1-58fe-8c54-052587d58ed4,50e870b755dcf6589952d659ac561566ea48f9a3eea4b36fe4a5127405df8b3f,zenit-simulated-feature-snapshot-v1,simulated,False,False,False,False
a18a575b-8ce8-569d-b969-2d703f02574d,00cb94fd-970b-5652-b9e8-aa30d6d12bc3,2026-11-28,SP021,195,100,left,30,24.25,23.73,19.19,14.36,5.06,21.7,41.2,23,N2,within,development_rehearsal,5bb71c60-3b46-57ac-aa09-7770f848c439|09080c17-2d02-50de-ad83-34fc1c4d3bdb|adae9117-6b07-52d5-a601-888a93c9a7dc|972fd689-f7f8-545a-8252-c9b1d2a7ac17|e4dd2e6f-ca90-5022-8b2d-d533e7b54330|e01b9897-610b-5c95-b526-06a2b28a0a29|9fadc321-de83-50e9-851d-417abeacc8bb|90bcdec1-d69c-5e2c-9d24-cfa6e8ef6a83|20e3f930-fea2-5eae-8347-2dfdb46f6886|16bf9cd6-7769-5fb7-9b1d-43dae54efec0|6ab3660d-dafd-5c26-bb00-518370e1aff4|173100b6-a54f-5b2e-a790-60b9a64fe029|d5567973-61c7-58b6-8972-50cc5115ef4f|216596bd-a5db-5441-a69a-9661994063db|228c47b7-088a-59b7-9b40-17406106efc3,741ea8d64ba196275aca99bd5218b8a3e026fd344852632bd36e07e79e4bc693,zenit-simulated-feature-snapshot-v1,simulated,False,False,False,False
704267c7-947b-5d9c-bb1f-be37e03612c4,4721c12b-0a1b-5b6a-9fb3-cb0b40d23bfb,2026-11-28,SP021,195,100,median,30,41.65,40.98,37.01,32.18,4.64,41.6,64.3,49,N3,exceeds,development_rehearsal,222cef60-9dbe-5562-96b7-bfc6937f4dcc|77d97e74-4fa9-5ab1-b9a0-7d419d1747b9|8f14a3e8-3ee8-5e40-89ef-5e5107f412a0|d67f30ae-01d4-500d-a3de-af0c8c9230a5|447f48bb-3547-5ca8-ba0e-7a6b43cec366|4026034b-6804-583b-beab-ca9b5b8a8004|faa277ea-a7b4-5a5e-84a3-c78320f0e50f|3a53af22-f119-58da-80a6-587eb8e5f371|b2fc2d8d-bd59-5911-be77-e9a1c08e7fc7|d433b5b0-663a-5c47-82e0-0d34acb1a3a4|2e8a65e2-4c85-5014-b1f0-7581cc2be78e|d9ba8536-4315-59ae-a01f-4d25f052aef0|1237a7ec-6c77-5dec-8adb-f175a892046e|ecef6b1e-9e65-5e92-9bee-8748e20a6eab|aa475542-cd89-5d0b-b63f-313c7dd0c090,5bfa4caf24fc151ea92f0a11403999a62e0e493a3b06debd6eb5f94d5f6f064a,zenit-simulated-feature-snapshot-v1,simulated,False,False,False,False
0c597fab-ef6c-5dba-87f9-c6899ec5c1f2,046003bd-58ac-5aca-8364-c934ce6319c8,2026-11-28,SP021,195,100,right,30,19.08,18.27,13.17,44.39,5.91,30.0,49.1,13,N2,within,development_rehearsal,3a4d529c-c11e-5cd8-b302-8011eb722c5d|59a6c51c-9c54-5bc4-a388-ace1e88e2d5d|b77953ca-d860-5844-bb5b-71d26396780b|114dc9cb-e218-5713-a55e-477b1dd0d574|d1a73a60-ebb1-5a8b-a025-d473623daa10|93e243ca-7d9c-52ee-84e6-7c99080221a0|2266c24c-7a28-5cda-b680-500c6ccabedf|4465051d-5d06-5795-91c1-a435d9f75515|905aafa4-1f99-5b3a-9ff6-e9d9ed0402e6|35462b5b-e005-55cd-bded-5526247a332b|3ba62a0b-ded8-5a72-80d7-27bc1cd5781c|3dd7a916-3029-54a6-b34e-5fdb3a0c358b|cdf954fb-6b4e-5abb-870d-d13f42f37910|946a7093-6606-51d5-8866-cff0d0c04237|03fe38fb-59f6-55cf-92c3-883ce3a13e6a,a9f6056bf0c0ec39803f6741e12b86a17268a4de3a58032d3215331d1c427b0b,zenit-simulated-feature-snapshot-v1,simulated,False,False,False,False
554a8ef2-d107-5507-b700-14191cfcd482,23232185-5c98-523a-a8a5-d53254b8a0d8,2026-11-28,SP021,195,100,special,10,12.16,11.66,8.09,12.17,4.07,36.5,55.3,13,N2,exceeds,development_rehearsal,4834a9b3-175e-578f-b88f-06030a9775b8|570e0e35-be10-58df-9d61-97f40cb9a19f|4c1a9ff4-9911-5052-9eed-4bd87f350b51|c168518f-d625-541c-8928-3e2936f6484b|933098d2-e25f-549f-b10d-28f0d3a78b88|b821de51-e0b8-539b-8622-70ae641cb071|6f17db17-3e2e-591d-9120-f1316538ce06|e70c524c-0e68-5b71-a628-218a1c4ada10|6560e210-c64c-5aa5-b803-064597c5e769|b71a38f4-cfe5-55bc-a163-f440db851e1a|d9c75bcf-11c2-56ff-ad3a-29a225ac57d9|70f693ea-36a9-58cd-91c2-edb7456c1c07|10bf60b8-7ea4-5f04-89af-64d30542bd8f|9c1837ed-9ca1-58fe-8c54-052587d58ed4|da30c0c5-3b33-5ce5-81cd-4dff6b4d6416,8a21b0de666b7e92eacd836c00955901070d11e79979026af27cccc117581951,zenit-simulated-feature-snapshot-v1,simulated,False,False,False,False
0af39105-e968-526d-8ced-366ccee40dd7,00cb94fd-970b-5652-b9e8-aa30d6d12bc3,2026-11-29,SP021,195,100,left,30,24.77,24.25,20.11,15.26,4.66,13.5,34.5,24,N2,within,development_rehearsal,09080c17-2d02-50de-ad83-34fc1c4d3bdb|adae9117-6b07-52d5-a601-888a93c9a7dc|972fd689-f7f8-545a-8252-c9b1d2a7ac17|e4dd2e6f-ca90-5022-8b2d-d533e7b54330|e01b9897-610b-5c95-b526-06a2b28a0a29|9fadc321-de83-50e9-851d-417abeacc8bb|90bcdec1-d69c-5e2c-9d24-cfa6e8ef6a83|20e3f930-fea2-5eae-8347-2dfdb46f6886|16bf9cd6-7769-5fb7-9b1d-43dae54efec0|6ab3660d-dafd-5c26-bb00-518370e1aff4|173100b6-a54f-5b2e-a790-60b9a64fe029|d5567973-61c7-58b6-8972-50cc5115ef4f|216596bd-a5db-5441-a69a-9661994063db|228c47b7-088a-59b7-9b40-17406106efc3|96bc9dcf-b474-59c5-b1ef-c4b8875d8dd7,c60411abe9020aab587ef9760b64574eb74e4c84537658781013b8fef13a5803,zenit-simulated-feature-snapshot-v1,simulated,False,False,False,False
dd186abb-7d77-56ec-b7ee-59c59c0ff7b3,4721c12b-0a1b-5b6a-9fb3-cb0b40d23bfb,2026-11-29,SP021,195,100,median,30,8.0,41.65,37.68,32.92,4.7,42.9,71.3,0,N1,within,development_rehearsal,77d97e74-4fa9-5ab1-b9a0-7d419d1747b9|8f14a3e8-3ee8-5e40-89ef-5e5107f412a0|d67f30ae-01d4-500d-a3de-af0c8c9230a5|447f48bb-3547-5ca8-ba0e-7a6b43cec366|4026034b-6804-583b-beab-ca9b5b8a8004|faa277ea-a7b4-5a5e-84a3-c78320f0e50f|3a53af22-f119-58da-80a6-587eb8e5f371|b2fc2d8d-bd59-5911-be77-e9a1c08e7fc7|d433b5b0-663a-5c47-82e0-0d34acb1a3a4|2e8a65e2-4c85-5014-b1f0-7581cc2be78e|d9ba8536-4315-59ae-a01f-4d25f052aef0|1237a7ec-6c77-5dec-8adb-f175a892046e|ecef6b1e-9e65-5e92-9bee-8748e20a6eab|aa475542-cd89-5d0b-b63f-313c7dd0c090|4d25b399-f280-5115-8a28-6b45059e20f1,9ec2145d1b38f1e858c7329beb30f5780c34e50668611d7f206d91626bb50f52,zenit-simulated-feature-snapshot-v1,simulated,False,False,False,False
8dad7182-6961-53f3-a98b-4014ccb7951a,046003bd-58ac-5aca-8364-c934ce6319c8,2026-11-29,SP021,195,100,right,30,19.91,19.08,14.0,8.0,5.91,35.3,55.3,14,N2,within,development_rehearsal,59a6c51c-9c54-5bc4-a388-ace1e88e2d5d|b77953ca-d860-5844-bb5b-71d26396780b|114dc9cb-e218-5713-a55e-477b1dd0d574|d1a73a60-ebb1-5a8b-a025-d473623daa10|93e243ca-7d9c-52ee-84e6-7c99080221a0|2266c24c-7a28-5cda-b680-500c6ccabedf|4465051d-5d06-5795-91c1-a435d9f75515|905aafa4-1f99-5b3a-9ff6-e9d9ed0402e6|35462b5b-e005-55cd-bded-5526247a332b|3ba62a0b-ded8-5a72-80d7-27bc1cd5781c|3dd7a916-3029-54a6-b34e-5fdb3a0c358b|cdf954fb-6b4e-5abb-870d-d13f42f37910|946a7093-6606-51d5-8866-cff0d0c04237|03fe38fb-59f6-55cf-92c3-883ce3a13e6a|915bbe29-475a-5ed2-a6e0-37155bafb441,3236fcf19a32273bf0e722c678bb6de25bc747b73eb42d8f4b6e558d5bacc63a,zenit-simulated-feature-snapshot-v1,simulated,False,False,False,False
cb1bda56-b6c6-56eb-a9b7-45ea0c88d476,23232185-5c98-523a-a8a5-d53254b8a0d8,2026-11-29,SP021,195,100,special,10,5.0,12.16,8.83,5.0,3.78,31.9,51.8,0,N1,within,development_rehearsal,570e0e35-be10-58df-9d61-97f40cb9a19f|4c1a9ff4-9911-5052-9eed-4bd87f350b51|c168518f-d625-541c-8928-3e2936f6484b|933098d2-e25f-549f-b10d-28f0d3a78b88|b821de51-e0b8-539b-8622-70ae641cb071|6f17db17-3e2e-591d-9120-f1316538ce06|e70c524c-0e68-5b71-a628-218a1c4ada10|6560e210-c64c-5aa5-b803-064597c5e769|b71a38f4-cfe5-55bc-a163-f440db851e1a|d9c75bcf-11c2-56ff-ad3a-29a225ac57d9|70f693ea-36a9-58cd-91c2-edb7456c1c07|10bf60b8-7ea4-5f04-89af-64d30542bd8f|9c1837ed-9ca1-58fe-8c54-052587d58ed4|da30c0c5-3b33-5ce5-81cd-4dff6b4d6416|7b58d38c-52de-54af-99a0-395a68bf8aee,ff57ceea25905998777c666f43e3e96601c12ffb1ab06185187cf7ef4c67d6b6,zenit-simulated-feature-snapshot-v1,simulated,False,False,False,False
ec3b3125-9a2b-521c-96f2-26ef521725b4,00cb94fd-970b-5652-b9e8-aa30d6d12bc3,2026-11-30,SP021,195,100,left,30,25.51,24.77,20.81,16.01,4.7,13.2,35.8,25,N2,within,development_rehearsal,adae9117-6b07-52d5-a601-888a93c9a7dc|972fd689-f7f8-545a-8252-c9b1d2a7ac17|e4dd2e6f-ca90-5022-8b2d-d533e7b54330|e01b9897-610b-5c95-b526-06a2b28a0a29|9fadc321-de83-50e9-851d-417abeacc8bb|90bcdec1-d69c-5e2c-9d24-cfa6e8ef6a83|20e3f930-fea2-5eae-8347-2dfdb46f6886|16bf9cd6-7769-5fb7-9b1d-43dae54efec0|6ab3660d-dafd-5c26-bb00-518370e1aff4|173100b6-a54f-5b2e-a790-60b9a64fe029|d5567973-61c7-58b6-8972-50cc5115ef4f|216596bd-a5db-5441-a69a-9661994063db|228c47b7-088a-59b7-9b40-17406106efc3|96bc9dcf-b474-59c5-b1ef-c4b8875d8dd7|ddcc53a2-1a9a-5533-98f1-7158be4f40b2,7b713577e95f9dbe719ea2fc297e53ff9474fb1a1a6d251f8f4e4bcf6ce0bec0,zenit-simulated-feature-snapshot-v1,simulated,False,False,False,False
70f64c26-eba9-51ac-83e0-6149cc4764ec,4721c12b-0a1b-5b6a-9fb3-cb0b40d23bfb,2026-11-30,SP021,195,100,median,30,8.55,8.0,38.21,33.74,4.72,43.5,70.0,1,N1,within,development_rehearsal,8f14a3e8-3ee8-5e40-89ef-5e5107f412a0|d67f30ae-01d4-500d-a3de-af0c8c9230a5|447f48bb-3547-5ca8-ba0e-7a6b43cec366|4026034b-6804-583b-beab-ca9b5b8a8004|faa277ea-a7b4-5a5e-84a3-c78320f0e50f|3a53af22-f119-58da-80a6-587eb8e5f371|b2fc2d8d-bd59-5911-be77-e9a1c08e7fc7|d433b5b0-663a-5c47-82e0-0d34acb1a3a4|2e8a65e2-4c85-5014-b1f0-7581cc2be78e|d9ba8536-4315-59ae-a01f-4d25f052aef0|1237a7ec-6c77-5dec-8adb-f175a892046e|ecef6b1e-9e65-5e92-9bee-8748e20a6eab|aa475542-cd89-5d0b-b63f-313c7dd0c090|4d25b399-f280-5115-8a28-6b45059e20f1|9831f2fc-ac47-541a-bd84-43c520809661,d141e2c5c003c9ddfb19cfc4ee382b963eb7d569b146593b6edbf46375cd6a99,zenit-simulated-feature-snapshot-v1,simulated,False,False,False,False
f5338cd4-9b3b-5166-9223-127a8733e346,046003bd-58ac-5aca-8364-c934ce6319c8,2026-11-30,SP021,195,100,right,30,20.55,19.91,14.74,9.06,5.81,33.9,46.1,15,N2,within,development_rehearsal,b77953ca-d860-5844-bb5b-71d26396780b|114dc9cb-e218-5713-a55e-477b1dd0d574|d1a73a60-ebb1-5a8b-a025-d473623daa10|93e243ca-7d9c-52ee-84e6-7c99080221a0|2266c24c-7a28-5cda-b680-500c6ccabedf|4465051d-5d06-5795-91c1-a435d9f75515|905aafa4-1f99-5b3a-9ff6-e9d9ed0402e6|35462b5b-e005-55cd-bded-5526247a332b|3ba62a0b-ded8-5a72-80d7-27bc1cd5781c|3dd7a916-3029-54a6-b34e-5fdb3a0c358b|cdf954fb-6b4e-5abb-870d-d13f42f37910|946a7093-6606-51d5-8866-cff0d0c04237|03fe38fb-59f6-55cf-92c3-883ce3a13e6a|915bbe29-475a-5ed2-a6e0-37155bafb441|fd7559ea-de81-55bf-8571-2bf7f7ee54aa,5c853177b17964a2c6a1584a51052347512e9b18f664dbb060192fe0179eca75,zenit-simulated-feature-snapshot-v1,simulated,False,False,False,False
1c6d3bf6-9e43-5848-80d6-71a26d572b55,23232185-5c98-523a-a8a5-d53254b8a0d8,2026-11-30,SP021,195,100,special,10,5.41,5.0,9.47,5.81,3.55,29.2,43.4,1,N1,within,development_rehearsal,4c1a9ff4-9911-5052-9eed-4bd87f350b51|c168518f-d625-541c-8928-3e2936f6484b|933098d2-e25f-549f-b10d-28f0d3a78b88|b821de51-e0b8-539b-8622-70ae641cb071|6f17db17-3e2e-591d-9120-f1316538ce06|e70c524c-0e68-5b71-a628-218a1c4ada10|6560e210-c64c-5aa5-b803-064597c5e769|b71a38f4-cfe5-55bc-a163-f440db851e1a|d9c75bcf-11c2-56ff-ad3a-29a225ac57d9|70f693ea-36a9-58cd-91c2-edb7456c1c07|10bf60b8-7ea4-5f04-89af-64d30542bd8f|9c1837ed-9ca1-58fe-8c54-052587d58ed4|da30c0c5-3b33-5ce5-81cd-4dff6b4d6416|7b58d38c-52de-54af-99a0-395a68bf8aee|ecb9033d-7d63-572b-aad5-cc7511700799,7a1fc84429e3c3f0885e3bec0ff0d0e37b079d9ce41113814de0c4bf79ecb3c9,zenit-simulated-feature-snapshot-v1,simulated,False,False,False,False
2b416ebb-0354-5810-be37-1e7f96368c1e,00cb94fd-970b-5652-b9e8-aa30d6d12bc3,2026-12-01,SP021,195,100,left,30,26.58,25.51,21.73,16.61,4.85,18.5,45.3,26,N2,within,development_rehearsal,972fd689-f7f8-545a-8252-c9b1d2a7ac17|e4dd2e6f-ca90-5022-8b2d-d533e7b54330|e01b9897-610b-5c95-b526-06a2b28a0a29|9fadc321-de83-50e9-851d-417abeacc8bb|90bcdec1-d69c-5e2c-9d24-cfa6e8ef6a83|20e3f930-fea2-5eae-8347-2dfdb46f6886|16bf9cd6-7769-5fb7-9b1d-43dae54efec0|6ab3660d-dafd-5c26-bb00-518370e1aff4|173100b6-a54f-5b2e-a790-60b9a64fe029|d5567973-61c7-58b6-8972-50cc5115ef4f|216596bd-a5db-5441-a69a-9661994063db|228c47b7-088a-59b7-9b40-17406106efc3|96bc9dcf-b474-59c5-b1ef-c4b8875d8dd7|ddcc53a2-1a9a-5533-98f1-7158be4f40b2|94f8cdf9-13c6-5ffb-8ed8-3cd77e1e611b,3fa0f518dee9bb5ea106f1db0a98c159e82ea57f8e2484a4bbb7102bb0beb549,zenit-simulated-feature-snapshot-v1,simulated,False,False,False,False
e1531c05-8633-5ab1-920a-bd1121f2a903,4721c12b-0a1b-5b6a-9fb3-cb0b40d23bfb,2026-12-01,SP021,195,100,median,30,9.21,8.55,38.97,34.39,4.62,48.5,73.3,2,N1,within,development_rehearsal,d67f30ae-01d4-500d-a3de-af0c8c9230a5|447f48bb-3547-5ca8-ba0e-7a6b43cec366|4026034b-6804-583b-beab-ca9b5b8a8004|faa277ea-a7b4-5a5e-84a3-c78320f0e50f|3a53af22-f119-58da-80a6-587eb8e5f371|b2fc2d8d-bd59-5911-be77-e9a1c08e7fc7|d433b5b0-663a-5c47-82e0-0d34acb1a3a4|2e8a65e2-4c85-5014-b1f0-7581cc2be78e|d9ba8536-4315-59ae-a01f-4d25f052aef0|1237a7ec-6c77-5dec-8adb-f175a892046e|ecef6b1e-9e65-5e92-9bee-8748e20a6eab|aa475542-cd89-5d0b-b63f-313c7dd0c090|4d25b399-f280-5115-8a28-6b45059e20f1|9831f2fc-ac47-541a-bd84-43c520809661|40a62eba-6d1a-5d7a-8c9c-57fc84dd127a,6888699c692bbc7bbd1d7aa4f87b9b49748f0414f2047558c6ea1dccc8bc991c,zenit-simulated-feature-snapshot-v1,simulated,False,False,False,False
49ce1565-41ec-5f86-8052-a4efef3650c4,046003bd-58ac-5aca-8364-c934ce6319c8,2026-12-01,SP021,195,100,right,30,21.31,20.55,15.62,9.95,5.69,34.6,50.1,16,N2,within,development_rehearsal,114dc9cb-e218-5713-a55e-477b1dd0d574|d1a73a60-ebb1-5a8b-a025-d473623daa10|93e243ca-7d9c-52ee-84e6-7c99080221a0|2266c24c-7a28-5cda-b680-500c6ccabedf|4465051d-5d06-5795-91c1-a435d9f75515|905aafa4-1f99-5b3a-9ff6-e9d9ed0402e6|35462b5b-e005-55cd-bded-5526247a332b|3ba62a0b-ded8-5a72-80d7-27bc1cd5781c|3dd7a916-3029-54a6-b34e-5fdb3a0c358b|cdf954fb-6b4e-5abb-870d-d13f42f37910|946a7093-6606-51d5-8866-cff0d0c04237|03fe38fb-59f6-55cf-92c3-883ce3a13e6a|915bbe29-475a-5ed2-a6e0-37155bafb441|fd7559ea-de81-55bf-8571-2bf7f7ee54aa|b24c7038-be0f-5187-926e-1774af6e1a69,aa0666d657ad891457153fb2612901b23dbcfdb541494d463f9640fd22407134,zenit-simulated-feature-snapshot-v1,simulated,False,False,False,False
174dcbe3-f138-5101-ab38-34be25ce2e33,23232185-5c98-523a-a8a5-d53254b8a0d8,2026-12-01,SP021,195,100,special,10,5.95,5.41,10.14,6.32,3.42,19.2,43.9,2,N1,within,development_rehearsal,c168518f-d625-541c-8928-3e2936f6484b|933098d2-e25f-549f-b10d-28f0d3a78b88|b821de51-e0b8-539b-8622-70ae641cb071|6f17db17-3e2e-591d-9120-f1316538ce06|e70c524c-0e68-5b71-a628-218a1c4ada10|6560e210-c64c-5aa5-b803-064597c5e769|b71a38f4-cfe5-55bc-a163-f440db851e1a|d9c75bcf-11c2-56ff-ad3a-29a225ac57d9|70f693ea-36a9-58cd-91c2-edb7456c1c07|10bf60b8-7ea4-5f04-89af-64d30542bd8f|9c1837ed-9ca1-58fe-8c54-052587d58ed4|da30c0c5-3b33-5ce5-81cd-4dff6b4d6416|7b58d38c-52de-54af-99a0-395a68bf8aee|ecb9033d-7d63-572b-aad5-cc7511700799|b1cc16d4-95e8-5c5f-8868-0d31a773b08e,0f2dc31d2ebb98a8ff74c2dbe707327029299068239c14be73d63ed273c2d559,zenit-simulated-feature-snapshot-v1,simulated,False,False,False,False
57cbe01f-7397-55d6-9554-9f178cd360d3,00cb94fd-970b-5652-b9e8-aa30d6d12bc3,2026-12-02,SP021,195,100,left,30,27.38,26.58,22.42,17.18,4.96,27.3,51.8,27,N2,within,development_rehearsal,e4dd2e6f-ca90-5022-8b2d-d533e7b54330|e01b9897-610b-5c95-b526-06a2b28a0a29|9fadc321-de83-50e9-851d-417abeacc8bb|90bcdec1-d69c-5e2c-9d24-cfa6e8ef6a83|20e3f930-fea2-5eae-8347-2dfdb46f6886|16bf9cd6-7769-5fb7-9b1d-43dae54efec0|6ab3660d-dafd-5c26-bb00-518370e1aff4|173100b6-a54f-5b2e-a790-60b9a64fe029|d5567973-61c7-58b6-8972-50cc5115ef4f|216596bd-a5db-5441-a69a-9661994063db|228c47b7-088a-59b7-9b40-17406106efc3|96bc9dcf-b474-59c5-b1ef-c4b8875d8dd7|ddcc53a2-1a9a-5533-98f1-7158be4f40b2|94f8cdf9-13c6-5ffb-8ed8-3cd77e1e611b|a2d91016-5e87-5180-9b2a-fb68926ae40f,66e2479b48840bb64a46837689e94f2e6d91cdebd762a74d7fa10af634b810c5,zenit-simulated-feature-snapshot-v1,simulated,False,False,False,False
a8601117-89b6-58e7-b457-b50b72491ce8,4721c12b-0a1b-5b6a-9fb3-cb0b40d23bfb,2026-12-02,SP021,195,100,median,30,9.98,9.21,39.41,34.97,4.95,51.9,76.7,3,N1,within,development_rehearsal,447f48bb-3547-5ca8-ba0e-7a6b43cec366|4026034b-6804-583b-beab-ca9b5b8a8004|faa277ea-a7b4-5a5e-84a3-c78320f0e50f|3a53af22-f119-58da-80a6-587eb8e5f371|b2fc2d8d-bd59-5911-be77-e9a1c08e7fc7|d433b5b0-663a-5c47-82e0-0d34acb1a3a4|2e8a65e2-4c85-5014-b1f0-7581cc2be78e|d9ba8536-4315-59ae-a01f-4d25f052aef0|1237a7ec-6c77-5dec-8adb-f175a892046e|ecef6b1e-9e65-5e92-9bee-8748e20a6eab|aa475542-cd89-5d0b-b63f-313c7dd0c090|4d25b399-f280-5115-8a28-6b45059e20f1|9831f2fc-ac47-541a-bd84-43c520809661|40a62eba-6d1a-5d7a-8c9c-57fc84dd127a|96592832-58c4-506a-90d0-a46817d11bb8,05c5b8d9d6ddcc823b7031c780acf5862cf2d03b16fb7624858e5c1b3fe2afc8,zenit-simulated-feature-snapshot-v1,simulated,False,False,False,False
1f9d1ed3-44ec-5db6-8f7b-c4e072116821,046003bd-58ac-5aca-8364-c934ce6319c8,2026-12-02,SP021,195,100,right,30,21.94,21.31,16.92,10.76,5.02,20.1,50.9,17,N2,within,development_rehearsal,d1a73a60-ebb1-5a8b-a025-d473623daa10|93e243ca-7d9c-52ee-84e6-7c99080221a0|2266c24c-7a28-5cda-b680-500c6ccabedf|4465051d-5d06-5795-91c1-a435d9f75515|905aafa4-1f99-5b3a-9ff6-e9d9ed0402e6|35462b5b-e005-55cd-bded-5526247a332b|3ba62a0b-ded8-5a72-80d7-27bc1cd5781c|3dd7a916-3029-54a6-b34e-5fdb3a0c358b|cdf954fb-6b4e-5abb-870d-d13f42f37910|946a7093-6606-51d5-8866-cff0d0c04237|03fe38fb-59f6-55cf-92c3-883ce3a13e6a|915bbe29-475a-5ed2-a6e0-37155bafb441|fd7559ea-de81-55bf-8571-2bf7f7ee54aa|b24c7038-be0f-5187-926e-1774af6e1a69|a9826f66-eef0-57ac-97e4-e7ceb15e1458,4b067cbae8c3896da495e72d1e7a8d9628e700ac6fcc42c879c99eb1453c152f,zenit-simulated-feature-snapshot-v1,simulated,False,False,False,False
470fd674-7166-536e-b568-6eb591b5be6f,23232185-5c98-523a-a8a5-d53254b8a0d8,2026-12-02,SP021,195,100,special,10,6.84,5.95,10.83,6.72,3.62,21.5,55.8,3,N1,within,development_rehearsal,933098d2-e25f-549f-b10d-28f0d3a78b88|b821de51-e0b8-539b-8622-70ae641cb071|6f17db17-3e2e-591d-9120-f1316538ce06|e70c524c-0e68-5b71-a628-218a1c4ada10|6560e210-c64c-5aa5-b803-064597c5e769|b71a38f4-cfe5-55bc-a163-f440db851e1a|d9c75bcf-11c2-56ff-ad3a-29a225ac57d9|70f693ea-36a9-58cd-91c2-edb7456c1c07|10bf60b8-7ea4-5f04-89af-64d30542bd8f|9c1837ed-9ca1-58fe-8c54-052587d58ed4|da30c0c5-3b33-5ce5-81cd-4dff6b4d6416|7b58d38c-52de-54af-99a0-395a68bf8aee|ecb9033d-7d63-572b-aad5-cc7511700799|b1cc16d4-95e8-5c5f-8868-0d31a773b08e|481e4ab4-02bd-5712-b691-557943b2be2d,3053a8e257f46a602b5752eb55713109f3ca8ffd71ce76bd17306088f1972c98,zenit-simulated-feature-snapshot-v1,simulated,False,False,False,False
6df82788-f63e-5a88-8683-bea01bd36de9,00cb94fd-970b-5652-b9e8-aa30d6d12bc3,2026-12-03,SP021,195,100,left,30,28.04,27.38,23.07,17.94,4.97,29.3,47.6,28,N2,within,development_rehearsal,e01b9897-610b-5c95-b526-06a2b28a0a29|9fadc321-de83-50e9-851d-417abeacc8bb|90bcdec1-d69c-5e2c-9d24-cfa6e8ef6a83|20e3f930-fea2-5eae-8347-2dfdb46f6886|16bf9cd6-7769-5fb7-9b1d-43dae54efec0|6ab3660d-dafd-5c26-bb00-518370e1aff4|173100b6-a54f-5b2e-a790-60b9a64fe029|d5567973-61c7-58b6-8972-50cc5115ef4f|216596bd-a5db-5441-a69a-9661994063db|228c47b7-088a-59b7-9b40-17406106efc3|96bc9dcf-b474-59c5-b1ef-c4b8875d8dd7|ddcc53a2-1a9a-5533-98f1-7158be4f40b2|94f8cdf9-13c6-5ffb-8ed8-3cd77e1e611b|a2d91016-5e87-5180-9b2a-fb68926ae40f|76e0cd2c-767a-5bd2-8d4b-9b85af8ec7ef,25463bfd025b83b8190ee8479a682f7c9d14de1908f7f4c33af057351f147046,zenit-simulated-feature-snapshot-v1,simulated,False,False,False,False
d003cdd6-b8e7-55b3-9be8-b39a3625be96,4721c12b-0a1b-5b6a-9fb3-cb0b40d23bfb,2026-12-03,SP021,195,100,median,30,10.78,9.98,40.3,35.67,4.86,48.7,77.2,4,N2,within,development_rehearsal,4026034b-6804-583b-beab-ca9b5b8a8004|faa277ea-a7b4-5a5e-84a3-c78320f0e50f|3a53af22-f119-58da-80a6-587eb8e5f371|b2fc2d8d-bd59-5911-be77-e9a1c08e7fc7|d433b5b0-663a-5c47-82e0-0d34acb1a3a4|2e8a65e2-4c85-5014-b1f0-7581cc2be78e|d9ba8536-4315-59ae-a01f-4d25f052aef0|1237a7ec-6c77-5dec-8adb-f175a892046e|ecef6b1e-9e65-5e92-9bee-8748e20a6eab|aa475542-cd89-5d0b-b63f-313c7dd0c090|4d25b399-f280-5115-8a28-6b45059e20f1|9831f2fc-ac47-541a-bd84-43c520809661|40a62eba-6d1a-5d7a-8c9c-57fc84dd127a|96592832-58c4-506a-90d0-a46817d11bb8|ad9cff78-4f82-52a1-a46e-3920afd95daf,46bf0fecde3d0adcc8f74bd8c0dc869b6a7e23f4f3081f55a79978e1014b3f11,zenit-simulated-feature-snapshot-v1,simulated,False,False,False,False
c62b8b8f-9062-54e5-81b9-ffe2221f1834,046003bd-58ac-5aca-8364-c934ce6319c8,2026-12-03,SP021,195,100,right,30,22.5,21.94,17.5,11.57,5.0,20.1,50.9,18,N2,within,development_rehearsal,93e243ca-7d9c-52ee-84e6-7c99080221a0|2266c24c-7a28-5cda-b680-500c6ccabedf|4465051d-5d06-5795-91c1-a435d9f75515|905aafa4-1f99-5b3a-9ff6-e9d9ed0402e6|35462b5b-e005-55cd-bded-5526247a332b|3ba62a0b-ded8-5a72-80d7-27bc1cd5781c|3dd7a916-3029-54a6-b34e-5fdb3a0c358b|cdf954fb-6b4e-5abb-870d-d13f42f37910|946a7093-6606-51d5-8866-cff0d0c04237|03fe38fb-59f6-55cf-92c3-883ce3a13e6a|915bbe29-475a-5ed2-a6e0-37155bafb441|fd7559ea-de81-55bf-8571-2bf7f7ee54aa|b24c7038-be0f-5187-926e-1774af6e1a69|a9826f66-eef0-57ac-97e4-e7ceb15e1458|f76e7457-2262-5025-8100-04e6fdfa40a3,4ec14be9dde6a5b604e2a594de67723f429b1a222738a1167ed691e449183935,zenit-simulated-feature-snapshot-v1,simulated,False,False,False,False
77ae6be3-3357-5bea-b79e-0dce521a4112,23232185-5c98-523a-a8a5-d53254b8a0d8,2026-12-03,SP021,195,100,special,10,7.48,6.84,11.32,7.14,3.77,24.6,60.3,4,N1,within,development_rehearsal,b821de51-e0b8-539b-8622-70ae641cb071|6f17db17-3e2e-591d-9120-f1316538ce06|e70c524c-0e68-5b71-a628-218a1c4ada10|6560e210-c64c-5aa5-b803-064597c5e769|b71a38f4-cfe5-55bc-a163-f440db851e1a|d9c75bcf-11c2-56ff-ad3a-29a225ac57d9|70f693ea-36a9-58cd-91c2-edb7456c1c07|10bf60b8-7ea4-5f04-89af-64d30542bd8f|9c1837ed-9ca1-58fe-8c54-052587d58ed4|da30c0c5-3b33-5ce5-81cd-4dff6b4d6416|7b58d38c-52de-54af-99a0-395a68bf8aee|ecb9033d-7d63-572b-aad5-cc7511700799|b1cc16d4-95e8-5c5f-8868-0d31a773b08e|481e4ab4-02bd-5712-b691-557943b2be2d|f2f895d7-08ce-597d-9352-58058f7ed42f,81b04026fa0654350e4d74be4a85eb664083502e3a986f769c30276471534346,zenit-simulated-feature-snapshot-v1,simulated,False,False,False,False
ea0de41e-b985-57cf-af13-f3ac83fd9a24,00cb94fd-970b-5652-b9e8-aa30d6d12bc3,2026-12-04,SP021,195,100,left,30,28.99,28.04,23.73,18.55,5.26,34.4,56.1,29,N2,within,development_rehearsal,9fadc321-de83-50e9-851d-417abeacc8bb|90bcdec1-d69c-5e2c-9d24-cfa6e8ef6a83|20e3f930-fea2-5eae-8347-2dfdb46f6886|16bf9cd6-7769-5fb7-9b1d-43dae54efec0|6ab3660d-dafd-5c26-bb00-518370e1aff4|173100b6-a54f-5b2e-a790-60b9a64fe029|d5567973-61c7-58b6-8972-50cc5115ef4f|216596bd-a5db-5441-a69a-9661994063db|228c47b7-088a-59b7-9b40-17406106efc3|96bc9dcf-b474-59c5-b1ef-c4b8875d8dd7|ddcc53a2-1a9a-5533-98f1-7158be4f40b2|94f8cdf9-13c6-5ffb-8ed8-3cd77e1e611b|a2d91016-5e87-5180-9b2a-fb68926ae40f|76e0cd2c-767a-5bd2-8d4b-9b85af8ec7ef|7ecde1b6-675d-5976-8aaf-bd32c8948af5,a0a1c5d8219905e77289236c01a5679b06c912b3a3070fbcdc18b16904c98ee9,zenit-simulated-feature-snapshot-v1,simulated,False,False,False,False
c3710a64-5e5b-5af0-99eb-20db5d5add72,4721c12b-0a1b-5b6a-9fb3-cb0b40d23bfb,2026-12-04,SP021,195,100,median,30,11.54,10.78,40.98,36.5,4.94,42.2,76.7,5,N2,within,development_rehearsal,faa277ea-a7b4-5a5e-84a3-c78320f0e50f|3a53af22-f119-58da-80a6-587eb8e5f371|b2fc2d8d-bd59-5911-be77-e9a1c08e7fc7|d433b5b0-663a-5c47-82e0-0d34acb1a3a4|2e8a65e2-4c85-5014-b1f0-7581cc2be78e|d9ba8536-4315-59ae-a01f-4d25f052aef0|1237a7ec-6c77-5dec-8adb-f175a892046e|ecef6b1e-9e65-5e92-9bee-8748e20a6eab|aa475542-cd89-5d0b-b63f-313c7dd0c090|4d25b399-f280-5115-8a28-6b45059e20f1|9831f2fc-ac47-541a-bd84-43c520809661|40a62eba-6d1a-5d7a-8c9c-57fc84dd127a|96592832-58c4-506a-90d0-a46817d11bb8|ad9cff78-4f82-52a1-a46e-3920afd95daf|391344e6-151d-5e91-813c-51d5d2d0e738,1d2b553de2059f921ad0f279a6c37caff8f6da523aca970d380a4e0c0ef104c2,zenit-simulated-feature-snapshot-v1,simulated,False,False,False,False
dd02d970-5075-5500-b67e-1584023d6a65,046003bd-58ac-5aca-8364-c934ce6319c8,2026-12-04,SP021,195,100,right,30,23.4,22.5,18.27,12.45,5.13,19.4,52.7,19,N2,within,development_rehearsal,2266c24c-7a28-5cda-b680-500c6ccabedf|4465051d-5d06-5795-91c1-a435d9f75515|905aafa4-1f99-5b3a-9ff6-e9d9ed0402e6|35462b5b-e005-55cd-bded-5526247a332b|3ba62a0b-ded8-5a72-80d7-27bc1cd5781c|3dd7a916-3029-54a6-b34e-5fdb3a0c358b|cdf954fb-6b4e-5abb-870d-d13f42f37910|946a7093-6606-51d5-8866-cff0d0c04237|03fe38fb-59f6-55cf-92c3-883ce3a13e6a|915bbe29-475a-5ed2-a6e0-37155bafb441|fd7559ea-de81-55bf-8571-2bf7f7ee54aa|b24c7038-be0f-5187-926e-1774af6e1a69|a9826f66-eef0-57ac-97e4-e7ceb15e1458|f76e7457-2262-5025-8100-04e6fdfa40a3|d946210c-5441-5045-aedc-db4553de7dbf,03516b2952ccbcaa7288c9b60c1916904eeb273e3753b901eb9118b0b5ef8545,zenit-simulated-feature-snapshot-v1,simulated,False,False,False,False
e899f212-83b3-5d4b-8165-83d15ed068a7,23232185-5c98-523a-a8a5-d53254b8a0d8,2026-12-04,SP021,195,100,special,10,8.27,7.48,11.66,7.65,4.22,30.7,66.4,5,N1,within,development_rehearsal,6f17db17-3e2e-591d-9120-f1316538ce06|e70c524c-0e68-5b71-a628-218a1c4ada10|6560e210-c64c-5aa5-b803-064597c5e769|b71a38f4-cfe5-55bc-a163-f440db851e1a|d9c75bcf-11c2-56ff-ad3a-29a225ac57d9|70f693ea-36a9-58cd-91c2-edb7456c1c07|10bf60b8-7ea4-5f04-89af-64d30542bd8f|9c1837ed-9ca1-58fe-8c54-052587d58ed4|da30c0c5-3b33-5ce5-81cd-4dff6b4d6416|7b58d38c-52de-54af-99a0-395a68bf8aee|ecb9033d-7d63-572b-aad5-cc7511700799|b1cc16d4-95e8-5c5f-8868-0d31a773b08e|481e4ab4-02bd-5712-b691-557943b2be2d|f2f895d7-08ce-597d-9352-58058f7ed42f|e5adda40-7bf2-520b-9d51-5268d90cb6ba,f5c4dac6399e3da7340ece8a1fed2eccd08e500647ea2221b9ca206e813076b8,zenit-simulated-feature-snapshot-v1,simulated,False,False,False,False
9aad3af9-64c1-5a8b-ac50-71b8d55b2c25,00cb94fd-970b-5652-b9e8-aa30d6d12bc3,2026-12-05,SP021,195,100,left,30,29.74,28.99,24.25,19.19,5.49,34.4,56.1,30,N2,within,development_rehearsal,90bcdec1-d69c-5e2c-9d24-cfa6e8ef6a83|20e3f930-fea2-5eae-8347-2dfdb46f6886|16bf9cd6-7769-5fb7-9b1d-43dae54efec0|6ab3660d-dafd-5c26-bb00-518370e1aff4|173100b6-a54f-5b2e-a790-60b9a64fe029|d5567973-61c7-58b6-8972-50cc5115ef4f|216596bd-a5db-5441-a69a-9661994063db|228c47b7-088a-59b7-9b40-17406106efc3|96bc9dcf-b474-59c5-b1ef-c4b8875d8dd7|ddcc53a2-1a9a-5533-98f1-7158be4f40b2|94f8cdf9-13c6-5ffb-8ed8-3cd77e1e611b|a2d91016-5e87-5180-9b2a-fb68926ae40f|76e0cd2c-767a-5bd2-8d4b-9b85af8ec7ef|7ecde1b6-675d-5976-8aaf-bd32c8948af5|8af23cd6-a962-529a-bd2c-a13eeed6d8d2,159d85953badd83fff5756ac99c8f3cbd71d18d075db6c0a862bc38c6b9ff133,zenit-simulated-feature-snapshot-v1,simulated,False,False,False,False
8be4357e-148f-57eb-8ff6-06f1cc53f1ce,4721c12b-0a1b-5b6a-9fb3-cb0b40d23bfb,2026-12-05,SP021,195,100,median,30,12.25,11.54,41.65,37.01,4.98,36.1,77.7,6,N2,within,development_rehearsal,3a53af22-f119-58da-80a6-587eb8e5f371|b2fc2d8d-bd59-5911-be77-e9a1c08e7fc7|d433b5b0-663a-5c47-82e0-0d34acb1a3a4|2e8a65e2-4c85-5014-b1f0-7581cc2be78e|d9ba8536-4315-59ae-a01f-4d25f052aef0|1237a7ec-6c77-5dec-8adb-f175a892046e|ecef6b1e-9e65-5e92-9bee-8748e20a6eab|aa475542-cd89-5d0b-b63f-313c7dd0c090|4d25b399-f280-5115-8a28-6b45059e20f1|9831f2fc-ac47-541a-bd84-43c520809661|40a62eba-6d1a-5d7a-8c9c-57fc84dd127a|96592832-58c4-506a-90d0-a46817d11bb8|ad9cff78-4f82-52a1-a46e-3920afd95daf|391344e6-151d-5e91-813c-51d5d2d0e738|19df745f-b63c-5dba-97f2-8c9e35fd00a3,5ceea622ef5644251671ed724b9374422c299d76a24bf49b09a1d7a44d3a3425,zenit-simulated-feature-snapshot-v1,simulated,False,False,False,False
552d8038-44aa-5d3c-8cd3-b11a7f15c7d9,046003bd-58ac-5aca-8364-c934ce6319c8,2026-12-05,SP021,195,100,right,30,24.12,23.4,19.08,13.17,5.04,20.6,50.6,20,N2,within,development_rehearsal,4465051d-5d06-5795-91c1-a435d9f75515|905aafa4-1f99-5b3a-9ff6-e9d9ed0402e6|35462b5b-e005-55cd-bded-5526247a332b|3ba62a0b-ded8-5a72-80d7-27bc1cd5781c|3dd7a916-3029-54a6-b34e-5fdb3a0c358b|cdf954fb-6b4e-5abb-870d-d13f42f37910|946a7093-6606-51d5-8866-cff0d0c04237|03fe38fb-59f6-55cf-92c3-883ce3a13e6a|915bbe29-475a-5ed2-a6e0-37155bafb441|fd7559ea-de81-55bf-8571-2bf7f7ee54aa|b24c7038-be0f-5187-926e-1774af6e1a69|a9826f66-eef0-57ac-97e4-e7ceb15e1458|f76e7457-2262-5025-8100-04e6fdfa40a3|d946210c-5441-5045-aedc-db4553de7dbf|143b7fdb-ecad-5d13-9cc5-6e3618a8a4ba,fb6be0517791c7582f7931b3c734f905ad8f44682e87611555c340f18aa71697,zenit-simulated-feature-snapshot-v1,simulated,False,False,False,False
8c60c90b-326a-5f8e-9918-ab12ae8dd92b,23232185-5c98-523a-a8a5-d53254b8a0d8,2026-12-05,SP021,195,100,special,10,8.82,8.27,12.16,8.09,4.27,32.8,69.3,6,N1,within,development_rehearsal,e70c524c-0e68-5b71-a628-218a1c4ada10|6560e210-c64c-5aa5-b803-064597c5e769|b71a38f4-cfe5-55bc-a163-f440db851e1a|d9c75bcf-11c2-56ff-ad3a-29a225ac57d9|70f693ea-36a9-58cd-91c2-edb7456c1c07|10bf60b8-7ea4-5f04-89af-64d30542bd8f|9c1837ed-9ca1-58fe-8c54-052587d58ed4|da30c0c5-3b33-5ce5-81cd-4dff6b4d6416|7b58d38c-52de-54af-99a0-395a68bf8aee|ecb9033d-7d63-572b-aad5-cc7511700799|b1cc16d4-95e8-5c5f-8868-0d31a773b08e|481e4ab4-02bd-5712-b691-557943b2be2d|f2f895d7-08ce-597d-9352-58058f7ed42f|e5adda40-7bf2-520b-9d51-5268d90cb6ba|521b567a-d5d4-5ebc-a660-8468e9eba3ac,66c2ab8d9b91d163a5de318b21e85581499d61a9edb109a95a612cff52c25975,zenit-simulated-feature-snapshot-v1,simulated,False,False,False,False
9fb9ec2c-1c60-5b7c-a785-9d13e4902285,00cb94fd-970b-5652-b9e8-aa30d6d12bc3,2026-12-06,SP021,195,100,left,30,30.5,29.74,24.77,20.11,5.73,43.2,56.7,31,N3,exceeds,development_rehearsal,20e3f930-fea2-5eae-8347-2dfdb46f6886|16bf9cd6-7769-5fb7-9b1d-43dae54efec0|6ab3660d-dafd-5c26-bb00-518370e1aff4|173100b6-a54f-5b2e-a790-60b9a64fe029|d5567973-61c7-58b6-8972-50cc5115ef4f|216596bd-a5db-5441-a69a-9661994063db|228c47b7-088a-59b7-9b40-17406106efc3|96bc9dcf-b474-59c5-b1ef-c4b8875d8dd7|ddcc53a2-1a9a-5533-98f1-7158be4f40b2|94f8cdf9-13c6-5ffb-8ed8-3cd77e1e611b|a2d91016-5e87-5180-9b2a-fb68926ae40f|76e0cd2c-767a-5bd2-8d4b-9b85af8ec7ef|7ecde1b6-675d-5976-8aaf-bd32c8948af5|8af23cd6-a962-529a-bd2c-a13eeed6d8d2|52043d24-6b91-58a3-b3bc-e7c33a5819e1,5432bf27aea88687f10ccea2034afa8c01a1f2806728feaf2fecac19fffd640c,zenit-simulated-feature-snapshot-v1,simulated,False,False,False,False
d0910de9-4e1d-5e3c-8d26-571fb5c7c63b,4721c12b-0a1b-5b6a-9fb3-cb0b40d23bfb,2026-12-06,SP021,195,100,median,30,12.99,12.25,8.0,37.68,4.99,26.7,69.6,7,N2,within,development_rehearsal,b2fc2d8d-bd59-5911-be77-e9a1c08e7fc7|d433b5b0-663a-5c47-82e0-0d34acb1a3a4|2e8a65e2-4c85-5014-b1f0-7581cc2be78e|d9ba8536-4315-59ae-a01f-4d25f052aef0|1237a7ec-6c77-5dec-8adb-f175a892046e|ecef6b1e-9e65-5e92-9bee-8748e20a6eab|aa475542-cd89-5d0b-b63f-313c7dd0c090|4d25b399-f280-5115-8a28-6b45059e20f1|9831f2fc-ac47-541a-bd84-43c520809661|40a62eba-6d1a-5d7a-8c9c-57fc84dd127a|96592832-58c4-506a-90d0-a46817d11bb8|ad9cff78-4f82-52a1-a46e-3920afd95daf|391344e6-151d-5e91-813c-51d5d2d0e738|19df745f-b63c-5dba-97f2-8c9e35fd00a3|2986508d-e692-58e8-818c-f2f389d8f03e,592a32bcc890ac8e8388c292d065ebaa45e596cc318665519e4275682aa20485,zenit-simulated-feature-snapshot-v1,simulated,False,False,False,False
1995fe0b-0e88-5ece-b83d-1b262a632180,046003bd-58ac-5aca-8364-c934ce6319c8,2026-12-06,SP021,195,100,right,30,24.96,24.12,19.91,14.0,5.05,14.4,49.7,21,N2,within,development_rehearsal,905aafa4-1f99-5b3a-9ff6-e9d9ed0402e6|35462b5b-e005-55cd-bded-5526247a332b|3ba62a0b-ded8-5a72-80d7-27bc1cd5781c|3dd7a916-3029-54a6-b34e-5fdb3a0c358b|cdf954fb-6b4e-5abb-870d-d13f42f37910|946a7093-6606-51d5-8866-cff0d0c04237|03fe38fb-59f6-55cf-92c3-883ce3a13e6a|915bbe29-475a-5ed2-a6e0-37155bafb441|fd7559ea-de81-55bf-8571-2bf7f7ee54aa|b24c7038-be0f-5187-926e-1774af6e1a69|a9826f66-eef0-57ac-97e4-e7ceb15e1458|f76e7457-2262-5025-8100-04e6fdfa40a3|d946210c-5441-5045-aedc-db4553de7dbf|143b7fdb-ecad-5d13-9cc5-6e3618a8a4ba|7b1e4f33-283f-5d65-8946-4d8d1f9a55e5,dcaf296436fd16257acf548e7b03e9de34e77b59e956c5f69b00f5bbf15fb56f,zenit-simulated-feature-snapshot-v1,simulated,False,False,False,False
cd41f051-d546-5278-b954-9c8352a25742,23232185-5c98-523a-a8a5-d53254b8a0d8,2026-12-06,SP021,195,100,special,10,9.66,8.82,5.0,8.83,4.66,42.0,73.9,7,N1,within,development_rehearsal,6560e210-c64c-5aa5-b803-064597c5e769|b71a38f4-cfe5-55bc-a163-f440db851e1a|d9c75bcf-11c2-56ff-ad3a-29a225ac57d9|70f693ea-36a9-58cd-91c2-edb7456c1c07|10bf60b8-7ea4-5f04-89af-64d30542bd8f|9c1837ed-9ca1-58fe-8c54-052587d58ed4|da30c0c5-3b33-5ce5-81cd-4dff6b4d6416|7b58d38c-52de-54af-99a0-395a68bf8aee|ecb9033d-7d63-572b-aad5-cc7511700799|b1cc16d4-95e8-5c5f-8868-0d31a773b08e|481e4ab4-02bd-5712-b691-557943b2be2d|f2f895d7-08ce-597d-9352-58058f7ed42f|e5adda40-7bf2-520b-9d51-5268d90cb6ba|521b567a-d5d4-5ebc-a660-8468e9eba3ac|efbf2f1a-4101-55f5-9c3c-8eebc9662dad,0116ec81825188c6acd80d2d6278b74a3d02f39841ec9df82fb62b4877092dd1,zenit-simulated-feature-snapshot-v1,simulated,False,False,False,False
557e56e6-1477-5acc-9abe-b52fa7132ee6,00cb94fd-970b-5652-b9e8-aa30d6d12bc3,2026-12-07,SP021,195,100,left,30,31.26,30.5,25.51,20.81,5.75,45.7,58.9,32,N3,exceeds,development_rehearsal,16bf9cd6-7769-5fb7-9b1d-43dae54efec0|6ab3660d-dafd-5c26-bb00-518370e1aff4|173100b6-a54f-5b2e-a790-60b9a64fe029|d5567973-61c7-58b6-8972-50cc5115ef4f|216596bd-a5db-5441-a69a-9661994063db|228c47b7-088a-59b7-9b40-17406106efc3|96bc9dcf-b474-59c5-b1ef-c4b8875d8dd7|ddcc53a2-1a9a-5533-98f1-7158be4f40b2|94f8cdf9-13c6-5ffb-8ed8-3cd77e1e611b|a2d91016-5e87-5180-9b2a-fb68926ae40f|76e0cd2c-767a-5bd2-8d4b-9b85af8ec7ef|7ecde1b6-675d-5976-8aaf-bd32c8948af5|8af23cd6-a962-529a-bd2c-a13eeed6d8d2|52043d24-6b91-58a3-b3bc-e7c33a5819e1|17c423be-8c8d-5b79-b19c-166f2968e025,ba8edac0ac9fcee85015dcc540900c7b0a2df9b694010d85176079f9d1a35034,zenit-simulated-feature-snapshot-v1,simulated,False,False,False,False
3c0262d6-6d60-54fe-8007-e5990bc18aec,4721c12b-0a1b-5b6a-9fb3-cb0b40d23bfb,2026-12-07,SP021,195,100,median,30,13.71,12.99,8.55,38.21,5.16,29.2,72.7,8,N2,within,development_rehearsal,d433b5b0-663a-5c47-82e0-0d34acb1a3a4|2e8a65e2-4c85-5014-b1f0-7581cc2be78e|d9ba8536-4315-59ae-a01f-4d25f052aef0|1237a7ec-6c77-5dec-8adb-f175a892046e|ecef6b1e-9e65-5e92-9bee-8748e20a6eab|aa475542-cd89-5d0b-b63f-313c7dd0c090|4d25b399-f280-5115-8a28-6b45059e20f1|9831f2fc-ac47-541a-bd84-43c520809661|40a62eba-6d1a-5d7a-8c9c-57fc84dd127a|96592832-58c4-506a-90d0-a46817d11bb8|ad9cff78-4f82-52a1-a46e-3920afd95daf|391344e6-151d-5e91-813c-51d5d2d0e738|19df745f-b63c-5dba-97f2-8c9e35fd00a3|2986508d-e692-58e8-818c-f2f389d8f03e|66d707f4-853b-5b17-92df-a40e71a23be9,e34e6f92d6798a792a462b72c31c920eee1612e57c23a2b88f6eea5ff364c338,zenit-simulated-feature-snapshot-v1,simulated,False,False,False,False
9805c952-823f-5a0b-b1d2-87a63c449fa9,046003bd-58ac-5aca-8364-c934ce6319c8,2026-12-07,SP021,195,100,right,30,25.62,24.96,20.55,14.74,5.07,16.1,50.0,22,N2,within,development_rehearsal,35462b5b-e005-55cd-bded-5526247a332b|3ba62a0b-ded8-5a72-80d7-27bc1cd5781c|3dd7a916-3029-54a6-b34e-5fdb3a0c358b|cdf954fb-6b4e-5abb-870d-d13f42f37910|946a7093-6606-51d5-8866-cff0d0c04237|03fe38fb-59f6-55cf-92c3-883ce3a13e6a|915bbe29-475a-5ed2-a6e0-37155bafb441|fd7559ea-de81-55bf-8571-2bf7f7ee54aa|b24c7038-be0f-5187-926e-1774af6e1a69|a9826f66-eef0-57ac-97e4-e7ceb15e1458|f76e7457-2262-5025-8100-04e6fdfa40a3|d946210c-5441-5045-aedc-db4553de7dbf|143b7fdb-ecad-5d13-9cc5-6e3618a8a4ba|7b1e4f33-283f-5d65-8946-4d8d1f9a55e5|553a5746-c3db-58a3-9d06-bdb21df4b944,c93c5b75efd89af5010b69c8c853f076ff37ba81706e8c3acaf36dfb527deaa4,zenit-simulated-feature-snapshot-v1,simulated,False,False,False,False
965c2d3c-dd19-5509-9bf3-2d62c45f758e,23232185-5c98-523a-a8a5-d53254b8a0d8,2026-12-07,SP021,195,100,special,10,10.13,9.66,5.41,9.47,4.72,42.5,71.7,8,N2,exceeds,development_rehearsal,b71a38f4-cfe5-55bc-a163-f440db851e1a|d9c75bcf-11c2-56ff-ad3a-29a225ac57d9|70f693ea-36a9-58cd-91c2-edb7456c1c07|10bf60b8-7ea4-5f04-89af-64d30542bd8f|9c1837ed-9ca1-58fe-8c54-052587d58ed4|da30c0c5-3b33-5ce5-81cd-4dff6b4d6416|7b58d38c-52de-54af-99a0-395a68bf8aee|ecb9033d-7d63-572b-aad5-cc7511700799|b1cc16d4-95e8-5c5f-8868-0d31a773b08e|481e4ab4-02bd-5712-b691-557943b2be2d|f2f895d7-08ce-597d-9352-58058f7ed42f|e5adda40-7bf2-520b-9d51-5268d90cb6ba|521b567a-d5d4-5ebc-a660-8468e9eba3ac|efbf2f1a-4101-55f5-9c3c-8eebc9662dad|add89d24-45e6-5e9c-b12f-97d32402ee65,2b59bd97a717f3923a41ebb92b50d151477f87c21b2457fb7d962b3dd19ee79c,zenit-simulated-feature-snapshot-v1,simulated,False,False,False,False
14f5a0ef-0d87-5f5a-a4bc-ab087647653e,00cb94fd-970b-5652-b9e8-aa30d6d12bc3,2026-12-08,SP021,195,100,left,30,31.9,31.26,26.58,21.73,5.32,34.4,52.9,33,N3,exceeds,development_rehearsal,6ab3660d-dafd-5c26-bb00-518370e1aff4|173100b6-a54f-5b2e-a790-60b9a64fe029|d5567973-61c7-58b6-8972-50cc5115ef4f|216596bd-a5db-5441-a69a-9661994063db|228c47b7-088a-59b7-9b40-17406106efc3|96bc9dcf-b474-59c5-b1ef-c4b8875d8dd7|ddcc53a2-1a9a-5533-98f1-7158be4f40b2|94f8cdf9-13c6-5ffb-8ed8-3cd77e1e611b|a2d91016-5e87-5180-9b2a-fb68926ae40f|76e0cd2c-767a-5bd2-8d4b-9b85af8ec7ef|7ecde1b6-675d-5976-8aaf-bd32c8948af5|8af23cd6-a962-529a-bd2c-a13eeed6d8d2|52043d24-6b91-58a3-b3bc-e7c33a5819e1|17c423be-8c8d-5b79-b19c-166f2968e025|adb341bb-e5bb-5619-8202-d620a29232af,c510493b30e2074b8a04e2b9e10ad2a1471ccbd734bbbcad6a20239eeb14d80a,zenit-simulated-feature-snapshot-v1,simulated,False,False,False,False
7198d285-3f2d-5deb-95fa-2cebecf270df,4721c12b-0a1b-5b6a-9fb3-cb0b40d23bfb,2026-12-08,SP021,195,100,median,30,14.52,13.71,9.21,38.97,5.31,24.9,73.4,9,N2,within,development_rehearsal,2e8a65e2-4c85-5014-b1f0-7581cc2be78e|d9ba8536-4315-59ae-a01f-4d25f052aef0|1237a7ec-6c77-5dec-8adb-f175a892046e|ecef6b1e-9e65-5e92-9bee-8748e20a6eab|aa475542-cd89-5d0b-b63f-313c7dd0c090|4d25b399-f280-5115-8a28-6b45059e20f1|9831f2fc-ac47-541a-bd84-43c520809661|40a62eba-6d1a-5d7a-8c9c-57fc84dd127a|96592832-58c4-506a-90d0-a46817d11bb8|ad9cff78-4f82-52a1-a46e-3920afd95daf|391344e6-151d-5e91-813c-51d5d2d0e738|19df745f-b63c-5dba-97f2-8c9e35fd00a3|2986508d-e692-58e8-818c-f2f389d8f03e|66d707f4-853b-5b17-92df-a40e71a23be9|c03874d3-0df7-5396-a7fd-a03e85df32ff,58650fa35a5a0cd6c78a88274f0f762474a8e2538a765ec59b17c6a4648bc669,zenit-simulated-feature-snapshot-v1,simulated,False,False,False,False
ca98be58-58df-5ce0-bb21-c1e18fff3c56,046003bd-58ac-5aca-8364-c934ce6319c8,2026-12-08,SP021,195,100,right,30,26.75,25.62,21.31,15.62,5.44,24.5,59.1,23,N2,within,development_rehearsal,3ba62a0b-ded8-5a72-80d7-27bc1cd5781c|3dd7a916-3029-54a6-b34e-5fdb3a0c358b|cdf954fb-6b4e-5abb-870d-d13f42f37910|946a7093-6606-51d5-8866-cff0d0c04237|03fe38fb-59f6-55cf-92c3-883ce3a13e6a|915bbe29-475a-5ed2-a6e0-37155bafb441|fd7559ea-de81-55bf-8571-2bf7f7ee54aa|b24c7038-be0f-5187-926e-1774af6e1a69|a9826f66-eef0-57ac-97e4-e7ceb15e1458|f76e7457-2262-5025-8100-04e6fdfa40a3|d946210c-5441-5045-aedc-db4553de7dbf|143b7fdb-ecad-5d13-9cc5-6e3618a8a4ba|7b1e4f33-283f-5d65-8946-4d8d1f9a55e5|553a5746-c3db-58a3-9d06-bdb21df4b944|5e481674-7f15-5947-b6a4-f466ced1ffca,b7d96b19992626ad245f03556c5a8a3ad85b14c379fe5142263811cde97ec916,zenit-simulated-feature-snapshot-v1,simulated,False,False,False,False
a9b73f1b-30a2-5f13-9400-d880c70fc69d,23232185-5c98-523a-a8a5-d53254b8a0d8,2026-12-08,SP021,195,100,special,10,10.76,10.13,5.95,10.14,4.81,40.8,60.0,9,N2,exceeds,development_rehearsal,d9c75bcf-11c2-56ff-ad3a-29a225ac57d9|70f693ea-36a9-58cd-91c2-edb7456c1c07|10bf60b8-7ea4-5f04-89af-64d30542bd8f|9c1837ed-9ca1-58fe-8c54-052587d58ed4|da30c0c5-3b33-5ce5-81cd-4dff6b4d6416|7b58d38c-52de-54af-99a0-395a68bf8aee|ecb9033d-7d63-572b-aad5-cc7511700799|b1cc16d4-95e8-5c5f-8868-0d31a773b08e|481e4ab4-02bd-5712-b691-557943b2be2d|f2f895d7-08ce-597d-9352-58058f7ed42f|e5adda40-7bf2-520b-9d51-5268d90cb6ba|521b567a-d5d4-5ebc-a660-8468e9eba3ac|efbf2f1a-4101-55f5-9c3c-8eebc9662dad|add89d24-45e6-5e9c-b12f-97d32402ee65|99ccd52a-6dc7-5a6e-a656-d70ee4229f0b,39ef692c535f39a2288c395bf9897dc028447855d38288153b9de95a44ee1f9d,zenit-simulated-feature-snapshot-v1,simulated,False,False,False,False
ceeba2d5-c33a-55e8-8977-e4886665bbfc,00cb94fd-970b-5652-b9e8-aa30d6d12bc3,2026-12-09,SP021,195,100,left,30,32.57,31.9,27.38,22.42,5.19,25.6,52.9,34,N3,exceeds,validation_rehearsal,173100b6-a54f-5b2e-a790-60b9a64fe029|d5567973-61c7-58b6-8972-50cc5115ef4f|216596bd-a5db-5441-a69a-9661994063db|228c47b7-088a-59b7-9b40-17406106efc3|96bc9dcf-b474-59c5-b1ef-c4b8875d8dd7|ddcc53a2-1a9a-5533-98f1-7158be4f40b2|94f8cdf9-13c6-5ffb-8ed8-3cd77e1e611b|a2d91016-5e87-5180-9b2a-fb68926ae40f|76e0cd2c-767a-5bd2-8d4b-9b85af8ec7ef|7ecde1b6-675d-5976-8aaf-bd32c8948af5|8af23cd6-a962-529a-bd2c-a13eeed6d8d2|52043d24-6b91-58a3-b3bc-e7c33a5819e1|17c423be-8c8d-5b79-b19c-166f2968e025|adb341bb-e5bb-5619-8202-d620a29232af|3b11643b-5fbc-57ed-8e3c-5771a68d1139,cf9dc525273bfc0fa62ebdbbf752ee23f7f3851edacfa09f0525d22ef1d106f8,zenit-simulated-feature-snapshot-v1,simulated,False,False,False,False
e1e7651b-3988-5d5a-acc7-f1122d56facd,4721c12b-0a1b-5b6a-9fb3-cb0b40d23bfb,2026-12-09,SP021,195,100,median,30,15.3,14.52,9.98,39.41,5.32,32.9,84.8,10,N2,within,validation_rehearsal,d9ba8536-4315-59ae-a01f-4d25f052aef0|1237a7ec-6c77-5dec-8adb-f175a892046e|ecef6b1e-9e65-5e92-9bee-8748e20a6eab|aa475542-cd89-5d0b-b63f-313c7dd0c090|4d25b399-f280-5115-8a28-6b45059e20f1|9831f2fc-ac47-541a-bd84-43c520809661|40a62eba-6d1a-5d7a-8c9c-57fc84dd127a|96592832-58c4-506a-90d0-a46817d11bb8|ad9cff78-4f82-52a1-a46e-3920afd95daf|391344e6-151d-5e91-813c-51d5d2d0e738|19df745f-b63c-5dba-97f2-8c9e35fd00a3|2986508d-e692-58e8-818c-f2f389d8f03e|66d707f4-853b-5b17-92df-a40e71a23be9|c03874d3-0df7-5396-a7fd-a03e85df32ff|c2cbddfc-bb8b-54dd-9469-8ea7b1e456c8,0334eb5bd8b2fe86ce210b34934ccf7582de8cc39a835c351069a22e8a670dc0,zenit-simulated-feature-snapshot-v1,simulated,False,False,False,False
f94f61fc-93e4-59e3-b30c-8951fa4c2d76,046003bd-58ac-5aca-8364-c934ce6319c8,2026-12-09,SP021,195,100,right,30,27.41,26.75,21.94,16.92,5.47,22.4,42.5,24,N2,within,validation_rehearsal,3dd7a916-3029-54a6-b34e-5fdb3a0c358b|cdf954fb-6b4e-5abb-870d-d13f42f37910|946a7093-6606-51d5-8866-cff0d0c04237|03fe38fb-59f6-55cf-92c3-883ce3a13e6a|915bbe29-475a-5ed2-a6e0-37155bafb441|fd7559ea-de81-55bf-8571-2bf7f7ee54aa|b24c7038-be0f-5187-926e-1774af6e1a69|a9826f66-eef0-57ac-97e4-e7ceb15e1458|f76e7457-2262-5025-8100-04e6fdfa40a3|d946210c-5441-5045-aedc-db4553de7dbf|143b7fdb-ecad-5d13-9cc5-6e3618a8a4ba|7b1e4f33-283f-5d65-8946-4d8d1f9a55e5|553a5746-c3db-58a3-9d06-bdb21df4b944|5e481674-7f15-5947-b6a4-f466ced1ffca|350944a0-af56-5da9-b6cf-50289827643e,e4e5f0d15cabd33161064b8a459beacb0817fc842012837cbebbdabceab5eba8,zenit-simulated-feature-snapshot-v1,simulated,False,False,False,False
28903ba5-af9f-590e-bfc7-f2831ac25b8d,23232185-5c98-523a-a8a5-d53254b8a0d8,2026-12-09,SP021,195,100,special,10,11.42,10.76,6.84,10.83,4.58,33.5,55.0,10,N2,exceeds,validation_rehearsal,70f693ea-36a9-58cd-91c2-edb7456c1c07|10bf60b8-7ea4-5f04-89af-64d30542bd8f|9c1837ed-9ca1-58fe-8c54-052587d58ed4|da30c0c5-3b33-5ce5-81cd-4dff6b4d6416|7b58d38c-52de-54af-99a0-395a68bf8aee|ecb9033d-7d63-572b-aad5-cc7511700799|b1cc16d4-95e8-5c5f-8868-0d31a773b08e|481e4ab4-02bd-5712-b691-557943b2be2d|f2f895d7-08ce-597d-9352-58058f7ed42f|e5adda40-7bf2-520b-9d51-5268d90cb6ba|521b567a-d5d4-5ebc-a660-8468e9eba3ac|efbf2f1a-4101-55f5-9c3c-8eebc9662dad|add89d24-45e6-5e9c-b12f-97d32402ee65|99ccd52a-6dc7-5a6e-a656-d70ee4229f0b|eabcb4a1-ceae-5ead-81ea-351583f1c047,848563ab3b54be76ffb5b6cabebca5d5ed7cdb0d4a48066f1304a528169feda6,zenit-simulated-feature-snapshot-v1,simulated,False,False,False,False
de00124f-eeeb-5dcf-8d7f-d013ff4e1c79,00cb94fd-970b-5652-b9e8-aa30d6d12bc3,2026-12-10,SP021,195,100,left,30,33.31,32.57,28.04,23.07,5.27,23.8,53.1,35,N3,exceeds,validation_rehearsal,d5567973-61c7-58b6-8972-50cc5115ef4f|216596bd-a5db-5441-a69a-9661994063db|228c47b7-088a-59b7-9b40-17406106efc3|96bc9dcf-b474-59c5-b1ef-c4b8875d8dd7|ddcc53a2-1a9a-5533-98f1-7158be4f40b2|94f8cdf9-13c6-5ffb-8ed8-3cd77e1e611b|a2d91016-5e87-5180-9b2a-fb68926ae40f|76e0cd2c-767a-5bd2-8d4b-9b85af8ec7ef|7ecde1b6-675d-5976-8aaf-bd32c8948af5|8af23cd6-a962-529a-bd2c-a13eeed6d8d2|52043d24-6b91-58a3-b3bc-e7c33a5819e1|17c423be-8c8d-5b79-b19c-166f2968e025|adb341bb-e5bb-5619-8202-d620a29232af|3b11643b-5fbc-57ed-8e3c-5771a68d1139|d5b57f07-d8f2-5a96-9fa1-2c1e6110c8d2,7f7262349e5725c62c3ea5a7e21b6b3c5baf67d37564a08004f4e7ae55865045,zenit-simulated-feature-snapshot-v1,simulated,False,False,False,False
5be48ae2-89b5-5e21-b130-8ebaa3a272db,4721c12b-0a1b-5b6a-9fb3-cb0b40d23bfb,2026-12-10,SP021,195,100,median,30,15.96,15.3,10.78,40.3,5.18,29.7,78.4,11,N2,within,validation_rehearsal,1237a7ec-6c77-5dec-8adb-f175a892046e|ecef6b1e-9e65-5e92-9bee-8748e20a6eab|aa475542-cd89-5d0b-b63f-313c7dd0c090|4d25b399-f280-5115-8a28-6b45059e20f1|9831f2fc-ac47-541a-bd84-43c520809661|40a62eba-6d1a-5d7a-8c9c-57fc84dd127a|96592832-58c4-506a-90d0-a46817d11bb8|ad9cff78-4f82-52a1-a46e-3920afd95daf|391344e6-151d-5e91-813c-51d5d2d0e738|19df745f-b63c-5dba-97f2-8c9e35fd00a3|2986508d-e692-58e8-818c-f2f389d8f03e|66d707f4-853b-5b17-92df-a40e71a23be9|c03874d3-0df7-5396-a7fd-a03e85df32ff|c2cbddfc-bb8b-54dd-9469-8ea7b1e456c8|ba50c9e4-8ffc-57a5-a309-458b76a7d850,3afc9552abd87b677206d3c2aad745586c470e98659dbf2fab42543b1459ba77,zenit-simulated-feature-snapshot-v1,simulated,False,False,False,False
180ff1f5-0b35-52ec-b221-f89373357115,046003bd-58ac-5aca-8364-c934ce6319c8,2026-12-10,SP021,195,100,right,30,28.31,27.41,22.5,17.5,5.81,26.1,46.2,25,N2,within,validation_rehearsal,cdf954fb-6b4e-5abb-870d-d13f42f37910|946a7093-6606-51d5-8866-cff0d0c04237|03fe38fb-59f6-55cf-92c3-883ce3a13e6a|915bbe29-475a-5ed2-a6e0-37155bafb441|fd7559ea-de81-55bf-8571-2bf7f7ee54aa|b24c7038-be0f-5187-926e-1774af6e1a69|a9826f66-eef0-57ac-97e4-e7ceb15e1458|f76e7457-2262-5025-8100-04e6fdfa40a3|d946210c-5441-5045-aedc-db4553de7dbf|143b7fdb-ecad-5d13-9cc5-6e3618a8a4ba|7b1e4f33-283f-5d65-8946-4d8d1f9a55e5|553a5746-c3db-58a3-9d06-bdb21df4b944|5e481674-7f15-5947-b6a4-f466ced1ffca|350944a0-af56-5da9-b6cf-50289827643e|ba9e635d-5995-55ca-84dd-1827c7568edd,9a7112798d7f420fb297e5d7db6b3ef22bbdd9add3e1cc40cae484513eeee84f,zenit-simulated-feature-snapshot-v1,simulated,False,False,False,False
604e1f2b-d965-5884-9267-7cf985d4d9af,23232185-5c98-523a-a8a5-d53254b8a0d8,2026-12-10,SP021,195,100,special,10,11.81,11.42,7.48,11.32,4.33,29.0,53.6,11,N2,exceeds,validation_rehearsal,10bf60b8-7ea4-5f04-89af-64d30542bd8f|9c1837ed-9ca1-58fe-8c54-052587d58ed4|da30c0c5-3b33-5ce5-81cd-4dff6b4d6416|7b58d38c-52de-54af-99a0-395a68bf8aee|ecb9033d-7d63-572b-aad5-cc7511700799|b1cc16d4-95e8-5c5f-8868-0d31a773b08e|481e4ab4-02bd-5712-b691-557943b2be2d|f2f895d7-08ce-597d-9352-58058f7ed42f|e5adda40-7bf2-520b-9d51-5268d90cb6ba|521b567a-d5d4-5ebc-a660-8468e9eba3ac|efbf2f1a-4101-55f5-9c3c-8eebc9662dad|add89d24-45e6-5e9c-b12f-97d32402ee65|99ccd52a-6dc7-5a6e-a656-d70ee4229f0b|eabcb4a1-ceae-5ead-81ea-351583f1c047|c56c5827-bb73-5f4b-ada7-c7d26fcff25f,5fd6240209af3fb036cdf77f38aff0baceb976b32c1973c1deea5002ac196d1f,zenit-simulated-feature-snapshot-v1,simulated,False,False,False,False
1a6fa663-8829-56c5-ab12-29fbafa9ba9e,00cb94fd-970b-5652-b9e8-aa30d6d12bc3,2026-12-11,SP021,195,100,left,30,34.14,33.31,28.99,23.73,5.15,23.1,57.5,36,N3,exceeds,validation_rehearsal,216596bd-a5db-5441-a69a-9661994063db|228c47b7-088a-59b7-9b40-17406106efc3|96bc9dcf-b474-59c5-b1ef-c4b8875d8dd7|ddcc53a2-1a9a-5533-98f1-7158be4f40b2|94f8cdf9-13c6-5ffb-8ed8-3cd77e1e611b|a2d91016-5e87-5180-9b2a-fb68926ae40f|76e0cd2c-767a-5bd2-8d4b-9b85af8ec7ef|7ecde1b6-675d-5976-8aaf-bd32c8948af5|8af23cd6-a962-529a-bd2c-a13eeed6d8d2|52043d24-6b91-58a3-b3bc-e7c33a5819e1|17c423be-8c8d-5b79-b19c-166f2968e025|adb341bb-e5bb-5619-8202-d620a29232af|3b11643b-5fbc-57ed-8e3c-5771a68d1139|d5b57f07-d8f2-5a96-9fa1-2c1e6110c8d2|502515d1-b148-54bc-bb1c-9b42a0ac62f5,cd08f0f94e393a81bdef9781fb2614fc6ae6ffcc5db03c9085652f0d5b69809c,zenit-simulated-feature-snapshot-v1,simulated,False,False,False,False
a44a1f8c-fa8e-5448-bd61-adddc8c8dbea,4721c12b-0a1b-5b6a-9fb3-cb0b40d23bfb,2026-12-11,SP021,195,100,median,30,16.78,15.96,11.54,40.98,5.24,38.9,81.1,12,N2,within,validation_rehearsal,ecef6b1e-9e65-5e92-9bee-8748e20a6eab|aa475542-cd89-5d0b-b63f-313c7dd0c090|4d25b399-f280-5115-8a28-6b45059e20f1|9831f2fc-ac47-541a-bd84-43c520809661|40a62eba-6d1a-5d7a-8c9c-57fc84dd127a|96592832-58c4-506a-90d0-a46817d11bb8|ad9cff78-4f82-52a1-a46e-3920afd95daf|391344e6-151d-5e91-813c-51d5d2d0e738|19df745f-b63c-5dba-97f2-8c9e35fd00a3|2986508d-e692-58e8-818c-f2f389d8f03e|66d707f4-853b-5b17-92df-a40e71a23be9|c03874d3-0df7-5396-a7fd-a03e85df32ff|c2cbddfc-bb8b-54dd-9469-8ea7b1e456c8|ba50c9e4-8ffc-57a5-a309-458b76a7d850|3c4d0e2a-5fd2-5e4a-b38b-8f0cfbc5d58a,ba008ced191f2d05b43a98518ee32bc04700e47e2c517803b2a2aa7419a95f20,zenit-simulated-feature-snapshot-v1,simulated,False,False,False,False
309745e8-6dd5-522f-8cb8-47aafd6090e2,046003bd-58ac-5aca-8364-c934ce6319c8,2026-12-11,SP021,195,100,right,30,29.21,28.31,23.4,18.27,5.81,31.4,50.8,26,N2,within,validation_rehearsal,946a7093-6606-51d5-8866-cff0d0c04237|03fe38fb-59f6-55cf-92c3-883ce3a13e6a|915bbe29-475a-5ed2-a6e0-37155bafb441|fd7559ea-de81-55bf-8571-2bf7f7ee54aa|b24c7038-be0f-5187-926e-1774af6e1a69|a9826f66-eef0-57ac-97e4-e7ceb15e1458|f76e7457-2262-5025-8100-04e6fdfa40a3|d946210c-5441-5045-aedc-db4553de7dbf|143b7fdb-ecad-5d13-9cc5-6e3618a8a4ba|7b1e4f33-283f-5d65-8946-4d8d1f9a55e5|553a5746-c3db-58a3-9d06-bdb21df4b944|5e481674-7f15-5947-b6a4-f466ced1ffca|350944a0-af56-5da9-b6cf-50289827643e|ba9e635d-5995-55ca-84dd-1827c7568edd|6b85dc90-3c29-519a-9835-401a91990835,fccf29ee800b0c4333cb4dd761a7be2f21ed0575dbf91015d221aa2eb4765e92,zenit-simulated-feature-snapshot-v1,simulated,False,False,False,False
a05a7cb4-c7d0-57af-ba35-5b333f6cad92,23232185-5c98-523a-a8a5-d53254b8a0d8,2026-12-11,SP021,195,100,special,10,12.21,11.81,8.27,11.66,3.94,22.9,53.6,12,N2,exceeds,validation_rehearsal,9c1837ed-9ca1-58fe-8c54-052587d58ed4|da30c0c5-3b33-5ce5-81cd-4dff6b4d6416|7b58d38c-52de-54af-99a0-395a68bf8aee|ecb9033d-7d63-572b-aad5-cc7511700799|b1cc16d4-95e8-5c5f-8868-0d31a773b08e|481e4ab4-02bd-5712-b691-557943b2be2d|f2f895d7-08ce-597d-9352-58058f7ed42f|e5adda40-7bf2-520b-9d51-5268d90cb6ba|521b567a-d5d4-5ebc-a660-8468e9eba3ac|efbf2f1a-4101-55f5-9c3c-8eebc9662dad|add89d24-45e6-5e9c-b12f-97d32402ee65|99ccd52a-6dc7-5a6e-a656-d70ee4229f0b|eabcb4a1-ceae-5ead-81ea-351583f1c047|c56c5827-bb73-5f4b-ada7-c7d26fcff25f|69a36a4f-5078-561e-9e71-ea2df6ae6f44,683a0f55a74b4b49462d72c0e98f9976d109170a79820e2c1a510e855380a4c3,zenit-simulated-feature-snapshot-v1,simulated,False,False,False,False
83eb8b08-7d69-5167-9ee9-bdea42777ada,00cb94fd-970b-5652-b9e8-aa30d6d12bc3,2026-12-12,SP021,195,100,left,30,34.79,34.14,29.74,24.25,5.05,27.6,62.0,37,N3,exceeds,validation_rehearsal,228c47b7-088a-59b7-9b40-17406106efc3|96bc9dcf-b474-59c5-b1ef-c4b8875d8dd7|ddcc53a2-1a9a-5533-98f1-7158be4f40b2|94f8cdf9-13c6-5ffb-8ed8-3cd77e1e611b|a2d91016-5e87-5180-9b2a-fb68926ae40f|76e0cd2c-767a-5bd2-8d4b-9b85af8ec7ef|7ecde1b6-675d-5976-8aaf-bd32c8948af5|8af23cd6-a962-529a-bd2c-a13eeed6d8d2|52043d24-6b91-58a3-b3bc-e7c33a5819e1|17c423be-8c8d-5b79-b19c-166f2968e025|adb341bb-e5bb-5619-8202-d620a29232af|3b11643b-5fbc-57ed-8e3c-5771a68d1139|d5b57f07-d8f2-5a96-9fa1-2c1e6110c8d2|502515d1-b148-54bc-bb1c-9b42a0ac62f5|b5389255-9737-5961-a59d-cedb2b93fdf3,f7d4ae2e53aa627837714ff960bbca61544719b068523b9fbd1ef94436b222ea,zenit-simulated-feature-snapshot-v1,simulated,False,False,False,False
7b980a3f-6bbd-51e0-a0ec-0a9abb59e71a,4721c12b-0a1b-5b6a-9fb3-cb0b40d23bfb,2026-12-12,SP021,195,100,median,30,17.26,16.78,12.25,41.65,5.01,36.9,73.0,13,N2,within,validation_rehearsal,aa475542-cd89-5d0b-b63f-313c7dd0c090|4d25b399-f280-5115-8a28-6b45059e20f1|9831f2fc-ac47-541a-bd84-43c520809661|40a62eba-6d1a-5d7a-8c9c-57fc84dd127a|96592832-58c4-506a-90d0-a46817d11bb8|ad9cff78-4f82-52a1-a46e-3920afd95daf|391344e6-151d-5e91-813c-51d5d2d0e738|19df745f-b63c-5dba-97f2-8c9e35fd00a3|2986508d-e692-58e8-818c-f2f389d8f03e|66d707f4-853b-5b17-92df-a40e71a23be9|c03874d3-0df7-5396-a7fd-a03e85df32ff|c2cbddfc-bb8b-54dd-9469-8ea7b1e456c8|ba50c9e4-8ffc-57a5-a309-458b76a7d850|3c4d0e2a-5fd2-5e4a-b38b-8f0cfbc5d58a|2bdeb9fb-ff0c-549d-bd96-d9b9b18f543f,4135295e52258862c435809b8dd64b26a048dfb2e4286ac8ff4749adcfbee132,zenit-simulated-feature-snapshot-v1,simulated,False,False,False,False
3acbaa40-84ec-5f03-a591-b78e96ca6a03,046003bd-58ac-5aca-8364-c934ce6319c8,2026-12-12,SP021,195,100,right,30,30.13,29.21,24.12,19.08,6.01,37.7,58.3,27,N3,exceeds,validation_rehearsal,03fe38fb-59f6-55cf-92c3-883ce3a13e6a|915bbe29-475a-5ed2-a6e0-37155bafb441|fd7559ea-de81-55bf-8571-2bf7f7ee54aa|b24c7038-be0f-5187-926e-1774af6e1a69|a9826f66-eef0-57ac-97e4-e7ceb15e1458|f76e7457-2262-5025-8100-04e6fdfa40a3|d946210c-5441-5045-aedc-db4553de7dbf|143b7fdb-ecad-5d13-9cc5-6e3618a8a4ba|7b1e4f33-283f-5d65-8946-4d8d1f9a55e5|553a5746-c3db-58a3-9d06-bdb21df4b944|5e481674-7f15-5947-b6a4-f466ced1ffca|350944a0-af56-5da9-b6cf-50289827643e|ba9e635d-5995-55ca-84dd-1827c7568edd|6b85dc90-3c29-519a-9835-401a91990835|99e5e7ad-40d6-54f3-908c-b59f7bb5f89b,8c0a5f7471e72ebed79b26f0e186a741b74e9fdb6546f5d38c863c686b05f8c0,zenit-simulated-feature-snapshot-v1,simulated,False,False,False,False
a5e97ce8-fc35-5e54-b4d5-e625dc588cdb,23232185-5c98-523a-a8a5-d53254b8a0d8,2026-12-12,SP021,195,100,special,10,12.79,12.21,8.82,12.16,3.97,23.0,55.8,13,N2,exceeds,validation_rehearsal,da30c0c5-3b33-5ce5-81cd-4dff6b4d6416|7b58d38c-52de-54af-99a0-395a68bf8aee|ecb9033d-7d63-572b-aad5-cc7511700799|b1cc16d4-95e8-5c5f-8868-0d31a773b08e|481e4ab4-02bd-5712-b691-557943b2be2d|f2f895d7-08ce-597d-9352-58058f7ed42f|e5adda40-7bf2-520b-9d51-5268d90cb6ba|521b567a-d5d4-5ebc-a660-8468e9eba3ac|efbf2f1a-4101-55f5-9c3c-8eebc9662dad|add89d24-45e6-5e9c-b12f-97d32402ee65|99ccd52a-6dc7-5a6e-a656-d70ee4229f0b|eabcb4a1-ceae-5ead-81ea-351583f1c047|c56c5827-bb73-5f4b-ada7-c7d26fcff25f|69a36a4f-5078-561e-9e71-ea2df6ae6f44|d56f0ab7-1fb3-5526-a1c8-c8d24fcd3988,e0c771c05ca30e74451861959ec14877830bba1d74600fe51a732c593036e64c,zenit-simulated-feature-snapshot-v1,simulated,False,False,False,False
972b6289-572c-5da4-a177-5accf76080d0,00cb94fd-970b-5652-b9e8-aa30d6d12bc3,2026-12-13,SP021,195,100,left,30,35.29,34.79,30.5,24.77,4.79,18.8,62.0,38,N3,exceeds,validation_rehearsal,96bc9dcf-b474-59c5-b1ef-c4b8875d8dd7|ddcc53a2-1a9a-5533-98f1-7158be4f40b2|94f8cdf9-13c6-5ffb-8ed8-3cd77e1e611b|a2d91016-5e87-5180-9b2a-fb68926ae40f|76e0cd2c-767a-5bd2-8d4b-9b85af8ec7ef|7ecde1b6-675d-5976-8aaf-bd32c8948af5|8af23cd6-a962-529a-bd2c-a13eeed6d8d2|52043d24-6b91-58a3-b3bc-e7c33a5819e1|17c423be-8c8d-5b79-b19c-166f2968e025|adb341bb-e5bb-5619-8202-d620a29232af|3b11643b-5fbc-57ed-8e3c-5771a68d1139|d5b57f07-d8f2-5a96-9fa1-2c1e6110c8d2|502515d1-b148-54bc-bb1c-9b42a0ac62f5|b5389255-9737-5961-a59d-cedb2b93fdf3|32e45b55-17ec-5813-8c56-3cb9e24db4b2,2a813424f1b144dcce0c430a747bb9e37e12d050c164154ed9867379834746d2,zenit-simulated-feature-snapshot-v1,simulated,False,False,False,False
16e6193a-162f-50b9-ae69-534c11cfbb05,4721c12b-0a1b-5b6a-9fb3-cb0b40d23bfb,2026-12-13,SP021,195,100,median,30,17.95,17.26,12.99,8.0,4.96,43.5,70.2,14,N2,within,validation_rehearsal,4d25b399-f280-5115-8a28-6b45059e20f1|9831f2fc-ac47-541a-bd84-43c520809661|40a62eba-6d1a-5d7a-8c9c-57fc84dd127a|96592832-58c4-506a-90d0-a46817d11bb8|ad9cff78-4f82-52a1-a46e-3920afd95daf|391344e6-151d-5e91-813c-51d5d2d0e738|19df745f-b63c-5dba-97f2-8c9e35fd00a3|2986508d-e692-58e8-818c-f2f389d8f03e|66d707f4-853b-5b17-92df-a40e71a23be9|c03874d3-0df7-5396-a7fd-a03e85df32ff|c2cbddfc-bb8b-54dd-9469-8ea7b1e456c8|ba50c9e4-8ffc-57a5-a309-458b76a7d850|3c4d0e2a-5fd2-5e4a-b38b-8f0cfbc5d58a|2bdeb9fb-ff0c-549d-bd96-d9b9b18f543f|3ff85fa1-6576-5e4c-89b5-69c9ef3c3bc9,2739ebc75d93eb98a5d63e00b8122753903cd8f2ccbbe759b490cd2f1a065686,zenit-simulated-feature-snapshot-v1,simulated,False,False,False,False
b242449f-8d50-5f17-aa27-6c45e8689715,046003bd-58ac-5aca-8364-c934ce6319c8,2026-12-13,SP021,195,100,right,30,31.01,30.13,24.96,19.91,6.05,37.7,52.1,28,N3,exceeds,validation_rehearsal,915bbe29-475a-5ed2-a6e0-37155bafb441|fd7559ea-de81-55bf-8571-2bf7f7ee54aa|b24c7038-be0f-5187-926e-1774af6e1a69|a9826f66-eef0-57ac-97e4-e7ceb15e1458|f76e7457-2262-5025-8100-04e6fdfa40a3|d946210c-5441-5045-aedc-db4553de7dbf|143b7fdb-ecad-5d13-9cc5-6e3618a8a4ba|7b1e4f33-283f-5d65-8946-4d8d1f9a55e5|553a5746-c3db-58a3-9d06-bdb21df4b944|5e481674-7f15-5947-b6a4-f466ced1ffca|350944a0-af56-5da9-b6cf-50289827643e|ba9e635d-5995-55ca-84dd-1827c7568edd|6b85dc90-3c29-519a-9835-401a91990835|99e5e7ad-40d6-54f3-908c-b59f7bb5f89b|49220925-e105-5cde-806d-009c0f5aaf90,52c4520819888992113aee3a7dc980163efac8246b81c8f53bf631a811a1ccca,zenit-simulated-feature-snapshot-v1,simulated,False,False,False,False
786f6fcd-e657-5172-b4b2-ecf25e07a435,23232185-5c98-523a-a8a5-d53254b8a0d8,2026-12-13,SP021,195,100,special,10,5.0,12.79,9.66,5.0,3.72,13.8,55.8,0,N1,within,validation_rehearsal,7b58d38c-52de-54af-99a0-395a68bf8aee|ecb9033d-7d63-572b-aad5-cc7511700799|b1cc16d4-95e8-5c5f-8868-0d31a773b08e|481e4ab4-02bd-5712-b691-557943b2be2d|f2f895d7-08ce-597d-9352-58058f7ed42f|e5adda40-7bf2-520b-9d51-5268d90cb6ba|521b567a-d5d4-5ebc-a660-8468e9eba3ac|efbf2f1a-4101-55f5-9c3c-8eebc9662dad|add89d24-45e6-5e9c-b12f-97d32402ee65|99ccd52a-6dc7-5a6e-a656-d70ee4229f0b|eabcb4a1-ceae-5ead-81ea-351583f1c047|c56c5827-bb73-5f4b-ada7-c7d26fcff25f|69a36a4f-5078-561e-9e71-ea2df6ae6f44|d56f0ab7-1fb3-5526-a1c8-c8d24fcd3988|daeb2e0e-177a-580c-9665-11e33cb2d188,59d128929aacb43103bc6612388a86ed5fd797cd55394d757040d87e576ab992,zenit-simulated-feature-snapshot-v1,simulated,False,False,False,False
5b1e2aaa-ad1f-5ac3-a6b8-fec69e76a7a7,00cb94fd-970b-5652-b9e8-aa30d6d12bc3,2026-12-14,SP021,195,100,left,30,36.16,35.29,31.26,25.51,4.9,19.3,65.0,39,N3,exceeds,validation_rehearsal,ddcc53a2-1a9a-5533-98f1-7158be4f40b2|94f8cdf9-13c6-5ffb-8ed8-3cd77e1e611b|a2d91016-5e87-5180-9b2a-fb68926ae40f|76e0cd2c-767a-5bd2-8d4b-9b85af8ec7ef|7ecde1b6-675d-5976-8aaf-bd32c8948af5|8af23cd6-a962-529a-bd2c-a13eeed6d8d2|52043d24-6b91-58a3-b3bc-e7c33a5819e1|17c423be-8c8d-5b79-b19c-166f2968e025|adb341bb-e5bb-5619-8202-d620a29232af|3b11643b-5fbc-57ed-8e3c-5771a68d1139|d5b57f07-d8f2-5a96-9fa1-2c1e6110c8d2|502515d1-b148-54bc-bb1c-9b42a0ac62f5|b5389255-9737-5961-a59d-cedb2b93fdf3|32e45b55-17ec-5813-8c56-3cb9e24db4b2|c96bca89-a617-5caf-8ae6-aa1767664178,bcc93c1bf8ef661c349ec842b054457cabb515a6dee5c7042247c5e619c1042e,zenit-simulated-feature-snapshot-v1,simulated,False,False,False,False
c0b6b8d3-7981-5e8f-b46b-9178ec0ebf7e,4721c12b-0a1b-5b6a-9fb3-cb0b40d23bfb,2026-12-14,SP021,195,100,median,30,18.6,17.95,13.71,8.55,4.89,38.6,67.8,15,N2,within,validation_rehearsal,9831f2fc-ac47-541a-bd84-43c520809661|40a62eba-6d1a-5d7a-8c9c-57fc84dd127a|96592832-58c4-506a-90d0-a46817d11bb8|ad9cff78-4f82-52a1-a46e-3920afd95daf|391344e6-151d-5e91-813c-51d5d2d0e738|19df745f-b63c-5dba-97f2-8c9e35fd00a3|2986508d-e692-58e8-818c-f2f389d8f03e|66d707f4-853b-5b17-92df-a40e71a23be9|c03874d3-0df7-5396-a7fd-a03e85df32ff|c2cbddfc-bb8b-54dd-9469-8ea7b1e456c8|ba50c9e4-8ffc-57a5-a309-458b76a7d850|3c4d0e2a-5fd2-5e4a-b38b-8f0cfbc5d58a|2bdeb9fb-ff0c-549d-bd96-d9b9b18f543f|3ff85fa1-6576-5e4c-89b5-69c9ef3c3bc9|2c2fb214-3f8b-54f1-a253-56bf9592926d,dfe65940278383742d15a8c603149ff31c3f138fc63ee0637a76aca006632890,zenit-simulated-feature-snapshot-v1,simulated,False,False,False,False
b211e8f2-7907-53dc-b4c5-8ebf726a78bf,046003bd-58ac-5aca-8364-c934ce6319c8,2026-12-14,SP021,195,100,right,30,31.78,31.01,25.62,20.55,6.16,36.2,52.3,29,N3,exceeds,validation_rehearsal,fd7559ea-de81-55bf-8571-2bf7f7ee54aa|b24c7038-be0f-5187-926e-1774af6e1a69|a9826f66-eef0-57ac-97e4-e7ceb15e1458|f76e7457-2262-5025-8100-04e6fdfa40a3|d946210c-5441-5045-aedc-db4553de7dbf|143b7fdb-ecad-5d13-9cc5-6e3618a8a4ba|7b1e4f33-283f-5d65-8946-4d8d1f9a55e5|553a5746-c3db-58a3-9d06-bdb21df4b944|5e481674-7f15-5947-b6a4-f466ced1ffca|350944a0-af56-5da9-b6cf-50289827643e|ba9e635d-5995-55ca-84dd-1827c7568edd|6b85dc90-3c29-519a-9835-401a91990835|99e5e7ad-40d6-54f3-908c-b59f7bb5f89b|49220925-e105-5cde-806d-009c0f5aaf90|2c4934ce-4742-5459-a0e3-b10e562672e0,16f5a9a79a093cff8b52b7b5051996a074d3bd6c655ed5eb6ef27472e2024283,zenit-simulated-feature-snapshot-v1,simulated,False,False,False,False
f2542efd-39e6-5fdf-8f34-1f2a6dd3ba64,23232185-5c98-523a-a8a5-d53254b8a0d8,2026-12-14,SP021,195,100,special,10,5.61,5.0,10.13,5.41,3.86,16.8,59.3,1,N1,within,validation_rehearsal,ecb9033d-7d63-572b-aad5-cc7511700799|b1cc16d4-95e8-5c5f-8868-0d31a773b08e|481e4ab4-02bd-5712-b691-557943b2be2d|f2f895d7-08ce-597d-9352-58058f7ed42f|e5adda40-7bf2-520b-9d51-5268d90cb6ba|521b567a-d5d4-5ebc-a660-8468e9eba3ac|efbf2f1a-4101-55f5-9c3c-8eebc9662dad|add89d24-45e6-5e9c-b12f-97d32402ee65|99ccd52a-6dc7-5a6e-a656-d70ee4229f0b|eabcb4a1-ceae-5ead-81ea-351583f1c047|c56c5827-bb73-5f4b-ada7-c7d26fcff25f|69a36a4f-5078-561e-9e71-ea2df6ae6f44|d56f0ab7-1fb3-5526-a1c8-c8d24fcd3988|daeb2e0e-177a-580c-9665-11e33cb2d188|f2d6fdc9-0ce3-50e7-ab7e-399435b8f358,76d54941653c8a210a205ded6555430fe1d8fb8098b91454ad0b20dc7f859744,zenit-simulated-feature-snapshot-v1,simulated,False,False,False,False
65f6945a-091f-5c3e-a3bf-1e74600d9009,00cb94fd-970b-5652-b9e8-aa30d6d12bc3,2026-12-15,SP021,195,100,left,30,36.94,36.16,31.9,26.58,5.04,20.6,55.0,40,N3,exceeds,validation_rehearsal,94f8cdf9-13c6-5ffb-8ed8-3cd77e1e611b|a2d91016-5e87-5180-9b2a-fb68926ae40f|76e0cd2c-767a-5bd2-8d4b-9b85af8ec7ef|7ecde1b6-675d-5976-8aaf-bd32c8948af5|8af23cd6-a962-529a-bd2c-a13eeed6d8d2|52043d24-6b91-58a3-b3bc-e7c33a5819e1|17c423be-8c8d-5b79-b19c-166f2968e025|adb341bb-e5bb-5619-8202-d620a29232af|3b11643b-5fbc-57ed-8e3c-5771a68d1139|d5b57f07-d8f2-5a96-9fa1-2c1e6110c8d2|502515d1-b148-54bc-bb1c-9b42a0ac62f5|b5389255-9737-5961-a59d-cedb2b93fdf3|32e45b55-17ec-5813-8c56-3cb9e24db4b2|c96bca89-a617-5caf-8ae6-aa1767664178|abcb8b62-e4fc-591a-9f9b-34654997b5a8,17d22921bbbe084c9d172e4b817176b19e4dea4f4aa014da3f84dd9d291cd6c0,zenit-simulated-feature-snapshot-v1,simulated,False,False,False,False
190473f5-8aca-536f-ad92-7e400735c8ed,4721c12b-0a1b-5b6a-9fb3-cb0b40d23bfb,2026-12-15,SP021,195,100,median,30,19.15,18.6,14.52,9.21,4.63,34.7,59.6,16,N2,within,validation_rehearsal,40a62eba-6d1a-5d7a-8c9c-57fc84dd127a|96592832-58c4-506a-90d0-a46817d11bb8|ad9cff78-4f82-52a1-a46e-3920afd95daf|391344e6-151d-5e91-813c-51d5d2d0e738|19df745f-b63c-5dba-97f2-8c9e35fd00a3|2986508d-e692-58e8-818c-f2f389d8f03e|66d707f4-853b-5b17-92df-a40e71a23be9|c03874d3-0df7-5396-a7fd-a03e85df32ff|c2cbddfc-bb8b-54dd-9469-8ea7b1e456c8|ba50c9e4-8ffc-57a5-a309-458b76a7d850|3c4d0e2a-5fd2-5e4a-b38b-8f0cfbc5d58a|2bdeb9fb-ff0c-549d-bd96-d9b9b18f543f|3ff85fa1-6576-5e4c-89b5-69c9ef3c3bc9|2c2fb214-3f8b-54f1-a253-56bf9592926d|0f9f5148-771b-5120-b5d0-d1c8ff7b1e06,a90b428c648971ef3c5131f9d545db7ff9c8e736acd0862c01995a3adda601fd,zenit-simulated-feature-snapshot-v1,simulated,False,False,False,False
83991fbe-f66f-5fb5-bfad-fe7b31bf418e,046003bd-58ac-5aca-8364-c934ce6319c8,2026-12-15,SP021,195,100,right,30,32.74,31.78,26.75,21.31,5.99,31.0,55.5,30,N3,exceeds,validation_rehearsal,b24c7038-be0f-5187-926e-1774af6e1a69|a9826f66-eef0-57ac-97e4-e7ceb15e1458|f76e7457-2262-5025-8100-04e6fdfa40a3|d946210c-5441-5045-aedc-db4553de7dbf|143b7fdb-ecad-5d13-9cc5-6e3618a8a4ba|7b1e4f33-283f-5d65-8946-4d8d1f9a55e5|553a5746-c3db-58a3-9d06-bdb21df4b944|5e481674-7f15-5947-b6a4-f466ced1ffca|350944a0-af56-5da9-b6cf-50289827643e|ba9e635d-5995-55ca-84dd-1827c7568edd|6b85dc90-3c29-519a-9835-401a91990835|99e5e7ad-40d6-54f3-908c-b59f7bb5f89b|49220925-e105-5cde-806d-009c0f5aaf90|2c4934ce-4742-5459-a0e3-b10e562672e0|7a8bcdbf-3538-50c2-990b-3fc23f7dd467,82eb0eb7ce8b7bd840cad8c97e87b84be61f3c4c027c2bc300626b6e0a985df8,zenit-simulated-feature-snapshot-v1,simulated,False,False,False,False
950e1248-a163-58c4-b15a-59a182d7b04c,23232185-5c98-523a-a8a5-d53254b8a0d8,2026-12-15,SP021,195,100,special,10,6.15,5.61,10.76,5.95,3.77,15.9,56.7,2,N1,within,validation_rehearsal,b1cc16d4-95e8-5c5f-8868-0d31a773b08e|481e4ab4-02bd-5712-b691-557943b2be2d|f2f895d7-08ce-597d-9352-58058f7ed42f|e5adda40-7bf2-520b-9d51-5268d90cb6ba|521b567a-d5d4-5ebc-a660-8468e9eba3ac|efbf2f1a-4101-55f5-9c3c-8eebc9662dad|add89d24-45e6-5e9c-b12f-97d32402ee65|99ccd52a-6dc7-5a6e-a656-d70ee4229f0b|eabcb4a1-ceae-5ead-81ea-351583f1c047|c56c5827-bb73-5f4b-ada7-c7d26fcff25f|69a36a4f-5078-561e-9e71-ea2df6ae6f44|d56f0ab7-1fb3-5526-a1c8-c8d24fcd3988|daeb2e0e-177a-580c-9665-11e33cb2d188|f2d6fdc9-0ce3-50e7-ab7e-399435b8f358|8d84ff83-6381-5fb0-b98a-af8288fe1f62,da9f29a1070998f6d86d29009279130d3bf8f654f349a7e398c42a30582b254c,zenit-simulated-feature-snapshot-v1,simulated,False,False,False,False
6cb4c16d-ce0e-5fd9-8e01-f92f6c32f5bd,00cb94fd-970b-5652-b9e8-aa30d6d12bc3,2026-12-16,SP021,195,100,left,30,37.63,36.94,32.57,27.38,5.06,27.2,52.8,41,N3,exceeds,validation_rehearsal,a2d91016-5e87-5180-9b2a-fb68926ae40f|76e0cd2c-767a-5bd2-8d4b-9b85af8ec7ef|7ecde1b6-675d-5976-8aaf-bd32c8948af5|8af23cd6-a962-529a-bd2c-a13eeed6d8d2|52043d24-6b91-58a3-b3bc-e7c33a5819e1|17c423be-8c8d-5b79-b19c-166f2968e025|adb341bb-e5bb-5619-8202-d620a29232af|3b11643b-5fbc-57ed-8e3c-5771a68d1139|d5b57f07-d8f2-5a96-9fa1-2c1e6110c8d2|502515d1-b148-54bc-bb1c-9b42a0ac62f5|b5389255-9737-5961-a59d-cedb2b93fdf3|32e45b55-17ec-5813-8c56-3cb9e24db4b2|c96bca89-a617-5caf-8ae6-aa1767664178|abcb8b62-e4fc-591a-9f9b-34654997b5a8|39901557-59c4-5787-897b-bc7c5b0742a9,2753e190aaaa7b8f64b0c774d45355fc5ed4c6247392afb5d491cb6802e99840,zenit-simulated-feature-snapshot-v1,simulated,False,False,False,False
53607d86-afac-5820-b5c4-abf2cde8d015,4721c12b-0a1b-5b6a-9fb3-cb0b40d23bfb,2026-12-16,SP021,195,100,median,30,19.59,19.15,15.3,9.98,4.29,23.3,56.2,17,N2,within,validation_rehearsal,96592832-58c4-506a-90d0-a46817d11bb8|ad9cff78-4f82-52a1-a46e-3920afd95daf|391344e6-151d-5e91-813c-51d5d2d0e738|19df745f-b63c-5dba-97f2-8c9e35fd00a3|2986508d-e692-58e8-818c-f2f389d8f03e|66d707f4-853b-5b17-92df-a40e71a23be9|c03874d3-0df7-5396-a7fd-a03e85df32ff|c2cbddfc-bb8b-54dd-9469-8ea7b1e456c8|ba50c9e4-8ffc-57a5-a309-458b76a7d850|3c4d0e2a-5fd2-5e4a-b38b-8f0cfbc5d58a|2bdeb9fb-ff0c-549d-bd96-d9b9b18f543f|3ff85fa1-6576-5e4c-89b5-69c9ef3c3bc9|2c2fb214-3f8b-54f1-a253-56bf9592926d|0f9f5148-771b-5120-b5d0-d1c8ff7b1e06|354aaeec-9aba-5ede-816a-7a4f9b7e4230,106da1172a3f245cfe9828ca0bc9be6314d8b6a9108f7a405a6923819e9c6f21,zenit-simulated-feature-snapshot-v1,simulated,False,False,False,False
d8e205ed-0a1c-5d54-8b78-fe794ae6170f,046003bd-58ac-5aca-8364-c934ce6319c8,2026-12-16,SP021,195,100,right,30,33.55,32.74,27.41,21.94,6.14,38.4,60.8,31,N3,exceeds,validation_rehearsal,a9826f66-eef0-57ac-97e4-e7ceb15e1458|f76e7457-2262-5025-8100-04e6fdfa40a3|d946210c-5441-5045-aedc-db4553de7dbf|143b7fdb-ecad-5d13-9cc5-6e3618a8a4ba|7b1e4f33-283f-5d65-8946-4d8d1f9a55e5|553a5746-c3db-58a3-9d06-bdb21df4b944|5e481674-7f15-5947-b6a4-f466ced1ffca|350944a0-af56-5da9-b6cf-50289827643e|ba9e635d-5995-55ca-84dd-1827c7568edd|6b85dc90-3c29-519a-9835-401a91990835|99e5e7ad-40d6-54f3-908c-b59f7bb5f89b|49220925-e105-5cde-806d-009c0f5aaf90|2c4934ce-4742-5459-a0e3-b10e562672e0|7a8bcdbf-3538-50c2-990b-3fc23f7dd467|7a0e657d-9e30-56ba-a94c-0828de52c210,592e9b20bc430d901c9c9029de8cdf3b0430ce7c75417d1b793175de6124829f,zenit-simulated-feature-snapshot-v1,simulated,False,False,False,False
44a2e034-45f9-5da1-9beb-e4babbed068f,23232185-5c98-523a-a8a5-d53254b8a0d8,2026-12-16,SP021,195,100,special,10,6.5,6.15,11.42,6.84,3.46,10.2,43.7,3,N1,within,validation_rehearsal,481e4ab4-02bd-5712-b691-557943b2be2d|f2f895d7-08ce-597d-9352-58058f7ed42f|e5adda40-7bf2-520b-9d51-5268d90cb6ba|521b567a-d5d4-5ebc-a660-8468e9eba3ac|efbf2f1a-4101-55f5-9c3c-8eebc9662dad|add89d24-45e6-5e9c-b12f-97d32402ee65|99ccd52a-6dc7-5a6e-a656-d70ee4229f0b|eabcb4a1-ceae-5ead-81ea-351583f1c047|c56c5827-bb73-5f4b-ada7-c7d26fcff25f|69a36a4f-5078-561e-9e71-ea2df6ae6f44|d56f0ab7-1fb3-5526-a1c8-c8d24fcd3988|daeb2e0e-177a-580c-9665-11e33cb2d188|f2d6fdc9-0ce3-50e7-ab7e-399435b8f358|8d84ff83-6381-5fb0-b98a-af8288fe1f62|90cc0281-ee03-5fd6-a31b-2b90189ece6b,c9daa16e2c1ba042a8cafec22de7513b48eb7f1d049906d428542f654a88bc1d,zenit-simulated-feature-snapshot-v1,simulated,False,False,False,False
e5db49e2-4632-5e91-a86f-76ec2847779b,00cb94fd-970b-5652-b9e8-aa30d6d12bc3,2026-12-17,SP021,195,100,left,30,8.0,37.63,33.31,28.04,4.85,27.0,50.8,0,N1,within,validation_rehearsal,76e0cd2c-767a-5bd2-8d4b-9b85af8ec7ef|7ecde1b6-675d-5976-8aaf-bd32c8948af5|8af23cd6-a962-529a-bd2c-a13eeed6d8d2|52043d24-6b91-58a3-b3bc-e7c33a5819e1|17c423be-8c8d-5b79-b19c-166f2968e025|adb341bb-e5bb-5619-8202-d620a29232af|3b11643b-5fbc-57ed-8e3c-5771a68d1139|d5b57f07-d8f2-5a96-9fa1-2c1e6110c8d2|502515d1-b148-54bc-bb1c-9b42a0ac62f5|b5389255-9737-5961-a59d-cedb2b93fdf3|32e45b55-17ec-5813-8c56-3cb9e24db4b2|c96bca89-a617-5caf-8ae6-aa1767664178|abcb8b62-e4fc-591a-9f9b-34654997b5a8|39901557-59c4-5787-897b-bc7c5b0742a9|cce89f7e-22fd-5bc5-a1b2-a20cb1577ded,0e01444c3b74773c7d7db9437b4a33c647fe444616cd6f84da38da4fc77a5eb7,zenit-simulated-feature-snapshot-v1,simulated,False,False,False,False
5956156b-458c-5849-b957-a7e6d38b6a36,4721c12b-0a1b-5b6a-9fb3-cb0b40d23bfb,2026-12-17,SP021,195,100,median,30,20.19,19.59,15.96,10.78,4.23,19.1,48.8,18,N2,within,validation_rehearsal,ad9cff78-4f82-52a1-a46e-3920afd95daf|391344e6-151d-5e91-813c-51d5d2d0e738|19df745f-b63c-5dba-97f2-8c9e35fd00a3|2986508d-e692-58e8-818c-f2f389d8f03e|66d707f4-853b-5b17-92df-a40e71a23be9|c03874d3-0df7-5396-a7fd-a03e85df32ff|c2cbddfc-bb8b-54dd-9469-8ea7b1e456c8|ba50c9e4-8ffc-57a5-a309-458b76a7d850|3c4d0e2a-5fd2-5e4a-b38b-8f0cfbc5d58a|2bdeb9fb-ff0c-549d-bd96-d9b9b18f543f|3ff85fa1-6576-5e4c-89b5-69c9ef3c3bc9|2c2fb214-3f8b-54f1-a253-56bf9592926d|0f9f5148-771b-5120-b5d0-d1c8ff7b1e06|354aaeec-9aba-5ede-816a-7a4f9b7e4230|76d4f9e1-def7-5e4a-93ce-cdd22043fa77,d9b9865fe931687d0d1ab56dbfa02c08b20794f58e5805d5142dfb58f7ce9506,zenit-simulated-feature-snapshot-v1,simulated,False,False,False,False
edbc5317-fb0e-5312-9f2b-b4d841574a01,046003bd-58ac-5aca-8364-c934ce6319c8,2026-12-17,SP021,195,100,right,30,34.41,33.55,28.31,22.5,6.1,35.9,62.0,32,N3,exceeds,validation_rehearsal,f76e7457-2262-5025-8100-04e6fdfa40a3|d946210c-5441-5045-aedc-db4553de7dbf|143b7fdb-ecad-5d13-9cc5-6e3618a8a4ba|7b1e4f33-283f-5d65-8946-4d8d1f9a55e5|553a5746-c3db-58a3-9d06-bdb21df4b944|5e481674-7f15-5947-b6a4-f466ced1ffca|350944a0-af56-5da9-b6cf-50289827643e|ba9e635d-5995-55ca-84dd-1827c7568edd|6b85dc90-3c29-519a-9835-401a91990835|99e5e7ad-40d6-54f3-908c-b59f7bb5f89b|49220925-e105-5cde-806d-009c0f5aaf90|2c4934ce-4742-5459-a0e3-b10e562672e0|7a8bcdbf-3538-50c2-990b-3fc23f7dd467|7a0e657d-9e30-56ba-a94c-0828de52c210|6c193ab9-d5fa-5981-b370-7dd5fd6abfcf,47787b169f88191b16c36f81226a006a9e87a8f35d8fc35ea581444bfe40b010,zenit-simulated-feature-snapshot-v1,simulated,False,False,False,False
6f62da2a-978b-59c1-b3e0-772c7572afb8,23232185-5c98-523a-a8a5-d53254b8a0d8,2026-12-17,SP021,195,100,special,10,6.88,6.5,11.81,7.48,3.45,11.3,40.3,4,N1,within,validation_rehearsal,f2f895d7-08ce-597d-9352-58058f7ed42f|e5adda40-7bf2-520b-9d51-5268d90cb6ba|521b567a-d5d4-5ebc-a660-8468e9eba3ac|efbf2f1a-4101-55f5-9c3c-8eebc9662dad|add89d24-45e6-5e9c-b12f-97d32402ee65|99ccd52a-6dc7-5a6e-a656-d70ee4229f0b|eabcb4a1-ceae-5ead-81ea-351583f1c047|c56c5827-bb73-5f4b-ada7-c7d26fcff25f|69a36a4f-5078-561e-9e71-ea2df6ae6f44|d56f0ab7-1fb3-5526-a1c8-c8d24fcd3988|daeb2e0e-177a-580c-9665-11e33cb2d188|f2d6fdc9-0ce3-50e7-ab7e-399435b8f358|8d84ff83-6381-5fb0-b98a-af8288fe1f62|90cc0281-ee03-5fd6-a31b-2b90189ece6b|f2f7d7da-34c1-5fef-923d-4541c1d9c81d,7ffbddfd933c9f59d7d082ebbd82ee8fd715c17e1c8ba9ced34660daba387c57,zenit-simulated-feature-snapshot-v1,simulated,False,False,False,False
6eb257cc-7690-582b-b293-a72a1d5a1b9e,00cb94fd-970b-5652-b9e8-aa30d6d12bc3,2026-12-18,SP021,195,100,left,30,9.08,8.0,34.14,28.99,5.1,30.7,53.8,1,N1,within,validation_rehearsal,7ecde1b6-675d-5976-8aaf-bd32c8948af5|8af23cd6-a962-529a-bd2c-a13eeed6d8d2|52043d24-6b91-58a3-b3bc-e7c33a5819e1|17c423be-8c8d-5b79-b19c-166f2968e025|adb341bb-e5bb-5619-8202-d620a29232af|3b11643b-5fbc-57ed-8e3c-5771a68d1139|d5b57f07-d8f2-5a96-9fa1-2c1e6110c8d2|502515d1-b148-54bc-bb1c-9b42a0ac62f5|b5389255-9737-5961-a59d-cedb2b93fdf3|32e45b55-17ec-5813-8c56-3cb9e24db4b2|c96bca89-a617-5caf-8ae6-aa1767664178|abcb8b62-e4fc-591a-9f9b-34654997b5a8|39901557-59c4-5787-897b-bc7c5b0742a9|cce89f7e-22fd-5bc5-a1b2-a20cb1577ded|a1236f81-efed-5b0c-9cda-eab5d40c8d32,8e65e546bf8c08966dc6f36eec502d4d25b7aa9c027892c89c76da8ee1deb3b0,zenit-simulated-feature-snapshot-v1,simulated,False,False,False,False
b2d9da2a-5e1b-5904-a321-c9066d86e18b,4721c12b-0a1b-5b6a-9fb3-cb0b40d23bfb,2026-12-18,SP021,195,100,median,30,20.83,20.19,16.78,11.54,4.05,8.6,47.5,19,N2,within,validation_rehearsal,391344e6-151d-5e91-813c-51d5d2d0e738|19df745f-b63c-5dba-97f2-8c9e35fd00a3|2986508d-e692-58e8-818c-f2f389d8f03e|66d707f4-853b-5b17-92df-a40e71a23be9|c03874d3-0df7-5396-a7fd-a03e85df32ff|c2cbddfc-bb8b-54dd-9469-8ea7b1e456c8|ba50c9e4-8ffc-57a5-a309-458b76a7d850|3c4d0e2a-5fd2-5e4a-b38b-8f0cfbc5d58a|2bdeb9fb-ff0c-549d-bd96-d9b9b18f543f|3ff85fa1-6576-5e4c-89b5-69c9ef3c3bc9|2c2fb214-3f8b-54f1-a253-56bf9592926d|0f9f5148-771b-5120-b5d0-d1c8ff7b1e06|354aaeec-9aba-5ede-816a-7a4f9b7e4230|76d4f9e1-def7-5e4a-93ce-cdd22043fa77|5939fdec-098d-59cc-87dc-25589c10e24d,68863336040b01123fb925cb9f278caaa9c175f4da30a5c0e865864728290b63,zenit-simulated-feature-snapshot-v1,simulated,False,False,False,False
d181ccbb-1a54-50b2-ad37-83c2c66f574d,046003bd-58ac-5aca-8364-c934ce6319c8,2026-12-18,SP021,195,100,right,30,35.39,34.41,29.21,23.4,6.18,32.8,64.2,33,N3,exceeds,validation_rehearsal,d946210c-5441-5045-aedc-db4553de7dbf|143b7fdb-ecad-5d13-9cc5-6e3618a8a4ba|7b1e4f33-283f-5d65-8946-4d8d1f9a55e5|553a5746-c3db-58a3-9d06-bdb21df4b944|5e481674-7f15-5947-b6a4-f466ced1ffca|350944a0-af56-5da9-b6cf-50289827643e|ba9e635d-5995-55ca-84dd-1827c7568edd|6b85dc90-3c29-519a-9835-401a91990835|99e5e7ad-40d6-54f3-908c-b59f7bb5f89b|49220925-e105-5cde-806d-009c0f5aaf90|2c4934ce-4742-5459-a0e3-b10e562672e0|7a8bcdbf-3538-50c2-990b-3fc23f7dd467|7a0e657d-9e30-56ba-a94c-0828de52c210|6c193ab9-d5fa-5981-b370-7dd5fd6abfcf|732ac49e-0cb0-5ff5-83ef-eea563370169,54c49283fc75ae6235ab346147087ed7615676d0254c3d1fe9b57a5bbef59c90,zenit-simulated-feature-snapshot-v1,simulated,False,False,False,False
91ea87e1-3591-5f5e-af63-c10a9934dc53,23232185-5c98-523a-a8a5-d53254b8a0d8,2026-12-18,SP021,195,100,special,10,7.58,6.88,12.21,8.27,3.75,17.5,40.4,5,N1,within,validation_rehearsal,e5adda40-7bf2-520b-9d51-5268d90cb6ba|521b567a-d5d4-5ebc-a660-8468e9eba3ac|efbf2f1a-4101-55f5-9c3c-8eebc9662dad|add89d24-45e6-5e9c-b12f-97d32402ee65|99ccd52a-6dc7-5a6e-a656-d70ee4229f0b|eabcb4a1-ceae-5ead-81ea-351583f1c047|c56c5827-bb73-5f4b-ada7-c7d26fcff25f|69a36a4f-5078-561e-9e71-ea2df6ae6f44|d56f0ab7-1fb3-5526-a1c8-c8d24fcd3988|daeb2e0e-177a-580c-9665-11e33cb2d188|f2d6fdc9-0ce3-50e7-ab7e-399435b8f358|8d84ff83-6381-5fb0-b98a-af8288fe1f62|90cc0281-ee03-5fd6-a31b-2b90189ece6b|f2f7d7da-34c1-5fef-923d-4541c1d9c81d|f66e0189-d9f6-5c2c-90b3-aaf154819290,134c7cd8f055c2e551ea2b4e655d80294b2993d8a538ceda00b9cbe9abf80403,zenit-simulated-feature-snapshot-v1,simulated,False,False,False,False
aeaf24ef-a09c-507c-af7f-776f8d3b77d2,00cb94fd-970b-5652-b9e8-aa30d6d12bc3,2026-12-19,SP021,195,100,left,30,9.68,9.08,34.79,29.74,5.05,26.2,53.8,2,N1,within,validation_rehearsal,8af23cd6-a962-529a-bd2c-a13eeed6d8d2|52043d24-6b91-58a3-b3bc-e7c33a5819e1|17c423be-8c8d-5b79-b19c-166f2968e025|adb341bb-e5bb-5619-8202-d620a29232af|3b11643b-5fbc-57ed-8e3c-5771a68d1139|d5b57f07-d8f2-5a96-9fa1-2c1e6110c8d2|502515d1-b148-54bc-bb1c-9b42a0ac62f5|b5389255-9737-5961-a59d-cedb2b93fdf3|32e45b55-17ec-5813-8c56-3cb9e24db4b2|c96bca89-a617-5caf-8ae6-aa1767664178|abcb8b62-e4fc-591a-9f9b-34654997b5a8|39901557-59c4-5787-897b-bc7c5b0742a9|cce89f7e-22fd-5bc5-a1b2-a20cb1577ded|a1236f81-efed-5b0c-9cda-eab5d40c8d32|825fba5e-4915-591c-bf9f-b213a2060971,ba839913ef9570bbdb2b86b9c4ee4037da617c2fde473fbcff79a292d84d906c,zenit-simulated-feature-snapshot-v1,simulated,False,False,False,False
27663468-2c52-5e7d-b6a1-be205cc9e01f,4721c12b-0a1b-5b6a-9fb3-cb0b40d23bfb,2026-12-19,SP021,195,100,median,30,21.5,20.83,17.26,12.25,4.24,15.4,52.3,20,N2,within,validation_rehearsal,19df745f-b63c-5dba-97f2-8c9e35fd00a3|2986508d-e692-58e8-818c-f2f389d8f03e|66d707f4-853b-5b17-92df-a40e71a23be9|c03874d3-0df7-5396-a7fd-a03e85df32ff|c2cbddfc-bb8b-54dd-9469-8ea7b1e456c8|ba50c9e4-8ffc-57a5-a309-458b76a7d850|3c4d0e2a-5fd2-5e4a-b38b-8f0cfbc5d58a|2bdeb9fb-ff0c-549d-bd96-d9b9b18f543f|3ff85fa1-6576-5e4c-89b5-69c9ef3c3bc9|2c2fb214-3f8b-54f1-a253-56bf9592926d|0f9f5148-771b-5120-b5d0-d1c8ff7b1e06|354aaeec-9aba-5ede-816a-7a4f9b7e4230|76d4f9e1-def7-5e4a-93ce-cdd22043fa77|5939fdec-098d-59cc-87dc-25589c10e24d|4ba93d4a-ef57-5bfd-9a85-ea14618c6969,535c4065d07567d82fd3e201a3e14513cab4ff90637a4bf79b4f032516296524,zenit-simulated-feature-snapshot-v1,simulated,False,False,False,False
4615e279-7335-5edf-a964-21fcb0a67492,046003bd-58ac-5aca-8364-c934ce6319c8,2026-12-19,SP021,195,100,right,30,36.02,35.39,30.13,24.12,5.89,25.3,63.0,34,N3,exceeds,validation_rehearsal,143b7fdb-ecad-5d13-9cc5-6e3618a8a4ba|7b1e4f33-283f-5d65-8946-4d8d1f9a55e5|553a5746-c3db-58a3-9d06-bdb21df4b944|5e481674-7f15-5947-b6a4-f466ced1ffca|350944a0-af56-5da9-b6cf-50289827643e|ba9e635d-5995-55ca-84dd-1827c7568edd|6b85dc90-3c29-519a-9835-401a91990835|99e5e7ad-40d6-54f3-908c-b59f7bb5f89b|49220925-e105-5cde-806d-009c0f5aaf90|2c4934ce-4742-5459-a0e3-b10e562672e0|7a8bcdbf-3538-50c2-990b-3fc23f7dd467|7a0e657d-9e30-56ba-a94c-0828de52c210|6c193ab9-d5fa-5981-b370-7dd5fd6abfcf|732ac49e-0cb0-5ff5-83ef-eea563370169|cebe1153-e36f-50ce-98f6-f120ca1ed7eb,e009486fce8c50e8d9b9bccd64442d8c99359cfbc16b13f792872743486ee273,zenit-simulated-feature-snapshot-v1,simulated,False,False,False,False
3762c3c7-6989-57b9-a6e1-af9a8690bcfa,23232185-5c98-523a-a8a5-d53254b8a0d8,2026-12-19,SP021,195,100,special,10,8.01,7.58,12.79,8.82,3.6,13.2,36.2,6,N1,within,validation_rehearsal,521b567a-d5d4-5ebc-a660-8468e9eba3ac|efbf2f1a-4101-55f5-9c3c-8eebc9662dad|add89d24-45e6-5e9c-b12f-97d32402ee65|99ccd52a-6dc7-5a6e-a656-d70ee4229f0b|eabcb4a1-ceae-5ead-81ea-351583f1c047|c56c5827-bb73-5f4b-ada7-c7d26fcff25f|69a36a4f-5078-561e-9e71-ea2df6ae6f44|d56f0ab7-1fb3-5526-a1c8-c8d24fcd3988|daeb2e0e-177a-580c-9665-11e33cb2d188|f2d6fdc9-0ce3-50e7-ab7e-399435b8f358|8d84ff83-6381-5fb0-b98a-af8288fe1f62|90cc0281-ee03-5fd6-a31b-2b90189ece6b|f2f7d7da-34c1-5fef-923d-4541c1d9c81d|f66e0189-d9f6-5c2c-90b3-aaf154819290|fddaa194-775b-52b0-ba68-ca051fbc9d0d,73a3c68cba0b354a91d91c6b2b48bb00be5780dd45dd1d5085406bedac08e17a,zenit-simulated-feature-snapshot-v1,simulated,False,False,False,False
0d7061aa-99a4-56f1-bce8-073656df198a,00cb94fd-970b-5652-b9e8-aa30d6d12bc3,2026-12-20,SP021,195,100,left,30,10.61,9.68,35.29,30.5,5.48,32.2,51.0,3,N2,within,validation_rehearsal,52043d24-6b91-58a3-b3bc-e7c33a5819e1|17c423be-8c8d-5b79-b19c-166f2968e025|adb341bb-e5bb-5619-8202-d620a29232af|3b11643b-5fbc-57ed-8e3c-5771a68d1139|d5b57f07-d8f2-5a96-9fa1-2c1e6110c8d2|502515d1-b148-54bc-bb1c-9b42a0ac62f5|b5389255-9737-5961-a59d-cedb2b93fdf3|32e45b55-17ec-5813-8c56-3cb9e24db4b2|c96bca89-a617-5caf-8ae6-aa1767664178|abcb8b62-e4fc-591a-9f9b-34654997b5a8|39901557-59c4-5787-897b-bc7c5b0742a9|cce89f7e-22fd-5bc5-a1b2-a20cb1577ded|a1236f81-efed-5b0c-9cda-eab5d40c8d32|825fba5e-4915-591c-bf9f-b213a2060971|33cb7f4e-ad5b-5742-b69a-3dfe2d25d149,9b7029ab9ff8b0c6db70c04cdb399749c009c8eee2c550e6b187608ff49e9279,zenit-simulated-feature-snapshot-v1,simulated,False,False,False,False
8301fb03-9ba7-51d4-b0d4-b8596c96cd77,4721c12b-0a1b-5b6a-9fb3-cb0b40d23bfb,2026-12-20,SP021,195,100,median,30,22.45,21.5,17.95,12.99,4.5,21.2,64.7,21,N2,within,validation_rehearsal,2986508d-e692-58e8-818c-f2f389d8f03e|66d707f4-853b-5b17-92df-a40e71a23be9|c03874d3-0df7-5396-a7fd-a03e85df32ff|c2cbddfc-bb8b-54dd-9469-8ea7b1e456c8|ba50c9e4-8ffc-57a5-a309-458b76a7d850|3c4d0e2a-5fd2-5e4a-b38b-8f0cfbc5d58a|2bdeb9fb-ff0c-549d-bd96-d9b9b18f543f|3ff85fa1-6576-5e4c-89b5-69c9ef3c3bc9|2c2fb214-3f8b-54f1-a253-56bf9592926d|0f9f5148-771b-5120-b5d0-d1c8ff7b1e06|354aaeec-9aba-5ede-816a-7a4f9b7e4230|76d4f9e1-def7-5e4a-93ce-cdd22043fa77|5939fdec-098d-59cc-87dc-25589c10e24d|4ba93d4a-ef57-5bfd-9a85-ea14618c6969|bd884976-87a6-5d21-bb44-99b0f5465736,0d830b2e1eb3bf1152124cee2f63e1e5c2eff59d4d42f65e050c218b241850dd,zenit-simulated-feature-snapshot-v1,simulated,False,False,False,False
962bc8ce-5d13-519f-9f33-daa298330fd4,046003bd-58ac-5aca-8364-c934ce6319c8,2026-12-20,SP021,195,100,right,30,36.93,36.02,31.01,24.96,5.92,34.3,72.0,35,N3,exceeds,validation_rehearsal,7b1e4f33-283f-5d65-8946-4d8d1f9a55e5|553a5746-c3db-58a3-9d06-bdb21df4b944|5e481674-7f15-5947-b6a4-f466ced1ffca|350944a0-af56-5da9-b6cf-50289827643e|ba9e635d-5995-55ca-84dd-1827c7568edd|6b85dc90-3c29-519a-9835-401a91990835|99e5e7ad-40d6-54f3-908c-b59f7bb5f89b|49220925-e105-5cde-806d-009c0f5aaf90|2c4934ce-4742-5459-a0e3-b10e562672e0|7a8bcdbf-3538-50c2-990b-3fc23f7dd467|7a0e657d-9e30-56ba-a94c-0828de52c210|6c193ab9-d5fa-5981-b370-7dd5fd6abfcf|732ac49e-0cb0-5ff5-83ef-eea563370169|cebe1153-e36f-50ce-98f6-f120ca1ed7eb|e8233e5d-24ec-5f88-9140-fa1a6fb3fe14,3029c9b7d5bae1914fe261a7ce029b4cd0af31de8dad1a4c66982c33aa47f653,zenit-simulated-feature-snapshot-v1,simulated,False,False,False,False
bae937fb-f0b6-5b5e-b4fa-4531f79a0cd4,23232185-5c98-523a-a8a5-d53254b8a0d8,2026-12-20,SP021,195,100,special,10,8.59,8.01,5.0,9.66,3.59,15.0,28.8,7,N1,within,validation_rehearsal,efbf2f1a-4101-55f5-9c3c-8eebc9662dad|add89d24-45e6-5e9c-b12f-97d32402ee65|99ccd52a-6dc7-5a6e-a656-d70ee4229f0b|eabcb4a1-ceae-5ead-81ea-351583f1c047|c56c5827-bb73-5f4b-ada7-c7d26fcff25f|69a36a4f-5078-561e-9e71-ea2df6ae6f44|d56f0ab7-1fb3-5526-a1c8-c8d24fcd3988|daeb2e0e-177a-580c-9665-11e33cb2d188|f2d6fdc9-0ce3-50e7-ab7e-399435b8f358|8d84ff83-6381-5fb0-b98a-af8288fe1f62|90cc0281-ee03-5fd6-a31b-2b90189ece6b|f2f7d7da-34c1-5fef-923d-4541c1d9c81d|f66e0189-d9f6-5c2c-90b3-aaf154819290|fddaa194-775b-52b0-ba68-ca051fbc9d0d|3eb4bc0c-3dd7-56b6-8c8b-fbf843fc38e0,0d067e50ed22513f7cc339cd9255640cfb04e43a3bcf38a9d7d977686201bed5,zenit-simulated-feature-snapshot-v1,simulated,False,False,False,False
70cb38df-109c-5d24-90ff-72ec098cbf8c,00cb94fd-970b-5652-b9e8-aa30d6d12bc3,2026-12-21,SP021,195,100,left,30,11.3,10.61,36.16,31.26,5.3,29.2,48.5,4,N2,within,validation_rehearsal,17c423be-8c8d-5b79-b19c-166f2968e025|adb341bb-e5bb-5619-8202-d620a29232af|3b11643b-5fbc-57ed-8e3c-5771a68d1139|d5b57f07-d8f2-5a96-9fa1-2c1e6110c8d2|502515d1-b148-54bc-bb1c-9b42a0ac62f5|b5389255-9737-5961-a59d-cedb2b93fdf3|32e45b55-17ec-5813-8c56-3cb9e24db4b2|c96bca89-a617-5caf-8ae6-aa1767664178|abcb8b62-e4fc-591a-9f9b-34654997b5a8|39901557-59c4-5787-897b-bc7c5b0742a9|cce89f7e-22fd-5bc5-a1b2-a20cb1577ded|a1236f81-efed-5b0c-9cda-eab5d40c8d32|825fba5e-4915-591c-bf9f-b213a2060971|33cb7f4e-ad5b-5742-b69a-3dfe2d25d149|ae30c5c5-9b96-5f67-98ab-2eff0d2e65e3,3213cc655524d5f11c6436e855808c6d8708f9f03e56f2f74d3d3ffe79f4c92c,zenit-simulated-feature-snapshot-v1,simulated,False,False,False,False
ef295f98-6ea0-5a67-9c96-56cd98710886,4721c12b-0a1b-5b6a-9fb3-cb0b40d23bfb,2026-12-21,SP021,195,100,median,30,23.08,22.45,18.6,13.71,4.48,25.2,63.8,22,N2,within,validation_rehearsal,66d707f4-853b-5b17-92df-a40e71a23be9|c03874d3-0df7-5396-a7fd-a03e85df32ff|c2cbddfc-bb8b-54dd-9469-8ea7b1e456c8|ba50c9e4-8ffc-57a5-a309-458b76a7d850|3c4d0e2a-5fd2-5e4a-b38b-8f0cfbc5d58a|2bdeb9fb-ff0c-549d-bd96-d9b9b18f543f|3ff85fa1-6576-5e4c-89b5-69c9ef3c3bc9|2c2fb214-3f8b-54f1-a253-56bf9592926d|0f9f5148-771b-5120-b5d0-d1c8ff7b1e06|354aaeec-9aba-5ede-816a-7a4f9b7e4230|76d4f9e1-def7-5e4a-93ce-cdd22043fa77|5939fdec-098d-59cc-87dc-25589c10e24d|4ba93d4a-ef57-5bfd-9a85-ea14618c6969|bd884976-87a6-5d21-bb44-99b0f5465736|4b6e7860-b35b-5d1c-8734-4f3b00cf8c9e,bc63dd0a13a58a5367e5d853514c2646cebfea2a4c29ff2b815879373b0bad3d,zenit-simulated-feature-snapshot-v1,simulated,False,False,False,False
aea7dc43-829d-53d4-8ec7-d6e1c55073a6,046003bd-58ac-5aca-8364-c934ce6319c8,2026-12-21,SP021,195,100,right,30,37.64,36.93,31.78,25.62,5.86,35.0,71.2,36,N3,exceeds,validation_rehearsal,553a5746-c3db-58a3-9d06-bdb21df4b944|5e481674-7f15-5947-b6a4-f466ced1ffca|350944a0-af56-5da9-b6cf-50289827643e|ba9e635d-5995-55ca-84dd-1827c7568edd|6b85dc90-3c29-519a-9835-401a91990835|99e5e7ad-40d6-54f3-908c-b59f7bb5f89b|49220925-e105-5cde-806d-009c0f5aaf90|2c4934ce-4742-5459-a0e3-b10e562672e0|7a8bcdbf-3538-50c2-990b-3fc23f7dd467|7a0e657d-9e30-56ba-a94c-0828de52c210|6c193ab9-d5fa-5981-b370-7dd5fd6abfcf|732ac49e-0cb0-5ff5-83ef-eea563370169|cebe1153-e36f-50ce-98f6-f120ca1ed7eb|e8233e5d-24ec-5f88-9140-fa1a6fb3fe14|b87cd9cd-9182-5112-a467-612d450dbb61,99b98e2c1ef6821aa10fa33941bc45fdd9b9ae03d077592f80f5fe66ca4eb8e4,zenit-simulated-feature-snapshot-v1,simulated,False,False,False,False
5459e6fe-64c8-50ea-9eba-7dfb54d2ce32,23232185-5c98-523a-a8a5-d53254b8a0d8,2026-12-21,SP021,195,100,special,10,9.01,8.59,5.61,10.13,3.4,9.1,25.9,8,N1,within,validation_rehearsal,add89d24-45e6-5e9c-b12f-97d32402ee65|99ccd52a-6dc7-5a6e-a656-d70ee4229f0b|eabcb4a1-ceae-5ead-81ea-351583f1c047|c56c5827-bb73-5f4b-ada7-c7d26fcff25f|69a36a4f-5078-561e-9e71-ea2df6ae6f44|d56f0ab7-1fb3-5526-a1c8-c8d24fcd3988|daeb2e0e-177a-580c-9665-11e33cb2d188|f2d6fdc9-0ce3-50e7-ab7e-399435b8f358|8d84ff83-6381-5fb0-b98a-af8288fe1f62|90cc0281-ee03-5fd6-a31b-2b90189ece6b|f2f7d7da-34c1-5fef-923d-4541c1d9c81d|f66e0189-d9f6-5c2c-90b3-aaf154819290|fddaa194-775b-52b0-ba68-ca051fbc9d0d|3eb4bc0c-3dd7-56b6-8c8b-fbf843fc38e0|1bfa803c-68d7-5fbf-828f-9fc3b3621bea,f4c0fc562af11bed03984d79643aa6a9aa7e014e7cb67ec107ecf147e169a9b7,zenit-simulated-feature-snapshot-v1,simulated,False,False,False,False
0b14d16b-4d51-503c-b367-b475f53f27de,00cb94fd-970b-5652-b9e8-aa30d6d12bc3,2026-12-22,SP021,195,100,left,30,11.88,11.3,36.94,31.9,5.1,27.7,48.3,5,N2,within,validation_rehearsal,adb341bb-e5bb-5619-8202-d620a29232af|3b11643b-5fbc-57ed-8e3c-5771a68d1139|d5b57f07-d8f2-5a96-9fa1-2c1e6110c8d2|502515d1-b148-54bc-bb1c-9b42a0ac62f5|b5389255-9737-5961-a59d-cedb2b93fdf3|32e45b55-17ec-5813-8c56-3cb9e24db4b2|c96bca89-a617-5caf-8ae6-aa1767664178|abcb8b62-e4fc-591a-9f9b-34654997b5a8|39901557-59c4-5787-897b-bc7c5b0742a9|cce89f7e-22fd-5bc5-a1b2-a20cb1577ded|a1236f81-efed-5b0c-9cda-eab5d40c8d32|825fba5e-4915-591c-bf9f-b213a2060971|33cb7f4e-ad5b-5742-b69a-3dfe2d25d149|ae30c5c5-9b96-5f67-98ab-2eff0d2e65e3|07766ae8-8722-5b38-b9dc-441d43c32ec5,401bc61cd2a8e464e83db8227dcbdd24d6100857004fcb89ffe8df2d49c489b1,zenit-simulated-feature-snapshot-v1,simulated,False,False,False,False
5d13f0e2-7d99-5549-bf6c-c693c051a045,4721c12b-0a1b-5b6a-9fb3-cb0b40d23bfb,2026-12-22,SP021,195,100,median,30,23.66,23.08,19.15,14.52,4.51,25.2,59.9,23,N2,within,validation_rehearsal,c03874d3-0df7-5396-a7fd-a03e85df32ff|c2cbddfc-bb8b-54dd-9469-8ea7b1e456c8|ba50c9e4-8ffc-57a5-a309-458b76a7d850|3c4d0e2a-5fd2-5e4a-b38b-8f0cfbc5d58a|2bdeb9fb-ff0c-549d-bd96-d9b9b18f543f|3ff85fa1-6576-5e4c-89b5-69c9ef3c3bc9|2c2fb214-3f8b-54f1-a253-56bf9592926d|0f9f5148-771b-5120-b5d0-d1c8ff7b1e06|354aaeec-9aba-5ede-816a-7a4f9b7e4230|76d4f9e1-def7-5e4a-93ce-cdd22043fa77|5939fdec-098d-59cc-87dc-25589c10e24d|4ba93d4a-ef57-5bfd-9a85-ea14618c6969|bd884976-87a6-5d21-bb44-99b0f5465736|4b6e7860-b35b-5d1c-8734-4f3b00cf8c9e|316fc813-f233-506a-8ffa-9856ae68f9e3,c5b5a31cddefb1c32b49718ccd76109b4a68d27c676b3a7a88a91e073d3d900c,zenit-simulated-feature-snapshot-v1,simulated,False,False,False,False
bb97c4d2-f692-59c7-ab82-75ece30f2f6e,046003bd-58ac-5aca-8364-c934ce6319c8,2026-12-22,SP021,195,100,right,30,38.39,37.64,32.74,26.75,5.65,26.5,57.5,37,N3,exceeds,validation_rehearsal,5e481674-7f15-5947-b6a4-f466ced1ffca|350944a0-af56-5da9-b6cf-50289827643e|ba9e635d-5995-55ca-84dd-1827c7568edd|6b85dc90-3c29-519a-9835-401a91990835|99e5e7ad-40d6-54f3-908c-b59f7bb5f89b|49220925-e105-5cde-806d-009c0f5aaf90|2c4934ce-4742-5459-a0e3-b10e562672e0|7a8bcdbf-3538-50c2-990b-3fc23f7dd467|7a0e657d-9e30-56ba-a94c-0828de52c210|6c193ab9-d5fa-5981-b370-7dd5fd6abfcf|732ac49e-0cb0-5ff5-83ef-eea563370169|cebe1153-e36f-50ce-98f6-f120ca1ed7eb|e8233e5d-24ec-5f88-9140-fa1a6fb3fe14|b87cd9cd-9182-5112-a467-612d450dbb61|c3eb38c1-40b3-5bff-b6c2-91a31929896e,afcddd435508ec11d52b99e5b66ace580e1957fdb0eec0179cc721e7181f2bf3,zenit-simulated-feature-snapshot-v1,simulated,False,False,False,False
63b26b98-13f4-5fb6-bcd9-cba1740d16a0,23232185-5c98-523a-a8a5-d53254b8a0d8,2026-12-22,SP021,195,100,special,10,9.34,9.01,6.15,10.76,3.19,9.1,25.0,9,N1,within,validation_rehearsal,99ccd52a-6dc7-5a6e-a656-d70ee4229f0b|eabcb4a1-ceae-5ead-81ea-351583f1c047|c56c5827-bb73-5f4b-ada7-c7d26fcff25f|69a36a4f-5078-561e-9e71-ea2df6ae6f44|d56f0ab7-1fb3-5526-a1c8-c8d24fcd3988|daeb2e0e-177a-580c-9665-11e33cb2d188|f2d6fdc9-0ce3-50e7-ab7e-399435b8f358|8d84ff83-6381-5fb0-b98a-af8288fe1f62|90cc0281-ee03-5fd6-a31b-2b90189ece6b|f2f7d7da-34c1-5fef-923d-4541c1d9c81d|f66e0189-d9f6-5c2c-90b3-aaf154819290|fddaa194-775b-52b0-ba68-ca051fbc9d0d|3eb4bc0c-3dd7-56b6-8c8b-fbf843fc38e0|1bfa803c-68d7-5fbf-828f-9fc3b3621bea|32b4702e-c748-592d-934c-9685f031ddb8,0a4210c61f51d3fcdbfc0d34d0129673a6af98b47a038a2f83b9b49581de4bc8,zenit-simulated-feature-snapshot-v1,simulated,False,False,False,False
9b56d155-23ba-5a6e-96f9-47ce5b6f880e,00cb94fd-970b-5652-b9e8-aa30d6d12bc3,2026-12-23,SP021,195,100,left,30,12.84,11.88,37.63,32.57,5.37,27.4,54.6,6,N2,within,validation_rehearsal,3b11643b-5fbc-57ed-8e3c-5771a68d1139|d5b57f07-d8f2-5a96-9fa1-2c1e6110c8d2|502515d1-b148-54bc-bb1c-9b42a0ac62f5|b5389255-9737-5961-a59d-cedb2b93fdf3|32e45b55-17ec-5813-8c56-3cb9e24db4b2|c96bca89-a617-5caf-8ae6-aa1767664178|abcb8b62-e4fc-591a-9f9b-34654997b5a8|39901557-59c4-5787-897b-bc7c5b0742a9|cce89f7e-22fd-5bc5-a1b2-a20cb1577ded|a1236f81-efed-5b0c-9cda-eab5d40c8d32|825fba5e-4915-591c-bf9f-b213a2060971|33cb7f4e-ad5b-5742-b69a-3dfe2d25d149|ae30c5c5-9b96-5f67-98ab-2eff0d2e65e3|07766ae8-8722-5b38-b9dc-441d43c32ec5|d7d58e3f-134f-5e0e-9d4c-ecfcd18d2c22,cb2464a67c47944d4b790f017c455e759054ab9a8c643c62355588be4d78f467,zenit-simulated-feature-snapshot-v1,simulated,False,False,False,False
f346d0ec-8a81-5a31-a770-b7e9e12b9ca1,4721c12b-0a1b-5b6a-9fb3-cb0b40d23bfb,2026-12-23,SP021,195,100,median,30,24.35,23.66,19.59,15.3,4.76,27.7,51.0,24,N2,within,validation_rehearsal,c2cbddfc-bb8b-54dd-9469-8ea7b1e456c8|ba50c9e4-8ffc-57a5-a309-458b76a7d850|3c4d0e2a-5fd2-5e4a-b38b-8f0cfbc5d58a|2bdeb9fb-ff0c-549d-bd96-d9b9b18f543f|3ff85fa1-6576-5e4c-89b5-69c9ef3c3bc9|2c2fb214-3f8b-54f1-a253-56bf9592926d|0f9f5148-771b-5120-b5d0-d1c8ff7b1e06|354aaeec-9aba-5ede-816a-7a4f9b7e4230|76d4f9e1-def7-5e4a-93ce-cdd22043fa77|5939fdec-098d-59cc-87dc-25589c10e24d|4ba93d4a-ef57-5bfd-9a85-ea14618c6969|bd884976-87a6-5d21-bb44-99b0f5465736|4b6e7860-b35b-5d1c-8734-4f3b00cf8c9e|316fc813-f233-506a-8ffa-9856ae68f9e3|0de7bef5-f5aa-597d-93af-3fd49d68d4dd,a2786f903b215434c7d460649a9a92c4e97ce2a39fcad596c4299a58f42053ea,zenit-simulated-feature-snapshot-v1,simulated,False,False,False,False
8bbfd7c2-8109-5ee3-86d0-fe4df17b2e7d,046003bd-58ac-5aca-8364-c934ce6319c8,2026-12-23,SP021,195,100,right,30,39.31,38.39,33.55,27.41,5.76,21.7,60.1,38,N3,exceeds,validation_rehearsal,350944a0-af56-5da9-b6cf-50289827643e|ba9e635d-5995-55ca-84dd-1827c7568edd|6b85dc90-3c29-519a-9835-401a91990835|99e5e7ad-40d6-54f3-908c-b59f7bb5f89b|49220925-e105-5cde-806d-009c0f5aaf90|2c4934ce-4742-5459-a0e3-b10e562672e0|7a8bcdbf-3538-50c2-990b-3fc23f7dd467|7a0e657d-9e30-56ba-a94c-0828de52c210|6c193ab9-d5fa-5981-b370-7dd5fd6abfcf|732ac49e-0cb0-5ff5-83ef-eea563370169|cebe1153-e36f-50ce-98f6-f120ca1ed7eb|e8233e5d-24ec-5f88-9140-fa1a6fb3fe14|b87cd9cd-9182-5112-a467-612d450dbb61|c3eb38c1-40b3-5bff-b6c2-91a31929896e|5feb6b1b-2dd1-5e70-937b-b843ee3be5dc,ce0483e19e38aee268f81726a07a8fe78abdc042cf519529bf5e0d9bfbfaf7ae,zenit-simulated-feature-snapshot-v1,simulated,False,False,False,False
1535b853-2f03-5742-b61e-c3a0d805a3b1,23232185-5c98-523a-a8a5-d53254b8a0d8,2026-12-23,SP021,195,100,special,10,9.82,9.34,6.5,11.42,3.32,15.4,25.6,10,N1,within,validation_rehearsal,eabcb4a1-ceae-5ead-81ea-351583f1c047|c56c5827-bb73-5f4b-ada7-c7d26fcff25f|69a36a4f-5078-561e-9e71-ea2df6ae6f44|d56f0ab7-1fb3-5526-a1c8-c8d24fcd3988|daeb2e0e-177a-580c-9665-11e33cb2d188|f2d6fdc9-0ce3-50e7-ab7e-399435b8f358|8d84ff83-6381-5fb0-b98a-af8288fe1f62|90cc0281-ee03-5fd6-a31b-2b90189ece6b|f2f7d7da-34c1-5fef-923d-4541c1d9c81d|f66e0189-d9f6-5c2c-90b3-aaf154819290|fddaa194-775b-52b0-ba68-ca051fbc9d0d|3eb4bc0c-3dd7-56b6-8c8b-fbf843fc38e0|1bfa803c-68d7-5fbf-828f-9fc3b3621bea|32b4702e-c748-592d-934c-9685f031ddb8|97dfafb5-64d3-5755-94ad-239df6930193,7c7e0d963568acc7bf5e4a5aadf78a4e28da1e0a1ad27269d366e0b94109068a,zenit-simulated-feature-snapshot-v1,simulated,False,False,False,False
45286b0e-77d1-50ec-96d5-f75f58ab239e,00cb94fd-970b-5652-b9e8-aa30d6d12bc3,2026-12-24,SP021,195,100,left,30,13.65,12.84,8.0,33.31,5.65,27.4,54.4,7,N2,within,validation_rehearsal,d5b57f07-d8f2-5a96-9fa1-2c1e6110c8d2|502515d1-b148-54bc-bb1c-9b42a0ac62f5|b5389255-9737-5961-a59d-cedb2b93fdf3|32e45b55-17ec-5813-8c56-3cb9e24db4b2|c96bca89-a617-5caf-8ae6-aa1767664178|abcb8b62-e4fc-591a-9f9b-34654997b5a8|39901557-59c4-5787-897b-bc7c5b0742a9|cce89f7e-22fd-5bc5-a1b2-a20cb1577ded|a1236f81-efed-5b0c-9cda-eab5d40c8d32|825fba5e-4915-591c-bf9f-b213a2060971|33cb7f4e-ad5b-5742-b69a-3dfe2d25d149|ae30c5c5-9b96-5f67-98ab-2eff0d2e65e3|07766ae8-8722-5b38-b9dc-441d43c32ec5|d7d58e3f-134f-5e0e-9d4c-ecfcd18d2c22|ea180e4b-28c7-5a6d-81bb-6a6229d64076,370b85e513014964efbb5786ab3a35df8626d11da696ff483cbe8befd6a4bca0,zenit-simulated-feature-snapshot-v1,simulated,False,False,False,False
640b75c4-a5f2-5f7d-b290-5e826186da30,4721c12b-0a1b-5b6a-9fb3-cb0b40d23bfb,2026-12-24,SP021,195,100,median,30,25.15,24.35,20.19,15.96,4.96,32.5,51.6,25,N2,within,validation_rehearsal,ba50c9e4-8ffc-57a5-a309-458b76a7d850|3c4d0e2a-5fd2-5e4a-b38b-8f0cfbc5d58a|2bdeb9fb-ff0c-549d-bd96-d9b9b18f543f|3ff85fa1-6576-5e4c-89b5-69c9ef3c3bc9|2c2fb214-3f8b-54f1-a253-56bf9592926d|0f9f5148-771b-5120-b5d0-d1c8ff7b1e06|354aaeec-9aba-5ede-816a-7a4f9b7e4230|76d4f9e1-def7-5e4a-93ce-cdd22043fa77|5939fdec-098d-59cc-87dc-25589c10e24d|4ba93d4a-ef57-5bfd-9a85-ea14618c6969|bd884976-87a6-5d21-bb44-99b0f5465736|4b6e7860-b35b-5d1c-8734-4f3b00cf8c9e|316fc813-f233-506a-8ffa-9856ae68f9e3|0de7bef5-f5aa-597d-93af-3fd49d68d4dd|70ed9098-0335-590c-9bc8-0652ec82851b,3d90bc85d85c0ab9324d0d077c250b89acc956128a70b5b8891f1d423f03fc46,zenit-simulated-feature-snapshot-v1,simulated,False,False,False,False
f6e3f25d-6831-5c07-928e-fd61a4a31558,046003bd-58ac-5aca-8364-c934ce6319c8,2026-12-24,SP021,195,100,right,30,40.06,39.31,34.41,28.31,5.65,22.5,58.4,39,N3,exceeds,validation_rehearsal,ba9e635d-5995-55ca-84dd-1827c7568edd|6b85dc90-3c29-519a-9835-401a91990835|99e5e7ad-40d6-54f3-908c-b59f7bb5f89b|49220925-e105-5cde-806d-009c0f5aaf90|2c4934ce-4742-5459-a0e3-b10e562672e0|7a8bcdbf-3538-50c2-990b-3fc23f7dd467|7a0e657d-9e30-56ba-a94c-0828de52c210|6c193ab9-d5fa-5981-b370-7dd5fd6abfcf|732ac49e-0cb0-5ff5-83ef-eea563370169|cebe1153-e36f-50ce-98f6-f120ca1ed7eb|e8233e5d-24ec-5f88-9140-fa1a6fb3fe14|b87cd9cd-9182-5112-a467-612d450dbb61|c3eb38c1-40b3-5bff-b6c2-91a31929896e|5feb6b1b-2dd1-5e70-937b-b843ee3be5dc|c78b09be-9ce2-5cd2-a9c8-227a8349c18b,4e5190606b8ecad514e2e14656276d4fc3e282d29b147cccfc1e0014b3906c02,zenit-simulated-feature-snapshot-v1,simulated,False,False,False,False
77f38e6a-a241-5454-9a7d-9c4434c1c562,23232185-5c98-523a-a8a5-d53254b8a0d8,2026-12-24,SP021,195,100,special,10,10.44,9.82,6.88,11.81,3.56,21.4,32.7,11,N2,exceeds,validation_rehearsal,c56c5827-bb73-5f4b-ada7-c7d26fcff25f|69a36a4f-5078-561e-9e71-ea2df6ae6f44|d56f0ab7-1fb3-5526-a1c8-c8d24fcd3988|daeb2e0e-177a-580c-9665-11e33cb2d188|f2d6fdc9-0ce3-50e7-ab7e-399435b8f358|8d84ff83-6381-5fb0-b98a-af8288fe1f62|90cc0281-ee03-5fd6-a31b-2b90189ece6b|f2f7d7da-34c1-5fef-923d-4541c1d9c81d|f66e0189-d9f6-5c2c-90b3-aaf154819290|fddaa194-775b-52b0-ba68-ca051fbc9d0d|3eb4bc0c-3dd7-56b6-8c8b-fbf843fc38e0|1bfa803c-68d7-5fbf-828f-9fc3b3621bea|32b4702e-c748-592d-934c-9685f031ddb8|97dfafb5-64d3-5755-94ad-239df6930193|cab8bf65-81af-5316-ab93-b8473d644880,d9c92d857eb5319b42eabc45922fa55a242f98f5912cf3f555a6ecf331f0149f,zenit-simulated-feature-snapshot-v1,simulated,False,False,False,False
42e7c4a4-e086-534d-9ad7-521604f52579,00cb94fd-970b-5652-b9e8-aa30d6d12bc3,2026-12-25,SP021,195,100,left,30,14.65,13.65,9.08,34.14,5.57,25.1,55.8,8,N2,within,validation_rehearsal,502515d1-b148-54bc-bb1c-9b42a0ac62f5|b5389255-9737-5961-a59d-cedb2b93fdf3|32e45b55-17ec-5813-8c56-3cb9e24db4b2|c96bca89-a617-5caf-8ae6-aa1767664178|abcb8b62-e4fc-591a-9f9b-34654997b5a8|39901557-59c4-5787-897b-bc7c5b0742a9|cce89f7e-22fd-5bc5-a1b2-a20cb1577ded|a1236f81-efed-5b0c-9cda-eab5d40c8d32|825fba5e-4915-591c-bf9f-b213a2060971|33cb7f4e-ad5b-5742-b69a-3dfe2d25d149|ae30c5c5-9b96-5f67-98ab-2eff0d2e65e3|07766ae8-8722-5b38-b9dc-441d43c32ec5|d7d58e3f-134f-5e0e-9d4c-ecfcd18d2c22|ea180e4b-28c7-5a6d-81bb-6a6229d64076|f901eefd-9081-52ac-8466-7ae63ed5ee18,264a431f7a3e3bbb675b1367089d45e0cb61dad3e674f3f93e4f9f683ec5f1b8,zenit-simulated-feature-snapshot-v1,simulated,False,False,False,False
2efce580-3e67-5e40-b7bf-568801b7c3b2,4721c12b-0a1b-5b6a-9fb3-cb0b40d23bfb,2026-12-25,SP021,195,100,median,30,25.7,25.15,20.83,16.78,4.87,31.1,39.7,26,N2,within,validation_rehearsal,3c4d0e2a-5fd2-5e4a-b38b-8f0cfbc5d58a|2bdeb9fb-ff0c-549d-bd96-d9b9b18f543f|3ff85fa1-6576-5e4c-89b5-69c9ef3c3bc9|2c2fb214-3f8b-54f1-a253-56bf9592926d|0f9f5148-771b-5120-b5d0-d1c8ff7b1e06|354aaeec-9aba-5ede-816a-7a4f9b7e4230|76d4f9e1-def7-5e4a-93ce-cdd22043fa77|5939fdec-098d-59cc-87dc-25589c10e24d|4ba93d4a-ef57-5bfd-9a85-ea14618c6969|bd884976-87a6-5d21-bb44-99b0f5465736|4b6e7860-b35b-5d1c-8734-4f3b00cf8c9e|316fc813-f233-506a-8ffa-9856ae68f9e3|0de7bef5-f5aa-597d-93af-3fd49d68d4dd|70ed9098-0335-590c-9bc8-0652ec82851b|26ab5d4d-f53c-5ba1-9002-84e92bf081bf,5e0118b49fccce3f6f66ab473fc5e36c27956c6dabcf95f35b5894ff9269548b,zenit-simulated-feature-snapshot-v1,simulated,False,False,False,False
05ae1b61-ac24-57db-9cc3-85111a6f606d,046003bd-58ac-5aca-8364-c934ce6319c8,2026-12-25,SP021,195,100,right,30,41.13,40.06,35.39,29.21,5.74,29.9,62.7,40,N3,exceeds,validation_rehearsal,6b85dc90-3c29-519a-9835-401a91990835|99e5e7ad-40d6-54f3-908c-b59f7bb5f89b|49220925-e105-5cde-806d-009c0f5aaf90|2c4934ce-4742-5459-a0e3-b10e562672e0|7a8bcdbf-3538-50c2-990b-3fc23f7dd467|7a0e657d-9e30-56ba-a94c-0828de52c210|6c193ab9-d5fa-5981-b370-7dd5fd6abfcf|732ac49e-0cb0-5ff5-83ef-eea563370169|cebe1153-e36f-50ce-98f6-f120ca1ed7eb|e8233e5d-24ec-5f88-9140-fa1a6fb3fe14|b87cd9cd-9182-5112-a467-612d450dbb61|c3eb38c1-40b3-5bff-b6c2-91a31929896e|5feb6b1b-2dd1-5e70-937b-b843ee3be5dc|c78b09be-9ce2-5cd2-a9c8-227a8349c18b|c2baab5c-ee5a-564a-bd57-9e1cef2f9ba9,4299e01d86df2d0cedfaa59db37e03873ca95c0dd7107bc3e9c8859a26c00787,zenit-simulated-feature-snapshot-v1,simulated,False,False,False,False
43d1ee07-18e9-5500-90b1-3424084676cc,23232185-5c98-523a-a8a5-d53254b8a0d8,2026-12-25,SP021,195,100,special,10,11.09,10.44,7.58,12.21,3.51,26.2,43.7,12,N2,exceeds,validation_rehearsal,69a36a4f-5078-561e-9e71-ea2df6ae6f44|d56f0ab7-1fb3-5526-a1c8-c8d24fcd3988|daeb2e0e-177a-580c-9665-11e33cb2d188|f2d6fdc9-0ce3-50e7-ab7e-399435b8f358|8d84ff83-6381-5fb0-b98a-af8288fe1f62|90cc0281-ee03-5fd6-a31b-2b90189ece6b|f2f7d7da-34c1-5fef-923d-4541c1d9c81d|f66e0189-d9f6-5c2c-90b3-aaf154819290|fddaa194-775b-52b0-ba68-ca051fbc9d0d|3eb4bc0c-3dd7-56b6-8c8b-fbf843fc38e0|1bfa803c-68d7-5fbf-828f-9fc3b3621bea|32b4702e-c748-592d-934c-9685f031ddb8|97dfafb5-64d3-5755-94ad-239df6930193|cab8bf65-81af-5316-ab93-b8473d644880|b5c54771-4ac4-5cc4-aeb7-c656c45f5b54,f06199c69e0738b310ec2e358b595ee5df1eca22296d7a2a7674343c85056e79,zenit-simulated-feature-snapshot-v1,simulated,False,False,False,False
d4e8a987-7efa-5049-9c1e-f8f108d91979,00cb94fd-970b-5652-b9e8-aa30d6d12bc3,2026-12-26,SP021,195,100,left,30,15.17,14.65,9.68,34.79,5.49,25.1,51.3,9,N2,within,validation_rehearsal,b5389255-9737-5961-a59d-cedb2b93fdf3|32e45b55-17ec-5813-8c56-3cb9e24db4b2|c96bca89-a617-5caf-8ae6-aa1767664178|abcb8b62-e4fc-591a-9f9b-34654997b5a8|39901557-59c4-5787-897b-bc7c5b0742a9|cce89f7e-22fd-5bc5-a1b2-a20cb1577ded|a1236f81-efed-5b0c-9cda-eab5d40c8d32|825fba5e-4915-591c-bf9f-b213a2060971|33cb7f4e-ad5b-5742-b69a-3dfe2d25d149|ae30c5c5-9b96-5f67-98ab-2eff0d2e65e3|07766ae8-8722-5b38-b9dc-441d43c32ec5|d7d58e3f-134f-5e0e-9d4c-ecfcd18d2c22|ea180e4b-28c7-5a6d-81bb-6a6229d64076|f901eefd-9081-52ac-8466-7ae63ed5ee18|15023e77-ab54-53d6-9897-027bdb72217d,ca93bcfee8fb44d43d35c39f0e2e8d261b55e00f46d3a95b781bce5ccfb6006f,zenit-simulated-feature-snapshot-v1,simulated,False,False,False,False
e4dfd293-c808-5fba-84b2-bb88bc89638d,4721c12b-0a1b-5b6a-9fb3-cb0b40d23bfb,2026-12-26,SP021,195,100,median,30,26.38,25.7,21.5,17.26,4.88,24.3,39.7,27,N2,within,validation_rehearsal,2bdeb9fb-ff0c-549d-bd96-d9b9b18f543f|3ff85fa1-6576-5e4c-89b5-69c9ef3c3bc9|2c2fb214-3f8b-54f1-a253-56bf9592926d|0f9f5148-771b-5120-b5d0-d1c8ff7b1e06|354aaeec-9aba-5ede-816a-7a4f9b7e4230|76d4f9e1-def7-5e4a-93ce-cdd22043fa77|5939fdec-098d-59cc-87dc-25589c10e24d|4ba93d4a-ef57-5bfd-9a85-ea14618c6969|bd884976-87a6-5d21-bb44-99b0f5465736|4b6e7860-b35b-5d1c-8734-4f3b00cf8c9e|316fc813-f233-506a-8ffa-9856ae68f9e3|0de7bef5-f5aa-597d-93af-3fd49d68d4dd|70ed9098-0335-590c-9bc8-0652ec82851b|26ab5d4d-f53c-5ba1-9002-84e92bf081bf|d92e6b76-a308-5474-adb5-4e7c60163ad2,84d77ec77c1c3dbbc68b22ad97253f0f0dbc147a1855d90f28bf5594696f0d65,zenit-simulated-feature-snapshot-v1,simulated,False,False,False,False
322512d4-d164-5085-974d-64bd5b0a7113,046003bd-58ac-5aca-8364-c934ce6319c8,2026-12-26,SP021,195,100,right,30,41.95,41.13,36.02,30.13,5.93,34.8,60.1,41,N3,exceeds,validation_rehearsal,99e5e7ad-40d6-54f3-908c-b59f7bb5f89b|49220925-e105-5cde-806d-009c0f5aaf90|2c4934ce-4742-5459-a0e3-b10e562672e0|7a8bcdbf-3538-50c2-990b-3fc23f7dd467|7a0e657d-9e30-56ba-a94c-0828de52c210|6c193ab9-d5fa-5981-b370-7dd5fd6abfcf|732ac49e-0cb0-5ff5-83ef-eea563370169|cebe1153-e36f-50ce-98f6-f120ca1ed7eb|e8233e5d-24ec-5f88-9140-fa1a6fb3fe14|b87cd9cd-9182-5112-a467-612d450dbb61|c3eb38c1-40b3-5bff-b6c2-91a31929896e|5feb6b1b-2dd1-5e70-937b-b843ee3be5dc|c78b09be-9ce2-5cd2-a9c8-227a8349c18b|c2baab5c-ee5a-564a-bd57-9e1cef2f9ba9|3669c955-440b-532f-987c-417bb769ca11,96ed92d11c78d32c730267b2d5bf9792414ab032f201792001ad44e0ed93caff,zenit-simulated-feature-snapshot-v1,simulated,False,False,False,False
9f165217-b2f7-5bb3-8ee0-3a6505468db8,23232185-5c98-523a-a8a5-d53254b8a0d8,2026-12-26,SP021,195,100,special,10,11.73,11.09,8.01,12.79,3.72,33.6,46.8,13,N2,exceeds,validation_rehearsal,d56f0ab7-1fb3-5526-a1c8-c8d24fcd3988|daeb2e0e-177a-580c-9665-11e33cb2d188|f2d6fdc9-0ce3-50e7-ab7e-399435b8f358|8d84ff83-6381-5fb0-b98a-af8288fe1f62|90cc0281-ee03-5fd6-a31b-2b90189ece6b|f2f7d7da-34c1-5fef-923d-4541c1d9c81d|f66e0189-d9f6-5c2c-90b3-aaf154819290|fddaa194-775b-52b0-ba68-ca051fbc9d0d|3eb4bc0c-3dd7-56b6-8c8b-fbf843fc38e0|1bfa803c-68d7-5fbf-828f-9fc3b3621bea|32b4702e-c748-592d-934c-9685f031ddb8|97dfafb5-64d3-5755-94ad-239df6930193|cab8bf65-81af-5316-ab93-b8473d644880|b5c54771-4ac4-5cc4-aeb7-c656c45f5b54|baa9fc46-1f70-559c-8f5b-24ef678d767c,1128f8b6bbb094a6b1e6e4851393fa7ff61a72e63c0883fdb24388a412ed5949,zenit-simulated-feature-snapshot-v1,simulated,False,False,False,False
334b96e6-c33a-54ee-b336-e0056de176a5,00cb94fd-970b-5652-b9e8-aa30d6d12bc3,2026-12-27,SP021,195,100,left,30,15.81,15.17,10.61,35.29,5.2,23.4,55.6,10,N2,within,validation_rehearsal,32e45b55-17ec-5813-8c56-3cb9e24db4b2|c96bca89-a617-5caf-8ae6-aa1767664178|abcb8b62-e4fc-591a-9f9b-34654997b5a8|39901557-59c4-5787-897b-bc7c5b0742a9|cce89f7e-22fd-5bc5-a1b2-a20cb1577ded|a1236f81-efed-5b0c-9cda-eab5d40c8d32|825fba5e-4915-591c-bf9f-b213a2060971|33cb7f4e-ad5b-5742-b69a-3dfe2d25d149|ae30c5c5-9b96-5f67-98ab-2eff0d2e65e3|07766ae8-8722-5b38-b9dc-441d43c32ec5|d7d58e3f-134f-5e0e-9d4c-ecfcd18d2c22|ea180e4b-28c7-5a6d-81bb-6a6229d64076|f901eefd-9081-52ac-8466-7ae63ed5ee18|15023e77-ab54-53d6-9897-027bdb72217d|a2c45a32-0942-5414-8193-08161fffcb8b,738a8a3a55bdd559db7f54ae27cea47798c82588379d0d4a44abd468de3371e4,zenit-simulated-feature-snapshot-v1,simulated,False,False,False,False
19e0df2d-dc22-5550-a779-0af071b3abd7,4721c12b-0a1b-5b6a-9fb3-cb0b40d23bfb,2026-12-27,SP021,195,100,median,30,27.22,26.38,22.45,17.95,4.77,21.4,42.6,28,N2,within,validation_rehearsal,3ff85fa1-6576-5e4c-89b5-69c9ef3c3bc9|2c2fb214-3f8b-54f1-a253-56bf9592926d|0f9f5148-771b-5120-b5d0-d1c8ff7b1e06|354aaeec-9aba-5ede-816a-7a4f9b7e4230|76d4f9e1-def7-5e4a-93ce-cdd22043fa77|5939fdec-098d-59cc-87dc-25589c10e24d|4ba93d4a-ef57-5bfd-9a85-ea14618c6969|bd884976-87a6-5d21-bb44-99b0f5465736|4b6e7860-b35b-5d1c-8734-4f3b00cf8c9e|316fc813-f233-506a-8ffa-9856ae68f9e3|0de7bef5-f5aa-597d-93af-3fd49d68d4dd|70ed9098-0335-590c-9bc8-0652ec82851b|26ab5d4d-f53c-5ba1-9002-84e92bf081bf|d92e6b76-a308-5474-adb5-4e7c60163ad2|ccc20636-cc47-58ba-acc2-e135bf7aa3bd,a0ec2dad5819a2f1cafc047bc739ae0a56eb9208f8e8825a3c544711783570da,zenit-simulated-feature-snapshot-v1,simulated,False,False,False,False
0ee751d8-18bf-5138-b918-f1a8755afef9,046003bd-58ac-5aca-8364-c934ce6319c8,2026-12-27,SP021,195,100,right,30,42.58,41.95,36.93,31.01,5.65,27.2,61.5,42,N3,exceeds,validation_rehearsal,49220925-e105-5cde-806d-009c0f5aaf90|2c4934ce-4742-5459-a0e3-b10e562672e0|7a8bcdbf-3538-50c2-990b-3fc23f7dd467|7a0e657d-9e30-56ba-a94c-0828de52c210|6c193ab9-d5fa-5981-b370-7dd5fd6abfcf|732ac49e-0cb0-5ff5-83ef-eea563370169|cebe1153-e36f-50ce-98f6-f120ca1ed7eb|e8233e5d-24ec-5f88-9140-fa1a6fb3fe14|b87cd9cd-9182-5112-a467-612d450dbb61|c3eb38c1-40b3-5bff-b6c2-91a31929896e|5feb6b1b-2dd1-5e70-937b-b843ee3be5dc|c78b09be-9ce2-5cd2-a9c8-227a8349c18b|c2baab5c-ee5a-564a-bd57-9e1cef2f9ba9|3669c955-440b-532f-987c-417bb769ca11|70ae01c8-0edc-505d-b5a9-4924a71cd2ea,b9569e512cae7adaede4d8a2279d7d820ab0f161d8d188c2cc77c650723228ae,zenit-simulated-feature-snapshot-v1,simulated,False,False,False,False
caed1ff1-28e8-561f-a85e-2a1776b9b680,23232185-5c98-523a-a8a5-d53254b8a0d8,2026-12-27,SP021,195,100,special,10,5.0,11.73,8.59,5.0,3.88,41.1,56.1,0,N1,within,validation_rehearsal,daeb2e0e-177a-580c-9665-11e33cb2d188|f2d6fdc9-0ce3-50e7-ab7e-399435b8f358|8d84ff83-6381-5fb0-b98a-af8288fe1f62|90cc0281-ee03-5fd6-a31b-2b90189ece6b|f2f7d7da-34c1-5fef-923d-4541c1d9c81d|f66e0189-d9f6-5c2c-90b3-aaf154819290|fddaa194-775b-52b0-ba68-ca051fbc9d0d|3eb4bc0c-3dd7-56b6-8c8b-fbf843fc38e0|1bfa803c-68d7-5fbf-828f-9fc3b3621bea|32b4702e-c748-592d-934c-9685f031ddb8|97dfafb5-64d3-5755-94ad-239df6930193|cab8bf65-81af-5316-ab93-b8473d644880|b5c54771-4ac4-5cc4-aeb7-c656c45f5b54|baa9fc46-1f70-559c-8f5b-24ef678d767c|f33a8b74-df93-5c83-8644-46cd9b7127b9,4848dd40b9070aea8fb7d47b98c8ca8fe129cd2b8205bd28522a837e108938ec,zenit-simulated-feature-snapshot-v1,simulated,False,False,False,False
c3791165-99d4-5de5-acc8-50692763f723,00cb94fd-970b-5652-b9e8-aa30d6d12bc3,2026-12-28,SP021,195,100,left,30,16.54,15.81,11.3,36.16,5.24,19.8,49.0,11,N2,within,validation_rehearsal,c96bca89-a617-5caf-8ae6-aa1767664178|abcb8b62-e4fc-591a-9f9b-34654997b5a8|39901557-59c4-5787-897b-bc7c5b0742a9|cce89f7e-22fd-5bc5-a1b2-a20cb1577ded|a1236f81-efed-5b0c-9cda-eab5d40c8d32|825fba5e-4915-591c-bf9f-b213a2060971|33cb7f4e-ad5b-5742-b69a-3dfe2d25d149|ae30c5c5-9b96-5f67-98ab-2eff0d2e65e3|07766ae8-8722-5b38-b9dc-441d43c32ec5|d7d58e3f-134f-5e0e-9d4c-ecfcd18d2c22|ea180e4b-28c7-5a6d-81bb-6a6229d64076|f901eefd-9081-52ac-8466-7ae63ed5ee18|15023e77-ab54-53d6-9897-027bdb72217d|a2c45a32-0942-5414-8193-08161fffcb8b|3ef6c17d-8a79-5e60-9478-e86b32eb8bf7,c6e04a1667cfe819cb76afac555e2c719e47d51e7601779cf60807b5c1fecf95,zenit-simulated-feature-snapshot-v1,simulated,False,False,False,False
e1e8a168-788c-56f2-8efd-46c55110bae8,4721c12b-0a1b-5b6a-9fb3-cb0b40d23bfb,2026-12-28,SP021,195,100,median,30,27.79,27.22,23.08,18.6,4.71,22.9,48.1,29,N2,within,validation_rehearsal,2c2fb214-3f8b-54f1-a253-56bf9592926d|0f9f5148-771b-5120-b5d0-d1c8ff7b1e06|354aaeec-9aba-5ede-816a-7a4f9b7e4230|76d4f9e1-def7-5e4a-93ce-cdd22043fa77|5939fdec-098d-59cc-87dc-25589c10e24d|4ba93d4a-ef57-5bfd-9a85-ea14618c6969|bd884976-87a6-5d21-bb44-99b0f5465736|4b6e7860-b35b-5d1c-8734-4f3b00cf8c9e|316fc813-f233-506a-8ffa-9856ae68f9e3|0de7bef5-f5aa-597d-93af-3fd49d68d4dd|70ed9098-0335-590c-9bc8-0652ec82851b|26ab5d4d-f53c-5ba1-9002-84e92bf081bf|d92e6b76-a308-5474-adb5-4e7c60163ad2|ccc20636-cc47-58ba-acc2-e135bf7aa3bd|b91bd3a3-0cc1-51b4-9a6e-ce913dfc48f4,33e5eb853cd74897a3fe45c122e492d06150febdd9485c30595c69ea139cbd61,zenit-simulated-feature-snapshot-v1,simulated,False,False,False,False
e4531f9c-d7d2-515e-9598-8368a61fa7b8,046003bd-58ac-5aca-8364-c934ce6319c8,2026-12-28,SP021,195,100,right,30,43.63,42.58,37.64,31.78,5.99,32.8,67.8,43,N3,exceeds,validation_rehearsal,2c4934ce-4742-5459-a0e3-b10e562672e0|7a8bcdbf-3538-50c2-990b-3fc23f7dd467|7a0e657d-9e30-56ba-a94c-0828de52c210|6c193ab9-d5fa-5981-b370-7dd5fd6abfcf|732ac49e-0cb0-5ff5-83ef-eea563370169|cebe1153-e36f-50ce-98f6-f120ca1ed7eb|e8233e5d-24ec-5f88-9140-fa1a6fb3fe14|b87cd9cd-9182-5112-a467-612d450dbb61|c3eb38c1-40b3-5bff-b6c2-91a31929896e|5feb6b1b-2dd1-5e70-937b-b843ee3be5dc|c78b09be-9ce2-5cd2-a9c8-227a8349c18b|c2baab5c-ee5a-564a-bd57-9e1cef2f9ba9|3669c955-440b-532f-987c-417bb769ca11|70ae01c8-0edc-505d-b5a9-4924a71cd2ea|d9bc3d9f-0a05-5bbc-a5d5-a16e2b26ec5d,db978ea25e96a88743c615dd4abf1e5367f3728cb4289ddfb16c287477dde941,zenit-simulated-feature-snapshot-v1,simulated,False,False,False,False
d82ac117-9501-59e9-a56d-9b3aecf54c96,23232185-5c98-523a-a8a5-d53254b8a0d8,2026-12-28,SP021,195,100,special,10,5.49,5.0,9.01,5.61,3.95,45.6,54.7,1,N1,within,validation_rehearsal,f2d6fdc9-0ce3-50e7-ab7e-399435b8f358|8d84ff83-6381-5fb0-b98a-af8288fe1f62|90cc0281-ee03-5fd6-a31b-2b90189ece6b|f2f7d7da-34c1-5fef-923d-4541c1d9c81d|f66e0189-d9f6-5c2c-90b3-aaf154819290|fddaa194-775b-52b0-ba68-ca051fbc9d0d|3eb4bc0c-3dd7-56b6-8c8b-fbf843fc38e0|1bfa803c-68d7-5fbf-828f-9fc3b3621bea|32b4702e-c748-592d-934c-9685f031ddb8|97dfafb5-64d3-5755-94ad-239df6930193|cab8bf65-81af-5316-ab93-b8473d644880|b5c54771-4ac4-5cc4-aeb7-c656c45f5b54|baa9fc46-1f70-559c-8f5b-24ef678d767c|f33a8b74-df93-5c83-8644-46cd9b7127b9|0590b975-b4ce-5108-b37d-a925c89c0c07,688ad1487208d20810dbbb058346647274a1aeef0b533c5d5214648f2d2f6874,zenit-simulated-feature-snapshot-v1,simulated,False,False,False,False
1521518f-e75c-5a5b-a068-251fd3250f4b,00cb94fd-970b-5652-b9e8-aa30d6d12bc3,2026-12-29,SP021,195,100,left,30,17.12,16.54,11.88,36.94,5.24,19.8,47.5,12,N2,within,validation_rehearsal,abcb8b62-e4fc-591a-9f9b-34654997b5a8|39901557-59c4-5787-897b-bc7c5b0742a9|cce89f7e-22fd-5bc5-a1b2-a20cb1577ded|a1236f81-efed-5b0c-9cda-eab5d40c8d32|825fba5e-4915-591c-bf9f-b213a2060971|33cb7f4e-ad5b-5742-b69a-3dfe2d25d149|ae30c5c5-9b96-5f67-98ab-2eff0d2e65e3|07766ae8-8722-5b38-b9dc-441d43c32ec5|d7d58e3f-134f-5e0e-9d4c-ecfcd18d2c22|ea180e4b-28c7-5a6d-81bb-6a6229d64076|f901eefd-9081-52ac-8466-7ae63ed5ee18|15023e77-ab54-53d6-9897-027bdb72217d|a2c45a32-0942-5414-8193-08161fffcb8b|3ef6c17d-8a79-5e60-9478-e86b32eb8bf7|f4f042dc-bb0f-515c-aafa-88c8f30eb112,59312c49e5bf1cc2b1a9d2761bd31ec2fbaa92c2ed791bc601febd49aa17380f,zenit-simulated-feature-snapshot-v1,simulated,False,False,False,False
89929424-481d-57ae-9976-84bec0ce2f64,4721c12b-0a1b-5b6a-9fb3-cb0b40d23bfb,2026-12-29,SP021,195,100,median,30,28.8,27.79,23.66,19.15,5.14,37.0,62.2,30,N2,within,validation_rehearsal,0f9f5148-771b-5120-b5d0-d1c8ff7b1e06|354aaeec-9aba-5ede-816a-7a4f9b7e4230|76d4f9e1-def7-5e4a-93ce-cdd22043fa77|5939fdec-098d-59cc-87dc-25589c10e24d|4ba93d4a-ef57-5bfd-9a85-ea14618c6969|bd884976-87a6-5d21-bb44-99b0f5465736|4b6e7860-b35b-5d1c-8734-4f3b00cf8c9e|316fc813-f233-506a-8ffa-9856ae68f9e3|0de7bef5-f5aa-597d-93af-3fd49d68d4dd|70ed9098-0335-590c-9bc8-0652ec82851b|26ab5d4d-f53c-5ba1-9002-84e92bf081bf|d92e6b76-a308-5474-adb5-4e7c60163ad2|ccc20636-cc47-58ba-acc2-e135bf7aa3bd|b91bd3a3-0cc1-51b4-9a6e-ce913dfc48f4|fabc1cd0-c627-5b27-8a8e-4e3a2f5c8f83,b5f1784174c983a70deb026a3298c5b99e16163a1264ff5d2d3f267c0bc61d39,zenit-simulated-feature-snapshot-v1,simulated,False,False,False,False
53e2073a-abab-550e-98bf-f1d93d300d1e,046003bd-58ac-5aca-8364-c934ce6319c8,2026-12-29,SP021,195,100,right,30,44.36,43.63,38.39,32.74,5.97,39.5,66.0,44,N3,exceeds,validation_rehearsal,7a8bcdbf-3538-50c2-990b-3fc23f7dd467|7a0e657d-9e30-56ba-a94c-0828de52c210|6c193ab9-d5fa-5981-b370-7dd5fd6abfcf|732ac49e-0cb0-5ff5-83ef-eea563370169|cebe1153-e36f-50ce-98f6-f120ca1ed7eb|e8233e5d-24ec-5f88-9140-fa1a6fb3fe14|b87cd9cd-9182-5112-a467-612d450dbb61|c3eb38c1-40b3-5bff-b6c2-91a31929896e|5feb6b1b-2dd1-5e70-937b-b843ee3be5dc|c78b09be-9ce2-5cd2-a9c8-227a8349c18b|c2baab5c-ee5a-564a-bd57-9e1cef2f9ba9|3669c955-440b-532f-987c-417bb769ca11|70ae01c8-0edc-505d-b5a9-4924a71cd2ea|d9bc3d9f-0a05-5bbc-a5d5-a16e2b26ec5d|53270376-1588-54d4-bab8-8a3864ead3e4,c5f45478b0111ad2e1e6ed694b7e35f5aff696e71aacb25e7f363d9e7ae83e95,zenit-simulated-feature-snapshot-v1,simulated,False,False,False,False
a8d2ca90-2d10-5851-a453-7bfc443c21e1,23232185-5c98-523a-a8a5-d53254b8a0d8,2026-12-29,SP021,195,100,special,10,6.16,5.49,9.34,6.15,4.29,55.8,64.9,2,N1,within,validation_rehearsal,8d84ff83-6381-5fb0-b98a-af8288fe1f62|90cc0281-ee03-5fd6-a31b-2b90189ece6b|f2f7d7da-34c1-5fef-923d-4541c1d9c81d|f66e0189-d9f6-5c2c-90b3-aaf154819290|fddaa194-775b-52b0-ba68-ca051fbc9d0d|3eb4bc0c-3dd7-56b6-8c8b-fbf843fc38e0|1bfa803c-68d7-5fbf-828f-9fc3b3621bea|32b4702e-c748-592d-934c-9685f031ddb8|97dfafb5-64d3-5755-94ad-239df6930193|cab8bf65-81af-5316-ab93-b8473d644880|b5c54771-4ac4-5cc4-aeb7-c656c45f5b54|baa9fc46-1f70-559c-8f5b-24ef678d767c|f33a8b74-df93-5c83-8644-46cd9b7127b9|0590b975-b4ce-5108-b37d-a925c89c0c07|a882fea9-54d2-53b3-a81e-4bcfab2da2de,0280a8a4091b113322b8fbe853046ea9f0b6cca9a4ce04ef75ae387f85aa37b2,zenit-simulated-feature-snapshot-v1,simulated,False,False,False,False
e9904e3b-ff73-56ef-be43-278d68587301,00cb94fd-970b-5652-b9e8-aa30d6d12bc3,2026-12-30,SP021,195,100,left,30,18.07,17.12,12.84,37.63,5.23,23.1,50.5,13,N2,within,validation_rehearsal,39901557-59c4-5787-897b-bc7c5b0742a9|cce89f7e-22fd-5bc5-a1b2-a20cb1577ded|a1236f81-efed-5b0c-9cda-eab5d40c8d32|825fba5e-4915-591c-bf9f-b213a2060971|33cb7f4e-ad5b-5742-b69a-3dfe2d25d149|ae30c5c5-9b96-5f67-98ab-2eff0d2e65e3|07766ae8-8722-5b38-b9dc-441d43c32ec5|d7d58e3f-134f-5e0e-9d4c-ecfcd18d2c22|ea180e4b-28c7-5a6d-81bb-6a6229d64076|f901eefd-9081-52ac-8466-7ae63ed5ee18|15023e77-ab54-53d6-9897-027bdb72217d|a2c45a32-0942-5414-8193-08161fffcb8b|3ef6c17d-8a79-5e60-9478-e86b32eb8bf7|f4f042dc-bb0f-515c-aafa-88c8f30eb112|bdf8b07c-b664-55d1-bc15-26de238f3518,46a559cfa50fbba26eb21b832db224e747a700eccfb5cd5fbd3c25e4db955309,zenit-simulated-feature-snapshot-v1,simulated,False,False,False,False
dc8f0995-5d65-5081-a5af-9615336c3788,4721c12b-0a1b-5b6a-9fb3-cb0b40d23bfb,2026-12-30,SP021,195,100,median,30,29.39,28.8,24.35,19.59,5.04,38.0,65.7,31,N2,within,validation_rehearsal,354aaeec-9aba-5ede-816a-7a4f9b7e4230|76d4f9e1-def7-5e4a-93ce-cdd22043fa77|5939fdec-098d-59cc-87dc-25589c10e24d|4ba93d4a-ef57-5bfd-9a85-ea14618c6969|bd884976-87a6-5d21-bb44-99b0f5465736|4b6e7860-b35b-5d1c-8734-4f3b00cf8c9e|316fc813-f233-506a-8ffa-9856ae68f9e3|0de7bef5-f5aa-597d-93af-3fd49d68d4dd|70ed9098-0335-590c-9bc8-0652ec82851b|26ab5d4d-f53c-5ba1-9002-84e92bf081bf|d92e6b76-a308-5474-adb5-4e7c60163ad2|ccc20636-cc47-58ba-acc2-e135bf7aa3bd|b91bd3a3-0cc1-51b4-9a6e-ce913dfc48f4|fabc1cd0-c627-5b27-8a8e-4e3a2f5c8f83|17b885bb-aed7-53b3-90a4-939228914a5e,1a2e4fad62a0956592bb44f34729bbc4378c90cf9f08c3276d9d5e2aa4268895,zenit-simulated-feature-snapshot-v1,simulated,False,False,False,False
b7b79da4-c72f-585d-a752-2c7f9748cf55,046003bd-58ac-5aca-8364-c934ce6319c8,2026-12-30,SP021,195,100,right,30,8.0,44.36,39.31,33.55,5.87,40.8,62.5,0,N1,within,validation_rehearsal,7a0e657d-9e30-56ba-a94c-0828de52c210|6c193ab9-d5fa-5981-b370-7dd5fd6abfcf|732ac49e-0cb0-5ff5-83ef-eea563370169|cebe1153-e36f-50ce-98f6-f120ca1ed7eb|e8233e5d-24ec-5f88-9140-fa1a6fb3fe14|b87cd9cd-9182-5112-a467-612d450dbb61|c3eb38c1-40b3-5bff-b6c2-91a31929896e|5feb6b1b-2dd1-5e70-937b-b843ee3be5dc|c78b09be-9ce2-5cd2-a9c8-227a8349c18b|c2baab5c-ee5a-564a-bd57-9e1cef2f9ba9|3669c955-440b-532f-987c-417bb769ca11|70ae01c8-0edc-505d-b5a9-4924a71cd2ea|d9bc3d9f-0a05-5bbc-a5d5-a16e2b26ec5d|53270376-1588-54d4-bab8-8a3864ead3e4|dae6813f-e5c2-54f5-9cb0-027fd070a5a5,f5145ef9a3a1aa7fce0eead1bb6cafbe9fee9db92e86685ee262c7bd70972f78,zenit-simulated-feature-snapshot-v1,simulated,False,False,False,False
40927ae7-154b-5eef-b47b-3a44e97504db,23232185-5c98-523a-a8a5-d53254b8a0d8,2026-12-30,SP021,195,100,special,10,6.89,6.16,9.82,6.5,4.54,60.3,75.7,3,N1,within,validation_rehearsal,90cc0281-ee03-5fd6-a31b-2b90189ece6b|f2f7d7da-34c1-5fef-923d-4541c1d9c81d|f66e0189-d9f6-5c2c-90b3-aaf154819290|fddaa194-775b-52b0-ba68-ca051fbc9d0d|3eb4bc0c-3dd7-56b6-8c8b-fbf843fc38e0|1bfa803c-68d7-5fbf-828f-9fc3b3621bea|32b4702e-c748-592d-934c-9685f031ddb8|97dfafb5-64d3-5755-94ad-239df6930193|cab8bf65-81af-5316-ab93-b8473d644880|b5c54771-4ac4-5cc4-aeb7-c656c45f5b54|baa9fc46-1f70-559c-8f5b-24ef678d767c|f33a8b74-df93-5c83-8644-46cd9b7127b9|0590b975-b4ce-5108-b37d-a925c89c0c07|a882fea9-54d2-53b3-a81e-4bcfab2da2de|fd0de9c8-80f9-54d3-bbc6-50e1e4bbcbf2,4faeed0403ca00f016a1d26653322f46e62eb95045bbfa661324827b4d6323ff,zenit-simulated-feature-snapshot-v1,simulated,False,False,False,False
f39a09f0-2a0e-50d9-a2cf-f0958423b42f,00cb94fd-970b-5652-b9e8-aa30d6d12bc3,2026-12-31,SP021,195,100,left,30,18.86,18.07,13.65,8.0,5.21,23.1,50.5,14,N2,within,validation_rehearsal,cce89f7e-22fd-5bc5-a1b2-a20cb1577ded|a1236f81-efed-5b0c-9cda-eab5d40c8d32|825fba5e-4915-591c-bf9f-b213a2060971|33cb7f4e-ad5b-5742-b69a-3dfe2d25d149|ae30c5c5-9b96-5f67-98ab-2eff0d2e65e3|07766ae8-8722-5b38-b9dc-441d43c32ec5|d7d58e3f-134f-5e0e-9d4c-ecfcd18d2c22|ea180e4b-28c7-5a6d-81bb-6a6229d64076|f901eefd-9081-52ac-8466-7ae63ed5ee18|15023e77-ab54-53d6-9897-027bdb72217d|a2c45a32-0942-5414-8193-08161fffcb8b|3ef6c17d-8a79-5e60-9478-e86b32eb8bf7|f4f042dc-bb0f-515c-aafa-88c8f30eb112|bdf8b07c-b664-55d1-bc15-26de238f3518|451c9e51-30e0-5c77-bc15-3cc97be27cc0,7b85418eb6bfa1c87484446146d0462782a331a05b7f8994db91a761d2442584,zenit-simulated-feature-snapshot-v1,simulated,False,False,False,False
0dec127a-3b96-5ceb-a229-1d4159d13a9e,4721c12b-0a1b-5b6a-9fb3-cb0b40d23bfb,2026-12-31,SP021,195,100,median,30,30.12,29.39,25.15,20.19,4.97,33.2,65.7,32,N3,exceeds,validation_rehearsal,76d4f9e1-def7-5e4a-93ce-cdd22043fa77|5939fdec-098d-59cc-87dc-25589c10e24d|4ba93d4a-ef57-5bfd-9a85-ea14618c6969|bd884976-87a6-5d21-bb44-99b0f5465736|4b6e7860-b35b-5d1c-8734-4f3b00cf8c9e|316fc813-f233-506a-8ffa-9856ae68f9e3|0de7bef5-f5aa-597d-93af-3fd49d68d4dd|70ed9098-0335-590c-9bc8-0652ec82851b|26ab5d4d-f53c-5ba1-9002-84e92bf081bf|d92e6b76-a308-5474-adb5-4e7c60163ad2|ccc20636-cc47-58ba-acc2-e135bf7aa3bd|b91bd3a3-0cc1-51b4-9a6e-ce913dfc48f4|fabc1cd0-c627-5b27-8a8e-4e3a2f5c8f83|17b885bb-aed7-53b3-90a4-939228914a5e|2167fbc1-efa0-548d-a7a0-78d9aa5ea441,dcb1192e9a941d44c7f6fbbf73cd394a769625d9abce5fdca1f62a15745c5660,zenit-simulated-feature-snapshot-v1,simulated,False,False,False,False
137f17a0-8066-5bec-a69f-d2d931a59a60,046003bd-58ac-5aca-8364-c934ce6319c8,2026-12-31,SP021,195,100,right,30,8.84,8.0,40.06,34.41,5.96,43.1,65.6,1,N1,within,validation_rehearsal,6c193ab9-d5fa-5981-b370-7dd5fd6abfcf|732ac49e-0cb0-5ff5-83ef-eea563370169|cebe1153-e36f-50ce-98f6-f120ca1ed7eb|e8233e5d-24ec-5f88-9140-fa1a6fb3fe14|b87cd9cd-9182-5112-a467-612d450dbb61|c3eb38c1-40b3-5bff-b6c2-91a31929896e|5feb6b1b-2dd1-5e70-937b-b843ee3be5dc|c78b09be-9ce2-5cd2-a9c8-227a8349c18b|c2baab5c-ee5a-564a-bd57-9e1cef2f9ba9|3669c955-440b-532f-987c-417bb769ca11|70ae01c8-0edc-505d-b5a9-4924a71cd2ea|d9bc3d9f-0a05-5bbc-a5d5-a16e2b26ec5d|53270376-1588-54d4-bab8-8a3864ead3e4|dae6813f-e5c2-54f5-9cb0-027fd070a5a5|b816d9f4-de8a-58cb-86d6-22df3fa9051b,00722ddb6811175f662b64fbad52643e35621f37006363217bfeba6b9fa275c5,zenit-simulated-feature-snapshot-v1,simulated,False,False,False,False
ec0b8f91-e6b3-5c79-8ddc-b076a77835be,23232185-5c98-523a-a8a5-d53254b8a0d8,2026-12-31,SP021,195,100,special,10,7.64,6.89,10.44,6.88,4.67,58.1,79.5,4,N1,within,validation_rehearsal,f2f7d7da-34c1-5fef-923d-4541c1d9c81d|f66e0189-d9f6-5c2c-90b3-aaf154819290|fddaa194-775b-52b0-ba68-ca051fbc9d0d|3eb4bc0c-3dd7-56b6-8c8b-fbf843fc38e0|1bfa803c-68d7-5fbf-828f-9fc3b3621bea|32b4702e-c748-592d-934c-9685f031ddb8|97dfafb5-64d3-5755-94ad-239df6930193|cab8bf65-81af-5316-ab93-b8473d644880|b5c54771-4ac4-5cc4-aeb7-c656c45f5b54|baa9fc46-1f70-559c-8f5b-24ef678d767c|f33a8b74-df93-5c83-8644-46cd9b7127b9|0590b975-b4ce-5108-b37d-a925c89c0c07|a882fea9-54d2-53b3-a81e-4bcfab2da2de|fd0de9c8-80f9-54d3-bbc6-50e1e4bbcbf2|e7e0bbfe-cf9c-505b-9628-454faed2438b,e075d101a1491799fa6d318671b7478c95c7b46eeec0cda9019388946b68863a,zenit-simulated-feature-snapshot-v1,simulated,False,False,False,False
88cc9f0a-0fb0-5dae-aa2b-ef0ef5cb307c,00cb94fd-970b-5652-b9e8-aa30d6d12bc3,2027-01-01,SP021,195,100,left,30,19.59,18.86,14.65,9.08,4.94,15.8,40.9,15,N2,within,validation_rehearsal,a1236f81-efed-5b0c-9cda-eab5d40c8d32|825fba5e-4915-591c-bf9f-b213a2060971|33cb7f4e-ad5b-5742-b69a-3dfe2d25d149|ae30c5c5-9b96-5f67-98ab-2eff0d2e65e3|07766ae8-8722-5b38-b9dc-441d43c32ec5|d7d58e3f-134f-5e0e-9d4c-ecfcd18d2c22|ea180e4b-28c7-5a6d-81bb-6a6229d64076|f901eefd-9081-52ac-8466-7ae63ed5ee18|15023e77-ab54-53d6-9897-027bdb72217d|a2c45a32-0942-5414-8193-08161fffcb8b|3ef6c17d-8a79-5e60-9478-e86b32eb8bf7|f4f042dc-bb0f-515c-aafa-88c8f30eb112|bdf8b07c-b664-55d1-bc15-26de238f3518|451c9e51-30e0-5c77-bc15-3cc97be27cc0|090524b5-f8df-5c6b-ad58-82b8eaecef73,9a8706c51e9e98dc22de940cbc0e8a0d8c613159546d094394e3f8c5e62a2960,zenit-simulated-feature-snapshot-v1,simulated,False,False,False,False
7bc1dc1a-3ac7-5213-81b5-e2a7393dc6c0,4721c12b-0a1b-5b6a-9fb3-cb0b40d23bfb,2027-01-01,SP021,195,100,median,30,30.77,30.12,25.7,20.83,5.07,36.6,67.7,33,N3,exceeds,validation_rehearsal,5939fdec-098d-59cc-87dc-25589c10e24d|4ba93d4a-ef57-5bfd-9a85-ea14618c6969|bd884976-87a6-5d21-bb44-99b0f5465736|4b6e7860-b35b-5d1c-8734-4f3b00cf8c9e|316fc813-f233-506a-8ffa-9856ae68f9e3|0de7bef5-f5aa-597d-93af-3fd49d68d4dd|70ed9098-0335-590c-9bc8-0652ec82851b|26ab5d4d-f53c-5ba1-9002-84e92bf081bf|d92e6b76-a308-5474-adb5-4e7c60163ad2|ccc20636-cc47-58ba-acc2-e135bf7aa3bd|b91bd3a3-0cc1-51b4-9a6e-ce913dfc48f4|fabc1cd0-c627-5b27-8a8e-4e3a2f5c8f83|17b885bb-aed7-53b3-90a4-939228914a5e|2167fbc1-efa0-548d-a7a0-78d9aa5ea441|3f83cb1e-71a2-512e-9b47-df4d6316e8e3,ce03f069e110dd0064bca55d401307dc4270d2071bad00e1adb0115463be1917,zenit-simulated-feature-snapshot-v1,simulated,False,False,False,False
cc239812-bea2-5d3b-bfce-fbd7ae00715b,046003bd-58ac-5aca-8364-c934ce6319c8,2027-01-01,SP021,195,100,right,30,9.87,8.84,41.13,35.39,5.92,35.3,65.2,2,N1,within,validation_rehearsal,732ac49e-0cb0-5ff5-83ef-eea563370169|cebe1153-e36f-50ce-98f6-f120ca1ed7eb|e8233e5d-24ec-5f88-9140-fa1a6fb3fe14|b87cd9cd-9182-5112-a467-612d450dbb61|c3eb38c1-40b3-5bff-b6c2-91a31929896e|5feb6b1b-2dd1-5e70-937b-b843ee3be5dc|c78b09be-9ce2-5cd2-a9c8-227a8349c18b|c2baab5c-ee5a-564a-bd57-9e1cef2f9ba9|3669c955-440b-532f-987c-417bb769ca11|70ae01c8-0edc-505d-b5a9-4924a71cd2ea|d9bc3d9f-0a05-5bbc-a5d5-a16e2b26ec5d|53270376-1588-54d4-bab8-8a3864ead3e4|dae6813f-e5c2-54f5-9cb0-027fd070a5a5|b816d9f4-de8a-58cb-86d6-22df3fa9051b|4b963381-9ffe-5a43-9cc0-7ef52584420c,1e6fe7a95db229d14f99652ab74a457d0b78bbbdc378480f9654b175ce0f3f36,zenit-simulated-feature-snapshot-v1,simulated,False,False,False,False
ed17f94b-29eb-5735-960c-b43756e9761c,23232185-5c98-523a-a8a5-d53254b8a0d8,2027-01-01,SP021,195,100,special,10,8.33,7.64,11.09,7.58,4.71,55.8,82.0,5,N1,within,validation_rehearsal,f66e0189-d9f6-5c2c-90b3-aaf154819290|fddaa194-775b-52b0-ba68-ca051fbc9d0d|3eb4bc0c-3dd7-56b6-8c8b-fbf843fc38e0|1bfa803c-68d7-5fbf-828f-9fc3b3621bea|32b4702e-c748-592d-934c-9685f031ddb8|97dfafb5-64d3-5755-94ad-239df6930193|cab8bf65-81af-5316-ab93-b8473d644880|b5c54771-4ac4-5cc4-aeb7-c656c45f5b54|baa9fc46-1f70-559c-8f5b-24ef678d767c|f33a8b74-df93-5c83-8644-46cd9b7127b9|0590b975-b4ce-5108-b37d-a925c89c0c07|a882fea9-54d2-53b3-a81e-4bcfab2da2de|fd0de9c8-80f9-54d3-bbc6-50e1e4bbcbf2|e7e0bbfe-cf9c-505b-9628-454faed2438b|26b2b562-be96-53aa-b689-503da46074af,2b177c408e36ce81e698a57d198aceadfbaf11518caf364349a98a730b082e5f,zenit-simulated-feature-snapshot-v1,simulated,False,False,False,False
866a4477-8306-59fd-8346-7575387bd800,00cb94fd-970b-5652-b9e8-aa30d6d12bc3,2027-01-02,SP021,195,100,left,30,20.25,19.59,15.17,9.68,5.08,15.8,40.9,16,N2,within,validation_rehearsal,825fba5e-4915-591c-bf9f-b213a2060971|33cb7f4e-ad5b-5742-b69a-3dfe2d25d149|ae30c5c5-9b96-5f67-98ab-2eff0d2e65e3|07766ae8-8722-5b38-b9dc-441d43c32ec5|d7d58e3f-134f-5e0e-9d4c-ecfcd18d2c22|ea180e4b-28c7-5a6d-81bb-6a6229d64076|f901eefd-9081-52ac-8466-7ae63ed5ee18|15023e77-ab54-53d6-9897-027bdb72217d|a2c45a32-0942-5414-8193-08161fffcb8b|3ef6c17d-8a79-5e60-9478-e86b32eb8bf7|f4f042dc-bb0f-515c-aafa-88c8f30eb112|bdf8b07c-b664-55d1-bc15-26de238f3518|451c9e51-30e0-5c77-bc15-3cc97be27cc0|090524b5-f8df-5c6b-ad58-82b8eaecef73|0f1f4523-eb2d-518e-86e0-dc6d4aa18310,b0129c650170a1a3e63b80884160a7721cebe53bf2ae362f496a3305d6e97a07,zenit-simulated-feature-snapshot-v1,simulated,False,False,False,False
04d4974d-f7ba-55f4-9bd6-280526f67326,4721c12b-0a1b-5b6a-9fb3-cb0b40d23bfb,2027-01-02,SP021,195,100,median,30,31.69,30.77,26.38,21.5,5.31,48.4,72.7,34,N3,exceeds,validation_rehearsal,4ba93d4a-ef57-5bfd-9a85-ea14618c6969|bd884976-87a6-5d21-bb44-99b0f5465736|4b6e7860-b35b-5d1c-8734-4f3b00cf8c9e|316fc813-f233-506a-8ffa-9856ae68f9e3|0de7bef5-f5aa-597d-93af-3fd49d68d4dd|70ed9098-0335-590c-9bc8-0652ec82851b|26ab5d4d-f53c-5ba1-9002-84e92bf081bf|d92e6b76-a308-5474-adb5-4e7c60163ad2|ccc20636-cc47-58ba-acc2-e135bf7aa3bd|b91bd3a3-0cc1-51b4-9a6e-ce913dfc48f4|fabc1cd0-c627-5b27-8a8e-4e3a2f5c8f83|17b885bb-aed7-53b3-90a4-939228914a5e|2167fbc1-efa0-548d-a7a0-78d9aa5ea441|3f83cb1e-71a2-512e-9b47-df4d6316e8e3|81b4cd8a-23f1-576b-9658-5ee38764b242,16676a508034bd4fc9f4f32c634fe6c6632f6c5be48e39dea270491d14e6e870,zenit-simulated-feature-snapshot-v1,simulated,False,False,False,False
25458317-b481-524d-b70d-8b9228110a5a,046003bd-58ac-5aca-8364-c934ce6319c8,2027-01-02,SP021,195,100,right,30,10.89,9.87,41.95,36.02,6.12,37.4,72.2,3,N2,within,validation_rehearsal,cebe1153-e36f-50ce-98f6-f120ca1ed7eb|e8233e5d-24ec-5f88-9140-fa1a6fb3fe14|b87cd9cd-9182-5112-a467-612d450dbb61|c3eb38c1-40b3-5bff-b6c2-91a31929896e|5feb6b1b-2dd1-5e70-937b-b843ee3be5dc|c78b09be-9ce2-5cd2-a9c8-227a8349c18b|c2baab5c-ee5a-564a-bd57-9e1cef2f9ba9|3669c955-440b-532f-987c-417bb769ca11|70ae01c8-0edc-505d-b5a9-4924a71cd2ea|d9bc3d9f-0a05-5bbc-a5d5-a16e2b26ec5d|53270376-1588-54d4-bab8-8a3864ead3e4|dae6813f-e5c2-54f5-9cb0-027fd070a5a5|b816d9f4-de8a-58cb-86d6-22df3fa9051b|4b963381-9ffe-5a43-9cc0-7ef52584420c|5b923e47-a23a-5bb5-b2a8-0d9b90fa68dc,6b467c03efcb035dd0173f12f614e9bda37706937a2147c19981c7da22eed10e,zenit-simulated-feature-snapshot-v1,simulated,False,False,False,False
70be1e4f-8ac0-55fe-a772-e70d5890a768,23232185-5c98-523a-a8a5-d53254b8a0d8,2027-01-02,SP021,195,100,special,10,8.99,8.33,11.73,8.01,4.73,58.6,92.2,6,N1,within,validation_rehearsal,fddaa194-775b-52b0-ba68-ca051fbc9d0d|3eb4bc0c-3dd7-56b6-8c8b-fbf843fc38e0|1bfa803c-68d7-5fbf-828f-9fc3b3621bea|32b4702e-c748-592d-934c-9685f031ddb8|97dfafb5-64d3-5755-94ad-239df6930193|cab8bf65-81af-5316-ab93-b8473d644880|b5c54771-4ac4-5cc4-aeb7-c656c45f5b54|baa9fc46-1f70-559c-8f5b-24ef678d767c|f33a8b74-df93-5c83-8644-46cd9b7127b9|0590b975-b4ce-5108-b37d-a925c89c0c07|a882fea9-54d2-53b3-a81e-4bcfab2da2de|fd0de9c8-80f9-54d3-bbc6-50e1e4bbcbf2|e7e0bbfe-cf9c-505b-9628-454faed2438b|26b2b562-be96-53aa-b689-503da46074af|0cdb035a-4c85-527f-91a1-f17b70481b3e,655c827e7313eb5142c523de3b109af0d89acc8b499c0904c1dc2a87bcadbcbb,zenit-simulated-feature-snapshot-v1,simulated,False,False,False,False
49362a81-8c37-5439-b550-8202e1e92d6e,00cb94fd-970b-5652-b9e8-aa30d6d12bc3,2027-01-03,SP021,195,100,left,30,20.79,20.25,15.81,10.61,4.98,11.5,34.9,17,N2,within,holdout_rehearsal,33cb7f4e-ad5b-5742-b69a-3dfe2d25d149|ae30c5c5-9b96-5f67-98ab-2eff0d2e65e3|07766ae8-8722-5b38-b9dc-441d43c32ec5|d7d58e3f-134f-5e0e-9d4c-ecfcd18d2c22|ea180e4b-28c7-5a6d-81bb-6a6229d64076|f901eefd-9081-52ac-8466-7ae63ed5ee18|15023e77-ab54-53d6-9897-027bdb72217d|a2c45a32-0942-5414-8193-08161fffcb8b|3ef6c17d-8a79-5e60-9478-e86b32eb8bf7|f4f042dc-bb0f-515c-aafa-88c8f30eb112|bdf8b07c-b664-55d1-bc15-26de238f3518|451c9e51-30e0-5c77-bc15-3cc97be27cc0|090524b5-f8df-5c6b-ad58-82b8eaecef73|0f1f4523-eb2d-518e-86e0-dc6d4aa18310|ae8d601e-7ea3-5b48-89d6-393557957753,d90a44ae956677e146fcdd25e32d323332c93a8ac6453cb0fd01aee83be6135c,zenit-simulated-feature-snapshot-v1,simulated,False,False,False,False
495109cc-5fe5-5bf7-b891-cb25143cd560,4721c12b-0a1b-5b6a-9fb3-cb0b40d23bfb,2027-01-03,SP021,195,100,median,30,32.27,31.69,27.22,22.45,5.05,42.7,64.1,35,N3,exceeds,holdout_rehearsal,bd884976-87a6-5d21-bb44-99b0f5465736|4b6e7860-b35b-5d1c-8734-4f3b00cf8c9e|316fc813-f233-506a-8ffa-9856ae68f9e3|0de7bef5-f5aa-597d-93af-3fd49d68d4dd|70ed9098-0335-590c-9bc8-0652ec82851b|26ab5d4d-f53c-5ba1-9002-84e92bf081bf|d92e6b76-a308-5474-adb5-4e7c60163ad2|ccc20636-cc47-58ba-acc2-e135bf7aa3bd|b91bd3a3-0cc1-51b4-9a6e-ce913dfc48f4|fabc1cd0-c627-5b27-8a8e-4e3a2f5c8f83|17b885bb-aed7-53b3-90a4-939228914a5e|2167fbc1-efa0-548d-a7a0-78d9aa5ea441|3f83cb1e-71a2-512e-9b47-df4d6316e8e3|81b4cd8a-23f1-576b-9658-5ee38764b242|d108ec47-d7c8-5cbb-a580-16caf6515ed5,a7ed0354ce11edf6ec1c4e8b5cd2b64b9258c8876708ac392db14969fe168869,zenit-simulated-feature-snapshot-v1,simulated,False,False,False,False
b7496a11-7c92-536a-97a0-b45d16dbfe88,046003bd-58ac-5aca-8364-c934ce6319c8,2027-01-03,SP021,195,100,right,30,11.83,10.89,42.58,36.93,6.43,42.3,69.5,4,N2,within,holdout_rehearsal,e8233e5d-24ec-5f88-9140-fa1a6fb3fe14|b87cd9cd-9182-5112-a467-612d450dbb61|c3eb38c1-40b3-5bff-b6c2-91a31929896e|5feb6b1b-2dd1-5e70-937b-b843ee3be5dc|c78b09be-9ce2-5cd2-a9c8-227a8349c18b|c2baab5c-ee5a-564a-bd57-9e1cef2f9ba9|3669c955-440b-532f-987c-417bb769ca11|70ae01c8-0edc-505d-b5a9-4924a71cd2ea|d9bc3d9f-0a05-5bbc-a5d5-a16e2b26ec5d|53270376-1588-54d4-bab8-8a3864ead3e4|dae6813f-e5c2-54f5-9cb0-027fd070a5a5|b816d9f4-de8a-58cb-86d6-22df3fa9051b|4b963381-9ffe-5a43-9cc0-7ef52584420c|5b923e47-a23a-5bb5-b2a8-0d9b90fa68dc|89eab3ae-f46d-534d-8bf5-39c96f267a60,85dd90174703388d7b333ed44975ac36d84da3fa09e5c0a5498f510c172c75ef,zenit-simulated-feature-snapshot-v1,simulated,False,False,False,False
65ef9f72-fd26-527d-a1bc-457e6911fabc,23232185-5c98-523a-a8a5-d53254b8a0d8,2027-01-03,SP021,195,100,special,10,9.62,8.99,5.0,8.59,4.62,60.8,101.9,7,N1,within,holdout_rehearsal,3eb4bc0c-3dd7-56b6-8c8b-fbf843fc38e0|1bfa803c-68d7-5fbf-828f-9fc3b3621bea|32b4702e-c748-592d-934c-9685f031ddb8|97dfafb5-64d3-5755-94ad-239df6930193|cab8bf65-81af-5316-ab93-b8473d644880|b5c54771-4ac4-5cc4-aeb7-c656c45f5b54|baa9fc46-1f70-559c-8f5b-24ef678d767c|f33a8b74-df93-5c83-8644-46cd9b7127b9|0590b975-b4ce-5108-b37d-a925c89c0c07|a882fea9-54d2-53b3-a81e-4bcfab2da2de|fd0de9c8-80f9-54d3-bbc6-50e1e4bbcbf2|e7e0bbfe-cf9c-505b-9628-454faed2438b|26b2b562-be96-53aa-b689-503da46074af|0cdb035a-4c85-527f-91a1-f17b70481b3e|0c3bf132-b260-53ae-828f-1c90b87f7d3c,ba215d3cdfbc2bbcfce1be3dbd174df9b47c54ffc56d4ffd3187e0447f41dc1c,zenit-simulated-feature-snapshot-v1,simulated,False,False,False,False
2202933e-db12-56c5-87a1-bd7096e27246,00cb94fd-970b-5652-b9e8-aa30d6d12bc3,2027-01-04,SP021,195,100,left,30,21.37,20.79,16.54,11.3,4.83,11.5,31.3,18,N2,within,holdout_rehearsal,ae30c5c5-9b96-5f67-98ab-2eff0d2e65e3|07766ae8-8722-5b38-b9dc-441d43c32ec5|d7d58e3f-134f-5e0e-9d4c-ecfcd18d2c22|ea180e4b-28c7-5a6d-81bb-6a6229d64076|f901eefd-9081-52ac-8466-7ae63ed5ee18|15023e77-ab54-53d6-9897-027bdb72217d|a2c45a32-0942-5414-8193-08161fffcb8b|3ef6c17d-8a79-5e60-9478-e86b32eb8bf7|f4f042dc-bb0f-515c-aafa-88c8f30eb112|bdf8b07c-b664-55d1-bc15-26de238f3518|451c9e51-30e0-5c77-bc15-3cc97be27cc0|090524b5-f8df-5c6b-ad58-82b8eaecef73|0f1f4523-eb2d-518e-86e0-dc6d4aa18310|ae8d601e-7ea3-5b48-89d6-393557957753|52c53424-7404-5710-b86b-d4368401f596,63084de9d780645f69d334a431632da2b9b75a5d9caf1ece9067add35d3af8d7,zenit-simulated-feature-snapshot-v1,simulated,False,False,False,False
37380e69-7e54-5e54-87c8-e4899e8ce1df,4721c12b-0a1b-5b6a-9fb3-cb0b40d23bfb,2027-01-04,SP021,195,100,median,30,32.84,32.27,27.79,23.08,5.05,41.1,64.0,36,N3,exceeds,holdout_rehearsal,4b6e7860-b35b-5d1c-8734-4f3b00cf8c9e|316fc813-f233-506a-8ffa-9856ae68f9e3|0de7bef5-f5aa-597d-93af-3fd49d68d4dd|70ed9098-0335-590c-9bc8-0652ec82851b|26ab5d4d-f53c-5ba1-9002-84e92bf081bf|d92e6b76-a308-5474-adb5-4e7c60163ad2|ccc20636-cc47-58ba-acc2-e135bf7aa3bd|b91bd3a3-0cc1-51b4-9a6e-ce913dfc48f4|fabc1cd0-c627-5b27-8a8e-4e3a2f5c8f83|17b885bb-aed7-53b3-90a4-939228914a5e|2167fbc1-efa0-548d-a7a0-78d9aa5ea441|3f83cb1e-71a2-512e-9b47-df4d6316e8e3|81b4cd8a-23f1-576b-9658-5ee38764b242|d108ec47-d7c8-5cbb-a580-16caf6515ed5|62c6a620-45f2-597c-8257-3a9f85e27e2b,6745b96544a4a7a86d60d1abd3305de5add8e8fd40711947d79df8c7d9b0a7a4,zenit-simulated-feature-snapshot-v1,simulated,False,False,False,False
6ca2998d-a5c6-58e0-b4f9-a86052ce3e41,046003bd-58ac-5aca-8364-c934ce6319c8,2027-01-04,SP021,195,100,right,30,12.53,11.83,43.63,37.64,6.08,35.5,68.3,5,N2,within,holdout_rehearsal,b87cd9cd-9182-5112-a467-612d450dbb61|c3eb38c1-40b3-5bff-b6c2-91a31929896e|5feb6b1b-2dd1-5e70-937b-b843ee3be5dc|c78b09be-9ce2-5cd2-a9c8-227a8349c18b|c2baab5c-ee5a-564a-bd57-9e1cef2f9ba9|3669c955-440b-532f-987c-417bb769ca11|70ae01c8-0edc-505d-b5a9-4924a71cd2ea|d9bc3d9f-0a05-5bbc-a5d5-a16e2b26ec5d|53270376-1588-54d4-bab8-8a3864ead3e4|dae6813f-e5c2-54f5-9cb0-027fd070a5a5|b816d9f4-de8a-58cb-86d6-22df3fa9051b|4b963381-9ffe-5a43-9cc0-7ef52584420c|5b923e47-a23a-5bb5-b2a8-0d9b90fa68dc|89eab3ae-f46d-534d-8bf5-39c96f267a60|35053c5a-6480-5a5c-b858-38474d53ee13,0183a6d176b6f6b6a6b841667dbbcd6a1bf75083b1e4a281852091ab016c26a4,zenit-simulated-feature-snapshot-v1,simulated,False,False,False,False
34d60693-0af2-5c95-89b6-605d3fc2830b,23232185-5c98-523a-a8a5-d53254b8a0d8,2027-01-04,SP021,195,100,special,10,10.1,9.62,5.49,9.01,4.61,61.5,107.1,8,N2,exceeds,holdout_rehearsal,1bfa803c-68d7-5fbf-828f-9fc3b3621bea|32b4702e-c748-592d-934c-9685f031ddb8|97dfafb5-64d3-5755-94ad-239df6930193|cab8bf65-81af-5316-ab93-b8473d644880|b5c54771-4ac4-5cc4-aeb7-c656c45f5b54|baa9fc46-1f70-559c-8f5b-24ef678d767c|f33a8b74-df93-5c83-8644-46cd9b7127b9|0590b975-b4ce-5108-b37d-a925c89c0c07|a882fea9-54d2-53b3-a81e-4bcfab2da2de|fd0de9c8-80f9-54d3-bbc6-50e1e4bbcbf2|e7e0bbfe-cf9c-505b-9628-454faed2438b|26b2b562-be96-53aa-b689-503da46074af|0cdb035a-4c85-527f-91a1-f17b70481b3e|0c3bf132-b260-53ae-828f-1c90b87f7d3c|35c5f486-867f-5dae-a626-12b4c39f10e0,0b8ac5b1db1c10af11d5601a9dc81ac284292245e34d49d7ac169d5c912c29cc,zenit-simulated-feature-snapshot-v1,simulated,False,False,False,False
0922d140-b452-584e-9b71-65da55c412ee,00cb94fd-970b-5652-b9e8-aa30d6d12bc3,2027-01-05,SP021,195,100,left,30,22.38,21.37,17.12,11.88,5.26,25.9,45.7,19,N2,within,holdout_rehearsal,07766ae8-8722-5b38-b9dc-441d43c32ec5|d7d58e3f-134f-5e0e-9d4c-ecfcd18d2c22|ea180e4b-28c7-5a6d-81bb-6a6229d64076|f901eefd-9081-52ac-8466-7ae63ed5ee18|15023e77-ab54-53d6-9897-027bdb72217d|a2c45a32-0942-5414-8193-08161fffcb8b|3ef6c17d-8a79-5e60-9478-e86b32eb8bf7|f4f042dc-bb0f-515c-aafa-88c8f30eb112|bdf8b07c-b664-55d1-bc15-26de238f3518|451c9e51-30e0-5c77-bc15-3cc97be27cc0|090524b5-f8df-5c6b-ad58-82b8eaecef73|0f1f4523-eb2d-518e-86e0-dc6d4aa18310|ae8d601e-7ea3-5b48-89d6-393557957753|52c53424-7404-5710-b86b-d4368401f596|c4cc8c4f-30f3-5cbf-b879-a83a3fe06658,c388e311122eb128c9aa226b05283b579ae01b429163f5f5e7062060828b63e4,zenit-simulated-feature-snapshot-v1,simulated,False,False,False,False
e66a4bdd-6b83-5c37-a9c9-b6bead7187cc,4721c12b-0a1b-5b6a-9fb3-cb0b40d23bfb,2027-01-05,SP021,195,100,median,30,33.62,32.84,28.8,23.66,4.82,31.6,68.6,37,N3,exceeds,holdout_rehearsal,316fc813-f233-506a-8ffa-9856ae68f9e3|0de7bef5-f5aa-597d-93af-3fd49d68d4dd|70ed9098-0335-590c-9bc8-0652ec82851b|26ab5d4d-f53c-5ba1-9002-84e92bf081bf|d92e6b76-a308-5474-adb5-4e7c60163ad2|ccc20636-cc47-58ba-acc2-e135bf7aa3bd|b91bd3a3-0cc1-51b4-9a6e-ce913dfc48f4|fabc1cd0-c627-5b27-8a8e-4e3a2f5c8f83|17b885bb-aed7-53b3-90a4-939228914a5e|2167fbc1-efa0-548d-a7a0-78d9aa5ea441|3f83cb1e-71a2-512e-9b47-df4d6316e8e3|81b4cd8a-23f1-576b-9658-5ee38764b242|d108ec47-d7c8-5cbb-a580-16caf6515ed5|62c6a620-45f2-597c-8257-3a9f85e27e2b|26cb861d-e416-5d0d-a726-ab07707cc8d4,9774426c9a0f795633af47c473baea25c6ff5c73459e1fabbb53e5075a5a0dda,zenit-simulated-feature-snapshot-v1,simulated,False,False,False,False
d2ef0819-d7b3-5e42-8644-32ca40de5ded,046003bd-58ac-5aca-8364-c934ce6319c8,2027-01-05,SP021,195,100,right,30,13.22,12.53,44.36,38.39,6.04,28.8,68.3,6,N2,within,holdout_rehearsal,c3eb38c1-40b3-5bff-b6c2-91a31929896e|5feb6b1b-2dd1-5e70-937b-b843ee3be5dc|c78b09be-9ce2-5cd2-a9c8-227a8349c18b|c2baab5c-ee5a-564a-bd57-9e1cef2f9ba9|3669c955-440b-532f-987c-417bb769ca11|70ae01c8-0edc-505d-b5a9-4924a71cd2ea|d9bc3d9f-0a05-5bbc-a5d5-a16e2b26ec5d|53270376-1588-54d4-bab8-8a3864ead3e4|dae6813f-e5c2-54f5-9cb0-027fd070a5a5|b816d9f4-de8a-58cb-86d6-22df3fa9051b|4b963381-9ffe-5a43-9cc0-7ef52584420c|5b923e47-a23a-5bb5-b2a8-0d9b90fa68dc|89eab3ae-f46d-534d-8bf5-39c96f267a60|35053c5a-6480-5a5c-b858-38474d53ee13|2eb882bd-4579-585e-bece-dd43aada6836,63d6539b41a1b15be13a2e3b1cfd16279e9373b1d22be769d1c06ed1166c47d3,zenit-simulated-feature-snapshot-v1,simulated,False,False,False,False
1ad77a58-6611-5f35-ae7e-564879d2e5bd,23232185-5c98-523a-a8a5-d53254b8a0d8,2027-01-05,SP021,195,100,special,10,10.61,10.1,6.16,9.34,4.45,58.3,114.1,9,N2,exceeds,holdout_rehearsal,32b4702e-c748-592d-934c-9685f031ddb8|97dfafb5-64d3-5755-94ad-239df6930193|cab8bf65-81af-5316-ab93-b8473d644880|b5c54771-4ac4-5cc4-aeb7-c656c45f5b54|baa9fc46-1f70-559c-8f5b-24ef678d767c|f33a8b74-df93-5c83-8644-46cd9b7127b9|0590b975-b4ce-5108-b37d-a925c89c0c07|a882fea9-54d2-53b3-a81e-4bcfab2da2de|fd0de9c8-80f9-54d3-bbc6-50e1e4bbcbf2|e7e0bbfe-cf9c-505b-9628-454faed2438b|26b2b562-be96-53aa-b689-503da46074af|0cdb035a-4c85-527f-91a1-f17b70481b3e|0c3bf132-b260-53ae-828f-1c90b87f7d3c|35c5f486-867f-5dae-a626-12b4c39f10e0|a6755609-ee0a-51cf-9dbb-6526e3ae125f,50d63ef9935e651a91831ac1a245416fbc7adef671f82fc2d5abbf10d301f5e0,zenit-simulated-feature-snapshot-v1,simulated,False,False,False,False
bebf87c2-4e0f-5ce2-bbbb-fb7c3c33ed4f,00cb94fd-970b-5652-b9e8-aa30d6d12bc3,2027-01-06,SP021,195,100,left,30,23.13,22.38,18.07,12.84,5.06,17.7,40.8,20,N2,within,holdout_rehearsal,d7d58e3f-134f-5e0e-9d4c-ecfcd18d2c22|ea180e4b-28c7-5a6d-81bb-6a6229d64076|f901eefd-9081-52ac-8466-7ae63ed5ee18|15023e77-ab54-53d6-9897-027bdb72217d|a2c45a32-0942-5414-8193-08161fffcb8b|3ef6c17d-8a79-5e60-9478-e86b32eb8bf7|f4f042dc-bb0f-515c-aafa-88c8f30eb112|bdf8b07c-b664-55d1-bc15-26de238f3518|451c9e51-30e0-5c77-bc15-3cc97be27cc0|090524b5-f8df-5c6b-ad58-82b8eaecef73|0f1f4523-eb2d-518e-86e0-dc6d4aa18310|ae8d601e-7ea3-5b48-89d6-393557957753|52c53424-7404-5710-b86b-d4368401f596|c4cc8c4f-30f3-5cbf-b879-a83a3fe06658|a82fd8c8-7e3a-5d39-b814-4b5e32f595cb,dfdb7284425abf10105153c3231b2abe5ba72008b9c014a6420937a070881eac,zenit-simulated-feature-snapshot-v1,simulated,False,False,False,False
36537c4e-400f-5618-b398-2762cd70a5c0,4721c12b-0a1b-5b6a-9fb3-cb0b40d23bfb,2027-01-06,SP021,195,100,median,30,34.45,33.62,29.39,24.35,5.06,33.8,71.8,38,N3,exceeds,holdout_rehearsal,0de7bef5-f5aa-597d-93af-3fd49d68d4dd|70ed9098-0335-590c-9bc8-0652ec82851b|26ab5d4d-f53c-5ba1-9002-84e92bf081bf|d92e6b76-a308-5474-adb5-4e7c60163ad2|ccc20636-cc47-58ba-acc2-e135bf7aa3bd|b91bd3a3-0cc1-51b4-9a6e-ce913dfc48f4|fabc1cd0-c627-5b27-8a8e-4e3a2f5c8f83|17b885bb-aed7-53b3-90a4-939228914a5e|2167fbc1-efa0-548d-a7a0-78d9aa5ea441|3f83cb1e-71a2-512e-9b47-df4d6316e8e3|81b4cd8a-23f1-576b-9658-5ee38764b242|d108ec47-d7c8-5cbb-a580-16caf6515ed5|62c6a620-45f2-597c-8257-3a9f85e27e2b|26cb861d-e416-5d0d-a726-ab07707cc8d4|57f2423b-1d10-5d34-ab4c-c0cbf8b820b6,f3316c6ae8cbc213c81cd24f37dbc835cb9505e8ac005c2ef966ed9fbbc10590,zenit-simulated-feature-snapshot-v1,simulated,False,False,False,False
0c16a072-e08b-54ac-8396-83958e166d63,046003bd-58ac-5aca-8364-c934ce6319c8,2027-01-06,SP021,195,100,right,30,14.39,13.22,8.0,39.31,6.39,39.2,80.0,7,N2,within,holdout_rehearsal,5feb6b1b-2dd1-5e70-937b-b843ee3be5dc|c78b09be-9ce2-5cd2-a9c8-227a8349c18b|c2baab5c-ee5a-564a-bd57-9e1cef2f9ba9|3669c955-440b-532f-987c-417bb769ca11|70ae01c8-0edc-505d-b5a9-4924a71cd2ea|d9bc3d9f-0a05-5bbc-a5d5-a16e2b26ec5d|53270376-1588-54d4-bab8-8a3864ead3e4|dae6813f-e5c2-54f5-9cb0-027fd070a5a5|b816d9f4-de8a-58cb-86d6-22df3fa9051b|4b963381-9ffe-5a43-9cc0-7ef52584420c|5b923e47-a23a-5bb5-b2a8-0d9b90fa68dc|89eab3ae-f46d-534d-8bf5-39c96f267a60|35053c5a-6480-5a5c-b858-38474d53ee13|2eb882bd-4579-585e-bece-dd43aada6836|2ced60ed-1f11-5711-84e2-d3837afc4b40,8751cc917b631bc7acc7d2ae8ef7d1d0cfb61f4e0915d733b6fba8a1e01bc4bd,zenit-simulated-feature-snapshot-v1,simulated,False,False,False,False
b5966c20-270c-579b-960c-0d68c71da421,23232185-5c98-523a-a8a5-d53254b8a0d8,2027-01-06,SP021,195,100,special,10,11.24,10.61,6.89,9.82,4.35,53.1,113.4,10,N2,exceeds,holdout_rehearsal,97dfafb5-64d3-5755-94ad-239df6930193|cab8bf65-81af-5316-ab93-b8473d644880|b5c54771-4ac4-5cc4-aeb7-c656c45f5b54|baa9fc46-1f70-559c-8f5b-24ef678d767c|f33a8b74-df93-5c83-8644-46cd9b7127b9|0590b975-b4ce-5108-b37d-a925c89c0c07|a882fea9-54d2-53b3-a81e-4bcfab2da2de|fd0de9c8-80f9-54d3-bbc6-50e1e4bbcbf2|e7e0bbfe-cf9c-505b-9628-454faed2438b|26b2b562-be96-53aa-b689-503da46074af|0cdb035a-4c85-527f-91a1-f17b70481b3e|0c3bf132-b260-53ae-828f-1c90b87f7d3c|35c5f486-867f-5dae-a626-12b4c39f10e0|a6755609-ee0a-51cf-9dbb-6526e3ae125f|37ab53c6-e34e-50b1-9e82-d208b5da55b6,a818c6b97307d6b56746641939fee257d3f2cac2a64d6d6ac471dd735a9b605e,zenit-simulated-feature-snapshot-v1,simulated,False,False,False,False
06295122-1638-58c5-9793-22dc314bd401,00cb94fd-970b-5652-b9e8-aa30d6d12bc3,2027-01-07,SP021,195,100,left,30,23.88,23.13,18.86,13.65,5.02,25.5,48.6,21,N2,within,holdout_rehearsal,ea180e4b-28c7-5a6d-81bb-6a6229d64076|f901eefd-9081-52ac-8466-7ae63ed5ee18|15023e77-ab54-53d6-9897-027bdb72217d|a2c45a32-0942-5414-8193-08161fffcb8b|3ef6c17d-8a79-5e60-9478-e86b32eb8bf7|f4f042dc-bb0f-515c-aafa-88c8f30eb112|bdf8b07c-b664-55d1-bc15-26de238f3518|451c9e51-30e0-5c77-bc15-3cc97be27cc0|090524b5-f8df-5c6b-ad58-82b8eaecef73|0f1f4523-eb2d-518e-86e0-dc6d4aa18310|ae8d601e-7ea3-5b48-89d6-393557957753|52c53424-7404-5710-b86b-d4368401f596|c4cc8c4f-30f3-5cbf-b879-a83a3fe06658|a82fd8c8-7e3a-5d39-b814-4b5e32f595cb|86d0dcb0-bd3e-5bc0-9498-6fe9a23137b1,3be9d61f9cdfc152be767b76a2ac555d4ea1b7a79bc12b1f86a587b4d5eedb88,zenit-simulated-feature-snapshot-v1,simulated,False,False,False,False
16278491-06a1-5d11-b965-f99bb68bb22e,4721c12b-0a1b-5b6a-9fb3-cb0b40d23bfb,2027-01-07,SP021,195,100,median,30,34.95,34.45,30.12,25.15,4.83,36.6,69.8,39,N3,exceeds,holdout_rehearsal,70ed9098-0335-590c-9bc8-0652ec82851b|26ab5d4d-f53c-5ba1-9002-84e92bf081bf|d92e6b76-a308-5474-adb5-4e7c60163ad2|ccc20636-cc47-58ba-acc2-e135bf7aa3bd|b91bd3a3-0cc1-51b4-9a6e-ce913dfc48f4|fabc1cd0-c627-5b27-8a8e-4e3a2f5c8f83|17b885bb-aed7-53b3-90a4-939228914a5e|2167fbc1-efa0-548d-a7a0-78d9aa5ea441|3f83cb1e-71a2-512e-9b47-df4d6316e8e3|81b4cd8a-23f1-576b-9658-5ee38764b242|d108ec47-d7c8-5cbb-a580-16caf6515ed5|62c6a620-45f2-597c-8257-3a9f85e27e2b|26cb861d-e416-5d0d-a726-ab07707cc8d4|57f2423b-1d10-5d34-ab4c-c0cbf8b820b6|ca40d53a-3826-5029-84ec-8ccd1bdc05d2,49143984473828626f98920fefa09feb31f239043f071fa0523e2412b249802c,zenit-simulated-feature-snapshot-v1,simulated,False,False,False,False
9adc2d35-2c4b-577a-bab8-93448af38e8c,046003bd-58ac-5aca-8364-c934ce6319c8,2027-01-07,SP021,195,100,right,30,15.22,14.39,8.84,40.06,6.38,34.9,78.0,8,N2,within,holdout_rehearsal,c78b09be-9ce2-5cd2-a9c8-227a8349c18b|c2baab5c-ee5a-564a-bd57-9e1cef2f9ba9|3669c955-440b-532f-987c-417bb769ca11|70ae01c8-0edc-505d-b5a9-4924a71cd2ea|d9bc3d9f-0a05-5bbc-a5d5-a16e2b26ec5d|53270376-1588-54d4-bab8-8a3864ead3e4|dae6813f-e5c2-54f5-9cb0-027fd070a5a5|b816d9f4-de8a-58cb-86d6-22df3fa9051b|4b963381-9ffe-5a43-9cc0-7ef52584420c|5b923e47-a23a-5bb5-b2a8-0d9b90fa68dc|89eab3ae-f46d-534d-8bf5-39c96f267a60|35053c5a-6480-5a5c-b858-38474d53ee13|2eb882bd-4579-585e-bece-dd43aada6836|2ced60ed-1f11-5711-84e2-d3837afc4b40|49821e24-6018-5dd5-9070-e6db8bf6c3cb,e84bd6f5f0c33790b4de2a9743a3b9c5471e27a8a6a055b3f6fdf25787955c8c,zenit-simulated-feature-snapshot-v1,simulated,False,False,False,False
b4f74e29-6328-5f1b-a1e4-d5a9dad7a68e,23232185-5c98-523a-a8a5-d53254b8a0d8,2027-01-07,SP021,195,100,special,10,11.98,11.24,7.64,10.44,4.34,53.3,111.4,11,N2,exceeds,holdout_rehearsal,cab8bf65-81af-5316-ab93-b8473d644880|b5c54771-4ac4-5cc4-aeb7-c656c45f5b54|baa9fc46-1f70-559c-8f5b-24ef678d767c|f33a8b74-df93-5c83-8644-46cd9b7127b9|0590b975-b4ce-5108-b37d-a925c89c0c07|a882fea9-54d2-53b3-a81e-4bcfab2da2de|fd0de9c8-80f9-54d3-bbc6-50e1e4bbcbf2|e7e0bbfe-cf9c-505b-9628-454faed2438b|26b2b562-be96-53aa-b689-503da46074af|0cdb035a-4c85-527f-91a1-f17b70481b3e|0c3bf132-b260-53ae-828f-1c90b87f7d3c|35c5f486-867f-5dae-a626-12b4c39f10e0|a6755609-ee0a-51cf-9dbb-6526e3ae125f|37ab53c6-e34e-50b1-9e82-d208b5da55b6|a38218e5-e450-534f-bb36-70956a860ccf,8c22228f92684809de12fb01046a4fd6537ee737814857f07d080184d2a6e17f,zenit-simulated-feature-snapshot-v1,simulated,False,False,False,False
243c4f70-6fbe-50e9-a27b-b52faf841dc7,00cb94fd-970b-5652-b9e8-aa30d6d12bc3,2027-01-08,SP021,195,100,left,30,24.65,23.88,19.59,14.65,5.06,26.5,42.3,22,N2,within,holdout_rehearsal,f901eefd-9081-52ac-8466-7ae63ed5ee18|15023e77-ab54-53d6-9897-027bdb72217d|a2c45a32-0942-5414-8193-08161fffcb8b|3ef6c17d-8a79-5e60-9478-e86b32eb8bf7|f4f042dc-bb0f-515c-aafa-88c8f30eb112|bdf8b07c-b664-55d1-bc15-26de238f3518|451c9e51-30e0-5c77-bc15-3cc97be27cc0|090524b5-f8df-5c6b-ad58-82b8eaecef73|0f1f4523-eb2d-518e-86e0-dc6d4aa18310|ae8d601e-7ea3-5b48-89d6-393557957753|52c53424-7404-5710-b86b-d4368401f596|c4cc8c4f-30f3-5cbf-b879-a83a3fe06658|a82fd8c8-7e3a-5d39-b814-4b5e32f595cb|86d0dcb0-bd3e-5bc0-9498-6fe9a23137b1|b010933b-b87c-57e8-b806-59d3e789cf94,d8bc65958761432f5090eec41c6b11b1936dbd6e939ff6cc0a8343f88dab5508,zenit-simulated-feature-snapshot-v1,simulated,False,False,False,False
c516c267-01bb-5a40-99bd-1d1ea739e6f1,4721c12b-0a1b-5b6a-9fb3-cb0b40d23bfb,2027-01-08,SP021,195,100,median,30,35.81,34.95,30.77,25.7,5.04,42.2,78.8,40,N3,exceeds,holdout_rehearsal,26ab5d4d-f53c-5ba1-9002-84e92bf081bf|d92e6b76-a308-5474-adb5-4e7c60163ad2|ccc20636-cc47-58ba-acc2-e135bf7aa3bd|b91bd3a3-0cc1-51b4-9a6e-ce913dfc48f4|fabc1cd0-c627-5b27-8a8e-4e3a2f5c8f83|17b885bb-aed7-53b3-90a4-939228914a5e|2167fbc1-efa0-548d-a7a0-78d9aa5ea441|3f83cb1e-71a2-512e-9b47-df4d6316e8e3|81b4cd8a-23f1-576b-9658-5ee38764b242|d108ec47-d7c8-5cbb-a580-16caf6515ed5|62c6a620-45f2-597c-8257-3a9f85e27e2b|26cb861d-e416-5d0d-a726-ab07707cc8d4|57f2423b-1d10-5d34-ab4c-c0cbf8b820b6|ca40d53a-3826-5029-84ec-8ccd1bdc05d2|6fd91589-ae36-559f-995f-242d2df12bfb,191d100f8f668569d1f4e4ab7e609d1e52962501c0e086410f57a8dbed79b378,zenit-simulated-feature-snapshot-v1,simulated,False,False,False,False
395225d6-0f69-54c2-9318-d1ef96e6414e,046003bd-58ac-5aca-8364-c934ce6319c8,2027-01-08,SP021,195,100,right,30,16.03,15.22,9.87,41.13,6.16,28.1,63.4,9,N2,within,holdout_rehearsal,c2baab5c-ee5a-564a-bd57-9e1cef2f9ba9|3669c955-440b-532f-987c-417bb769ca11|70ae01c8-0edc-505d-b5a9-4924a71cd2ea|d9bc3d9f-0a05-5bbc-a5d5-a16e2b26ec5d|53270376-1588-54d4-bab8-8a3864ead3e4|dae6813f-e5c2-54f5-9cb0-027fd070a5a5|b816d9f4-de8a-58cb-86d6-22df3fa9051b|4b963381-9ffe-5a43-9cc0-7ef52584420c|5b923e47-a23a-5bb5-b2a8-0d9b90fa68dc|89eab3ae-f46d-534d-8bf5-39c96f267a60|35053c5a-6480-5a5c-b858-38474d53ee13|2eb882bd-4579-585e-bece-dd43aada6836|2ced60ed-1f11-5711-84e2-d3837afc4b40|49821e24-6018-5dd5-9070-e6db8bf6c3cb|67d5385f-ba92-518c-aea4-8662e301ca17,3eb4472182bed1b0aa0ad01ed4bfcfb0845aeb95517b3e5f333c77cfa5f2b2f8,zenit-simulated-feature-snapshot-v1,simulated,False,False,False,False
00888682-f88f-56a0-aaa6-2398bea7c31b,23232185-5c98-523a-a8a5-d53254b8a0d8,2027-01-08,SP021,195,100,special,10,12.5,11.98,8.33,11.09,4.17,47.2,103.0,12,N2,exceeds,holdout_rehearsal,b5c54771-4ac4-5cc4-aeb7-c656c45f5b54|baa9fc46-1f70-559c-8f5b-24ef678d767c|f33a8b74-df93-5c83-8644-46cd9b7127b9|0590b975-b4ce-5108-b37d-a925c89c0c07|a882fea9-54d2-53b3-a81e-4bcfab2da2de|fd0de9c8-80f9-54d3-bbc6-50e1e4bbcbf2|e7e0bbfe-cf9c-505b-9628-454faed2438b|26b2b562-be96-53aa-b689-503da46074af|0cdb035a-4c85-527f-91a1-f17b70481b3e|0c3bf132-b260-53ae-828f-1c90b87f7d3c|35c5f486-867f-5dae-a626-12b4c39f10e0|a6755609-ee0a-51cf-9dbb-6526e3ae125f|37ab53c6-e34e-50b1-9e82-d208b5da55b6|a38218e5-e450-534f-bb36-70956a860ccf|78fb1530-3fa3-5302-8081-984169405ad9,62a5dec22b8039688dc1f27df78d2a8c37a9e85abbb11dd969338fe0f79311a7,zenit-simulated-feature-snapshot-v1,simulated,False,False,False,False
9a240a3d-6d1e-5642-8d84-805b747391f5,00cb94fd-970b-5652-b9e8-aa30d6d12bc3,2027-01-09,SP021,195,100,left,30,25.53,24.65,20.25,15.17,5.28,37.7,53.5,23,N2,within,holdout_rehearsal,15023e77-ab54-53d6-9897-027bdb72217d|a2c45a32-0942-5414-8193-08161fffcb8b|3ef6c17d-8a79-5e60-9478-e86b32eb8bf7|f4f042dc-bb0f-515c-aafa-88c8f30eb112|bdf8b07c-b664-55d1-bc15-26de238f3518|451c9e51-30e0-5c77-bc15-3cc97be27cc0|090524b5-f8df-5c6b-ad58-82b8eaecef73|0f1f4523-eb2d-518e-86e0-dc6d4aa18310|ae8d601e-7ea3-5b48-89d6-393557957753|52c53424-7404-5710-b86b-d4368401f596|c4cc8c4f-30f3-5cbf-b879-a83a3fe06658|a82fd8c8-7e3a-5d39-b814-4b5e32f595cb|86d0dcb0-bd3e-5bc0-9498-6fe9a23137b1|b010933b-b87c-57e8-b806-59d3e789cf94|66214ebc-926b-5c21-aff6-4f8aeb730301,4baaa55e3e6950f87ad7d18fded17e45d5e3332f64e1cfa5bd67f026a95f061e,zenit-simulated-feature-snapshot-v1,simulated,False,False,False,False
3d11d674-fef5-5c5b-b259-b718bfcd440d,4721c12b-0a1b-5b6a-9fb3-cb0b40d23bfb,2027-01-09,SP021,195,100,median,30,36.65,35.81,31.69,26.38,4.96,37.8,86.2,41,N3,exceeds,holdout_rehearsal,d92e6b76-a308-5474-adb5-4e7c60163ad2|ccc20636-cc47-58ba-acc2-e135bf7aa3bd|b91bd3a3-0cc1-51b4-9a6e-ce913dfc48f4|fabc1cd0-c627-5b27-8a8e-4e3a2f5c8f83|17b885bb-aed7-53b3-90a4-939228914a5e|2167fbc1-efa0-548d-a7a0-78d9aa5ea441|3f83cb1e-71a2-512e-9b47-df4d6316e8e3|81b4cd8a-23f1-576b-9658-5ee38764b242|d108ec47-d7c8-5cbb-a580-16caf6515ed5|62c6a620-45f2-597c-8257-3a9f85e27e2b|26cb861d-e416-5d0d-a726-ab07707cc8d4|57f2423b-1d10-5d34-ab4c-c0cbf8b820b6|ca40d53a-3826-5029-84ec-8ccd1bdc05d2|6fd91589-ae36-559f-995f-242d2df12bfb|45a9c418-15d0-51e4-bd08-b2898c9f5c97,96b364dde79cf0e2c710aec40f89520ed65d7722fd436db9415178425f3dc8b7,zenit-simulated-feature-snapshot-v1,simulated,False,False,False,False
466b53bd-8c0e-5ce7-8d83-8efad18a9a0e,046003bd-58ac-5aca-8364-c934ce6319c8,2027-01-09,SP021,195,100,right,30,16.74,16.03,10.89,41.95,5.85,26.2,63.6,10,N2,within,holdout_rehearsal,3669c955-440b-532f-987c-417bb769ca11|70ae01c8-0edc-505d-b5a9-4924a71cd2ea|d9bc3d9f-0a05-5bbc-a5d5-a16e2b26ec5d|53270376-1588-54d4-bab8-8a3864ead3e4|dae6813f-e5c2-54f5-9cb0-027fd070a5a5|b816d9f4-de8a-58cb-86d6-22df3fa9051b|4b963381-9ffe-5a43-9cc0-7ef52584420c|5b923e47-a23a-5bb5-b2a8-0d9b90fa68dc|89eab3ae-f46d-534d-8bf5-39c96f267a60|35053c5a-6480-5a5c-b858-38474d53ee13|2eb882bd-4579-585e-bece-dd43aada6836|2ced60ed-1f11-5711-84e2-d3837afc4b40|49821e24-6018-5dd5-9070-e6db8bf6c3cb|67d5385f-ba92-518c-aea4-8662e301ca17|70133469-9a96-52ed-8e7b-81f5b7ac31ca,f8cdfc86574ff8c94c39250e2b0212cf07c044efdc585afff07b0aa7bda3e9b0,zenit-simulated-feature-snapshot-v1,simulated,False,False,False,False
9ec8208e-2d63-5cd9-8b17-dd15a92c50ea,23232185-5c98-523a-a8a5-d53254b8a0d8,2027-01-09,SP021,195,100,special,10,13.18,12.5,8.99,11.73,4.19,39.2,97.8,13,N2,exceeds,holdout_rehearsal,baa9fc46-1f70-559c-8f5b-24ef678d767c|f33a8b74-df93-5c83-8644-46cd9b7127b9|0590b975-b4ce-5108-b37d-a925c89c0c07|a882fea9-54d2-53b3-a81e-4bcfab2da2de|fd0de9c8-80f9-54d3-bbc6-50e1e4bbcbf2|e7e0bbfe-cf9c-505b-9628-454faed2438b|26b2b562-be96-53aa-b689-503da46074af|0cdb035a-4c85-527f-91a1-f17b70481b3e|0c3bf132-b260-53ae-828f-1c90b87f7d3c|35c5f486-867f-5dae-a626-12b4c39f10e0|a6755609-ee0a-51cf-9dbb-6526e3ae125f|37ab53c6-e34e-50b1-9e82-d208b5da55b6|a38218e5-e450-534f-bb36-70956a860ccf|78fb1530-3fa3-5302-8081-984169405ad9|a0a1be76-1730-5218-8236-7ac4cc4923b9,86cbfb127190bbf2b49a6e137229cd02df18760fea53bed9cc7d575a7f665f22,zenit-simulated-feature-snapshot-v1,simulated,False,False,False,False
6b264032-c885-552e-835e-b6a6fb1786d1,00cb94fd-970b-5652-b9e8-aa30d6d12bc3,2027-01-10,SP021,195,100,left,30,26.35,25.53,20.79,15.81,5.56,45.1,56.6,24,N2,within,holdout_rehearsal,a2c45a32-0942-5414-8193-08161fffcb8b|3ef6c17d-8a79-5e60-9478-e86b32eb8bf7|f4f042dc-bb0f-515c-aafa-88c8f30eb112|bdf8b07c-b664-55d1-bc15-26de238f3518|451c9e51-30e0-5c77-bc15-3cc97be27cc0|090524b5-f8df-5c6b-ad58-82b8eaecef73|0f1f4523-eb2d-518e-86e0-dc6d4aa18310|ae8d601e-7ea3-5b48-89d6-393557957753|52c53424-7404-5710-b86b-d4368401f596|c4cc8c4f-30f3-5cbf-b879-a83a3fe06658|a82fd8c8-7e3a-5d39-b814-4b5e32f595cb|86d0dcb0-bd3e-5bc0-9498-6fe9a23137b1|b010933b-b87c-57e8-b806-59d3e789cf94|66214ebc-926b-5c21-aff6-4f8aeb730301|70caf9b1-bfd7-5812-ab63-a8f87ca76f67,427b69a83bf4104975ccdfa02f11e7f28698ffe58a5717b1c0bc349837ad2fe5,zenit-simulated-feature-snapshot-v1,simulated,False,False,False,False
0e3cc7a7-d8ac-5100-ae3d-9224c8251ab2,4721c12b-0a1b-5b6a-9fb3-cb0b40d23bfb,2027-01-10,SP021,195,100,median,30,37.55,36.65,32.27,27.22,5.28,43.3,86.0,42,N3,exceeds,holdout_rehearsal,ccc20636-cc47-58ba-acc2-e135bf7aa3bd|b91bd3a3-0cc1-51b4-9a6e-ce913dfc48f4|fabc1cd0-c627-5b27-8a8e-4e3a2f5c8f83|17b885bb-aed7-53b3-90a4-939228914a5e|2167fbc1-efa0-548d-a7a0-78d9aa5ea441|3f83cb1e-71a2-512e-9b47-df4d6316e8e3|81b4cd8a-23f1-576b-9658-5ee38764b242|d108ec47-d7c8-5cbb-a580-16caf6515ed5|62c6a620-45f2-597c-8257-3a9f85e27e2b|26cb861d-e416-5d0d-a726-ab07707cc8d4|57f2423b-1d10-5d34-ab4c-c0cbf8b820b6|ca40d53a-3826-5029-84ec-8ccd1bdc05d2|6fd91589-ae36-559f-995f-242d2df12bfb|45a9c418-15d0-51e4-bd08-b2898c9f5c97|1e98a782-9154-58b9-86ee-8918fa15dc24,b12c2a6654c3b73d5530b3a9d78872e1ceb00f918fd448f012b942222360a63a,zenit-simulated-feature-snapshot-v1,simulated,False,False,False,False
260e9061-8f2e-5420-93f6-8f8a489bf58b,046003bd-58ac-5aca-8364-c934ce6319c8,2027-01-10,SP021,195,100,right,30,17.58,16.74,11.83,42.58,5.75,19.9,62.2,11,N2,within,holdout_rehearsal,70ae01c8-0edc-505d-b5a9-4924a71cd2ea|d9bc3d9f-0a05-5bbc-a5d5-a16e2b26ec5d|53270376-1588-54d4-bab8-8a3864ead3e4|dae6813f-e5c2-54f5-9cb0-027fd070a5a5|b816d9f4-de8a-58cb-86d6-22df3fa9051b|4b963381-9ffe-5a43-9cc0-7ef52584420c|5b923e47-a23a-5bb5-b2a8-0d9b90fa68dc|89eab3ae-f46d-534d-8bf5-39c96f267a60|35053c5a-6480-5a5c-b858-38474d53ee13|2eb882bd-4579-585e-bece-dd43aada6836|2ced60ed-1f11-5711-84e2-d3837afc4b40|49821e24-6018-5dd5-9070-e6db8bf6c3cb|67d5385f-ba92-518c-aea4-8662e301ca17|70133469-9a96-52ed-8e7b-81f5b7ac31ca|0bb2b6e0-0306-5fa6-8560-ced6aa37cda1,257c26b2ea8aa4a9e1bcaa69ed6df9102483b145766dc4789a57b2e4d11ec064,zenit-simulated-feature-snapshot-v1,simulated,False,False,False,False
c6324f75-2969-5ed4-b06b-1a539b3edc69,23232185-5c98-523a-a8a5-d53254b8a0d8,2027-01-10,SP021,195,100,special,10,5.0,13.18,9.62,5.0,4.2,27.7,88.5,0,N1,within,holdout_rehearsal,f33a8b74-df93-5c83-8644-46cd9b7127b9|0590b975-b4ce-5108-b37d-a925c89c0c07|a882fea9-54d2-53b3-a81e-4bcfab2da2de|fd0de9c8-80f9-54d3-bbc6-50e1e4bbcbf2|e7e0bbfe-cf9c-505b-9628-454faed2438b|26b2b562-be96-53aa-b689-503da46074af|0cdb035a-4c85-527f-91a1-f17b70481b3e|0c3bf132-b260-53ae-828f-1c90b87f7d3c|35c5f486-867f-5dae-a626-12b4c39f10e0|a6755609-ee0a-51cf-9dbb-6526e3ae125f|37ab53c6-e34e-50b1-9e82-d208b5da55b6|a38218e5-e450-534f-bb36-70956a860ccf|78fb1530-3fa3-5302-8081-984169405ad9|a0a1be76-1730-5218-8236-7ac4cc4923b9|67478877-da1c-50ce-bb9f-6bd9febc7772,26f6b6a3c3175a1e8d3e76eea037edf9da7c03f3773922d453997f8450b68558,zenit-simulated-feature-snapshot-v1,simulated,False,False,False,False
8c4e52ce-fdaf-5f5c-9397-0184939f606a,00cb94fd-970b-5652-b9e8-aa30d6d12bc3,2027-01-11,SP021,195,100,left,30,27.11,26.35,21.37,16.54,5.74,45.5,57.0,25,N2,within,holdout_rehearsal,3ef6c17d-8a79-5e60-9478-e86b32eb8bf7|f4f042dc-bb0f-515c-aafa-88c8f30eb112|bdf8b07c-b664-55d1-bc15-26de238f3518|451c9e51-30e0-5c77-bc15-3cc97be27cc0|090524b5-f8df-5c6b-ad58-82b8eaecef73|0f1f4523-eb2d-518e-86e0-dc6d4aa18310|ae8d601e-7ea3-5b48-89d6-393557957753|52c53424-7404-5710-b86b-d4368401f596|c4cc8c4f-30f3-5cbf-b879-a83a3fe06658|a82fd8c8-7e3a-5d39-b814-4b5e32f595cb|86d0dcb0-bd3e-5bc0-9498-6fe9a23137b1|b010933b-b87c-57e8-b806-59d3e789cf94|66214ebc-926b-5c21-aff6-4f8aeb730301|70caf9b1-bfd7-5812-ab63-a8f87ca76f67|d519c801-8b74-5594-9fc1-a32707ab7d7f,a07616c57e9eb978c317408a5d20b64e0757e42504efebf31f7948741f6b4492,zenit-simulated-feature-snapshot-v1,simulated,False,False,False,False
a7762074-651f-5fa0-8716-8ea50bc20766,4721c12b-0a1b-5b6a-9fb3-cb0b40d23bfb,2027-01-11,SP021,195,100,median,30,38.28,37.55,32.84,27.79,5.44,51.6,92.7,43,N3,exceeds,holdout_rehearsal,b91bd3a3-0cc1-51b4-9a6e-ce913dfc48f4|fabc1cd0-c627-5b27-8a8e-4e3a2f5c8f83|17b885bb-aed7-53b3-90a4-939228914a5e|2167fbc1-efa0-548d-a7a0-78d9aa5ea441|3f83cb1e-71a2-512e-9b47-df4d6316e8e3|81b4cd8a-23f1-576b-9658-5ee38764b242|d108ec47-d7c8-5cbb-a580-16caf6515ed5|62c6a620-45f2-597c-8257-3a9f85e27e2b|26cb861d-e416-5d0d-a726-ab07707cc8d4|57f2423b-1d10-5d34-ab4c-c0cbf8b820b6|ca40d53a-3826-5029-84ec-8ccd1bdc05d2|6fd91589-ae36-559f-995f-242d2df12bfb|45a9c418-15d0-51e4-bd08-b2898c9f5c97|1e98a782-9154-58b9-86ee-8918fa15dc24|785f7de2-52af-586a-9ec8-b90c42215198,70d9449aefd714d4ec19dc5f35eb2bca0e92dc50f60701de1f1e9eccc84357ef,zenit-simulated-feature-snapshot-v1,simulated,False,False,False,False
a1395a1e-fb08-57c1-a586-5e201e6e18ad,046003bd-58ac-5aca-8364-c934ce6319c8,2027-01-11,SP021,195,100,right,30,18.35,17.58,12.53,43.63,5.82,26.2,61.7,12,N2,within,holdout_rehearsal,d9bc3d9f-0a05-5bbc-a5d5-a16e2b26ec5d|53270376-1588-54d4-bab8-8a3864ead3e4|dae6813f-e5c2-54f5-9cb0-027fd070a5a5|b816d9f4-de8a-58cb-86d6-22df3fa9051b|4b963381-9ffe-5a43-9cc0-7ef52584420c|5b923e47-a23a-5bb5-b2a8-0d9b90fa68dc|89eab3ae-f46d-534d-8bf5-39c96f267a60|35053c5a-6480-5a5c-b858-38474d53ee13|2eb882bd-4579-585e-bece-dd43aada6836|2ced60ed-1f11-5711-84e2-d3837afc4b40|49821e24-6018-5dd5-9070-e6db8bf6c3cb|67d5385f-ba92-518c-aea4-8662e301ca17|70133469-9a96-52ed-8e7b-81f5b7ac31ca|0bb2b6e0-0306-5fa6-8560-ced6aa37cda1|bb3a41a3-600e-5a36-89e2-6a7a9307066a,d70e4cab1eef30ba8084c7f9ffb54bad3c2071192b3a3b1bbd78462611f9a476,zenit-simulated-feature-snapshot-v1,simulated,False,False,False,False
a2078981-2017-55e6-bf15-26e8137bdd8f,23232185-5c98-523a-a8a5-d53254b8a0d8,2027-01-11,SP021,195,100,special,10,5.58,5.0,10.1,5.49,4.3,24.5,86.0,1,N1,within,holdout_rehearsal,0590b975-b4ce-5108-b37d-a925c89c0c07|a882fea9-54d2-53b3-a81e-4bcfab2da2de|fd0de9c8-80f9-54d3-bbc6-50e1e4bbcbf2|e7e0bbfe-cf9c-505b-9628-454faed2438b|26b2b562-be96-53aa-b689-503da46074af|0cdb035a-4c85-527f-91a1-f17b70481b3e|0c3bf132-b260-53ae-828f-1c90b87f7d3c|35c5f486-867f-5dae-a626-12b4c39f10e0|a6755609-ee0a-51cf-9dbb-6526e3ae125f|37ab53c6-e34e-50b1-9e82-d208b5da55b6|a38218e5-e450-534f-bb36-70956a860ccf|78fb1530-3fa3-5302-8081-984169405ad9|a0a1be76-1730-5218-8236-7ac4cc4923b9|67478877-da1c-50ce-bb9f-6bd9febc7772|8e0ed8c4-6e6d-5320-b066-3f135e669a5e,feff7bd7c6af047d4c4939914466f978ed60e1e4b230168d44500706b201852d,zenit-simulated-feature-snapshot-v1,simulated,False,False,False,False
a92525e8-2b43-5317-a94a-beca88bf95f3,00cb94fd-970b-5652-b9e8-aa30d6d12bc3,2027-01-12,SP021,195,100,left,30,28.0,27.11,22.38,17.12,5.62,42.4,68.3,26,N2,within,holdout_rehearsal,f4f042dc-bb0f-515c-aafa-88c8f30eb112|bdf8b07c-b664-55d1-bc15-26de238f3518|451c9e51-30e0-5c77-bc15-3cc97be27cc0|090524b5-f8df-5c6b-ad58-82b8eaecef73|0f1f4523-eb2d-518e-86e0-dc6d4aa18310|ae8d601e-7ea3-5b48-89d6-393557957753|52c53424-7404-5710-b86b-d4368401f596|c4cc8c4f-30f3-5cbf-b879-a83a3fe06658|a82fd8c8-7e3a-5d39-b814-4b5e32f595cb|86d0dcb0-bd3e-5bc0-9498-6fe9a23137b1|b010933b-b87c-57e8-b806-59d3e789cf94|66214ebc-926b-5c21-aff6-4f8aeb730301|70caf9b1-bfd7-5812-ab63-a8f87ca76f67|d519c801-8b74-5594-9fc1-a32707ab7d7f|bfd788ae-5394-5d92-a3bd-216933e70254,8038364a13f1d40644b07530641d2006e49248b5a51c82b5e6f44dbc08d393fc,zenit-simulated-feature-snapshot-v1,simulated,False,False,False,False
20ed1112-2d69-56f9-9125-8b49f5992f92,4721c12b-0a1b-5b6a-9fb3-cb0b40d23bfb,2027-01-12,SP021,195,100,median,30,38.74,38.28,33.62,28.8,5.12,47.0,78.6,44,N3,exceeds,holdout_rehearsal,fabc1cd0-c627-5b27-8a8e-4e3a2f5c8f83|17b885bb-aed7-53b3-90a4-939228914a5e|2167fbc1-efa0-548d-a7a0-78d9aa5ea441|3f83cb1e-71a2-512e-9b47-df4d6316e8e3|81b4cd8a-23f1-576b-9658-5ee38764b242|d108ec47-d7c8-5cbb-a580-16caf6515ed5|62c6a620-45f2-597c-8257-3a9f85e27e2b|26cb861d-e416-5d0d-a726-ab07707cc8d4|57f2423b-1d10-5d34-ab4c-c0cbf8b820b6|ca40d53a-3826-5029-84ec-8ccd1bdc05d2|6fd91589-ae36-559f-995f-242d2df12bfb|45a9c418-15d0-51e4-bd08-b2898c9f5c97|1e98a782-9154-58b9-86ee-8918fa15dc24|785f7de2-52af-586a-9ec8-b90c42215198|8657e67c-7777-5b90-b5dc-a4ae3920825d,981f11025b514c3e544e750cd41be5af8ac388d037a3dfcb417c6a61216b5c68,zenit-simulated-feature-snapshot-v1,simulated,False,False,False,False
2e989901-3115-5352-890e-087e7a43e966,046003bd-58ac-5aca-8364-c934ce6319c8,2027-01-12,SP021,195,100,right,30,19.21,18.35,13.22,44.36,5.99,34.4,63.2,13,N2,within,holdout_rehearsal,53270376-1588-54d4-bab8-8a3864ead3e4|dae6813f-e5c2-54f5-9cb0-027fd070a5a5|b816d9f4-de8a-58cb-86d6-22df3fa9051b|4b963381-9ffe-5a43-9cc0-7ef52584420c|5b923e47-a23a-5bb5-b2a8-0d9b90fa68dc|89eab3ae-f46d-534d-8bf5-39c96f267a60|35053c5a-6480-5a5c-b858-38474d53ee13|2eb882bd-4579-585e-bece-dd43aada6836|2ced60ed-1f11-5711-84e2-d3837afc4b40|49821e24-6018-5dd5-9070-e6db8bf6c3cb|67d5385f-ba92-518c-aea4-8662e301ca17|70133469-9a96-52ed-8e7b-81f5b7ac31ca|0bb2b6e0-0306-5fa6-8560-ced6aa37cda1|bb3a41a3-600e-5a36-89e2-6a7a9307066a|3bfd8745-ceef-5a1d-9c5b-18dc2533cc9b,5ba596a7878b69aa7b7f73d00fef2951c0fd3335a58a2a89d77dd7c794f9a20e,zenit-simulated-feature-snapshot-v1,simulated,False,False,False,False
c76658f0-08d8-57fe-ba3f-35189413301a,23232185-5c98-523a-a8a5-d53254b8a0d8,2027-01-12,SP021,195,100,special,10,6.37,5.58,10.61,6.16,4.58,25.3,83.6,2,N1,within,holdout_rehearsal,a882fea9-54d2-53b3-a81e-4bcfab2da2de|fd0de9c8-80f9-54d3-bbc6-50e1e4bbcbf2|e7e0bbfe-cf9c-505b-9628-454faed2438b|26b2b562-be96-53aa-b689-503da46074af|0cdb035a-4c85-527f-91a1-f17b70481b3e|0c3bf132-b260-53ae-828f-1c90b87f7d3c|35c5f486-867f-5dae-a626-12b4c39f10e0|a6755609-ee0a-51cf-9dbb-6526e3ae125f|37ab53c6-e34e-50b1-9e82-d208b5da55b6|a38218e5-e450-534f-bb36-70956a860ccf|78fb1530-3fa3-5302-8081-984169405ad9|a0a1be76-1730-5218-8236-7ac4cc4923b9|67478877-da1c-50ce-bb9f-6bd9febc7772|8e0ed8c4-6e6d-5320-b066-3f135e669a5e|7ea2702a-3e56-552c-bd49-cca1275256a9,4c63c33b656f5e6bd482a38cbe010dace92abddbe7d08fd0a116c4319a050591,zenit-simulated-feature-snapshot-v1,simulated,False,False,False,False
aa5dca2f-c672-5b1b-9e8c-fe63b3f8726a,00cb94fd-970b-5652-b9e8-aa30d6d12bc3,2027-01-13,SP021,195,100,left,30,28.8,28.0,23.13,18.07,5.67,42.4,60.1,27,N2,within,holdout_rehearsal,bdf8b07c-b664-55d1-bc15-26de238f3518|451c9e51-30e0-5c77-bc15-3cc97be27cc0|090524b5-f8df-5c6b-ad58-82b8eaecef73|0f1f4523-eb2d-518e-86e0-dc6d4aa18310|ae8d601e-7ea3-5b48-89d6-393557957753|52c53424-7404-5710-b86b-d4368401f596|c4cc8c4f-30f3-5cbf-b879-a83a3fe06658|a82fd8c8-7e3a-5d39-b814-4b5e32f595cb|86d0dcb0-bd3e-5bc0-9498-6fe9a23137b1|b010933b-b87c-57e8-b806-59d3e789cf94|66214ebc-926b-5c21-aff6-4f8aeb730301|70caf9b1-bfd7-5812-ab63-a8f87ca76f67|d519c801-8b74-5594-9fc1-a32707ab7d7f|bfd788ae-5394-5d92-a3bd-216933e70254|9ba6a7fe-270b-5c91-913b-5bddc5b200cc,fc78c04fd94db103d64c5e0bc6db46ff4e6a3ca5b508f17ad292effa2d98575c,zenit-simulated-feature-snapshot-v1,simulated,False,False,False,False
e589b535-5e4b-5288-abbb-edaea6451009,4721c12b-0a1b-5b6a-9fb3-cb0b40d23bfb,2027-01-13,SP021,195,100,median,30,39.28,38.74,34.45,29.39,4.83,42.1,75.9,45,N3,exceeds,holdout_rehearsal,17b885bb-aed7-53b3-90a4-939228914a5e|2167fbc1-efa0-548d-a7a0-78d9aa5ea441|3f83cb1e-71a2-512e-9b47-df4d6316e8e3|81b4cd8a-23f1-576b-9658-5ee38764b242|d108ec47-d7c8-5cbb-a580-16caf6515ed5|62c6a620-45f2-597c-8257-3a9f85e27e2b|26cb861d-e416-5d0d-a726-ab07707cc8d4|57f2423b-1d10-5d34-ab4c-c0cbf8b820b6|ca40d53a-3826-5029-84ec-8ccd1bdc05d2|6fd91589-ae36-559f-995f-242d2df12bfb|45a9c418-15d0-51e4-bd08-b2898c9f5c97|1e98a782-9154-58b9-86ee-8918fa15dc24|785f7de2-52af-586a-9ec8-b90c42215198|8657e67c-7777-5b90-b5dc-a4ae3920825d|338219be-ec4a-54ee-a06f-f39000e2328b,c1a213f6260474c065ff801b7fb14a4cbeaa0285121814a1475f8f8f5d5365f0,zenit-simulated-feature-snapshot-v1,simulated,False,False,False,False
d6d9c188-48a0-52f8-93b1-ceeb1a8a4425,046003bd-58ac-5aca-8364-c934ce6319c8,2027-01-13,SP021,195,100,right,30,19.97,19.21,14.39,8.0,5.58,26.7,65.9,14,N2,within,holdout_rehearsal,dae6813f-e5c2-54f5-9cb0-027fd070a5a5|b816d9f4-de8a-58cb-86d6-22df3fa9051b|4b963381-9ffe-5a43-9cc0-7ef52584420c|5b923e47-a23a-5bb5-b2a8-0d9b90fa68dc|89eab3ae-f46d-534d-8bf5-39c96f267a60|35053c5a-6480-5a5c-b858-38474d53ee13|2eb882bd-4579-585e-bece-dd43aada6836|2ced60ed-1f11-5711-84e2-d3837afc4b40|49821e24-6018-5dd5-9070-e6db8bf6c3cb|67d5385f-ba92-518c-aea4-8662e301ca17|70133469-9a96-52ed-8e7b-81f5b7ac31ca|0bb2b6e0-0306-5fa6-8560-ced6aa37cda1|bb3a41a3-600e-5a36-89e2-6a7a9307066a|3bfd8745-ceef-5a1d-9c5b-18dc2533cc9b|46e162d4-5596-5459-ab5d-9c7abf7f5118,cca1aa1f11e003b67d07157fa685c9b3f38b240d450f463ce4a1193d41968665,zenit-simulated-feature-snapshot-v1,simulated,False,False,False,False
3d18a406-3662-53e4-8086-2925f504a536,23232185-5c98-523a-a8a5-d53254b8a0d8,2027-01-13,SP021,195,100,special,10,7.14,6.37,11.24,6.89,4.72,25.8,78.9,3,N1,within,holdout_rehearsal,fd0de9c8-80f9-54d3-bbc6-50e1e4bbcbf2|e7e0bbfe-cf9c-505b-9628-454faed2438b|26b2b562-be96-53aa-b689-503da46074af|0cdb035a-4c85-527f-91a1-f17b70481b3e|0c3bf132-b260-53ae-828f-1c90b87f7d3c|35c5f486-867f-5dae-a626-12b4c39f10e0|a6755609-ee0a-51cf-9dbb-6526e3ae125f|37ab53c6-e34e-50b1-9e82-d208b5da55b6|a38218e5-e450-534f-bb36-70956a860ccf|78fb1530-3fa3-5302-8081-984169405ad9|a0a1be76-1730-5218-8236-7ac4cc4923b9|67478877-da1c-50ce-bb9f-6bd9febc7772|8e0ed8c4-6e6d-5320-b066-3f135e669a5e|7ea2702a-3e56-552c-bd49-cca1275256a9|6aa460b2-0e95-5c70-a7e9-cb001113be82,ea1808062e458a176f18208f1cf1d0413a5c69b08c872e7a1e011a14ca9d10b5,zenit-simulated-feature-snapshot-v1,simulated,False,False,False,False
95189658-cf26-5fc2-991e-399f9de12786,00cb94fd-970b-5652-b9e8-aa30d6d12bc3,2027-01-14,SP021,195,100,left,30,29.58,28.8,23.88,18.86,5.7,37.7,63.2,28,N2,within,holdout_rehearsal,451c9e51-30e0-5c77-bc15-3cc97be27cc0|090524b5-f8df-5c6b-ad58-82b8eaecef73|0f1f4523-eb2d-518e-86e0-dc6d4aa18310|ae8d601e-7ea3-5b48-89d6-393557957753|52c53424-7404-5710-b86b-d4368401f596|c4cc8c4f-30f3-5cbf-b879-a83a3fe06658|a82fd8c8-7e3a-5d39-b814-4b5e32f595cb|86d0dcb0-bd3e-5bc0-9498-6fe9a23137b1|b010933b-b87c-57e8-b806-59d3e789cf94|66214ebc-926b-5c21-aff6-4f8aeb730301|70caf9b1-bfd7-5812-ab63-a8f87ca76f67|d519c801-8b74-5594-9fc1-a32707ab7d7f|bfd788ae-5394-5d92-a3bd-216933e70254|9ba6a7fe-270b-5c91-913b-5bddc5b200cc|c260c9b2-ae2f-51d1-b650-834ebd36446e,0e458f6eaafff7be315c6b3ff9f9ea2eae902131b88ac3dfa14b25aaa3adf8ce,zenit-simulated-feature-snapshot-v1,simulated,False,False,False,False
4d2a1c27-fa56-545e-8a3c-cb161f2ad345,4721c12b-0a1b-5b6a-9fb3-cb0b40d23bfb,2027-01-14,SP021,195,100,median,30,39.85,39.28,34.95,30.12,4.9,44.9,81.5,46,N3,exceeds,holdout_rehearsal,2167fbc1-efa0-548d-a7a0-78d9aa5ea441|3f83cb1e-71a2-512e-9b47-df4d6316e8e3|81b4cd8a-23f1-576b-9658-5ee38764b242|d108ec47-d7c8-5cbb-a580-16caf6515ed5|62c6a620-45f2-597c-8257-3a9f85e27e2b|26cb861d-e416-5d0d-a726-ab07707cc8d4|57f2423b-1d10-5d34-ab4c-c0cbf8b820b6|ca40d53a-3826-5029-84ec-8ccd1bdc05d2|6fd91589-ae36-559f-995f-242d2df12bfb|45a9c418-15d0-51e4-bd08-b2898c9f5c97|1e98a782-9154-58b9-86ee-8918fa15dc24|785f7de2-52af-586a-9ec8-b90c42215198|8657e67c-7777-5b90-b5dc-a4ae3920825d|338219be-ec4a-54ee-a06f-f39000e2328b|dcf3e79e-cc8d-51cf-8288-5867a8da1098,b5dc5107aec8d319e829d7b8b70f8a081236b31a8a557a9719e3155d04732004,zenit-simulated-feature-snapshot-v1,simulated,False,False,False,False
9d17fbff-3449-5902-8389-b39515eea4fd,046003bd-58ac-5aca-8364-c934ce6319c8,2027-01-14,SP021,195,100,right,30,21.06,19.97,15.22,8.84,5.84,35.4,70.3,15,N2,within,holdout_rehearsal,b816d9f4-de8a-58cb-86d6-22df3fa9051b|4b963381-9ffe-5a43-9cc0-7ef52584420c|5b923e47-a23a-5bb5-b2a8-0d9b90fa68dc|89eab3ae-f46d-534d-8bf5-39c96f267a60|35053c5a-6480-5a5c-b858-38474d53ee13|2eb882bd-4579-585e-bece-dd43aada6836|2ced60ed-1f11-5711-84e2-d3837afc4b40|49821e24-6018-5dd5-9070-e6db8bf6c3cb|67d5385f-ba92-518c-aea4-8662e301ca17|70133469-9a96-52ed-8e7b-81f5b7ac31ca|0bb2b6e0-0306-5fa6-8560-ced6aa37cda1|bb3a41a3-600e-5a36-89e2-6a7a9307066a|3bfd8745-ceef-5a1d-9c5b-18dc2533cc9b|46e162d4-5596-5459-ab5d-9c7abf7f5118|e91a749b-deb1-5000-a325-ebd0dd2976ff,b65e3cb8c032fd731b6dcebbc2a896a94d849df8c7dd7b295c4a5a762cd0ca90,zenit-simulated-feature-snapshot-v1,simulated,False,False,False,False
bc949d60-f131-5b5f-8732-de8010521c8e,23232185-5c98-523a-a8a5-d53254b8a0d8,2027-01-14,SP021,195,100,special,10,7.7,7.14,11.98,7.64,4.54,21.1,74.4,4,N1,within,holdout_rehearsal,e7e0bbfe-cf9c-505b-9628-454faed2438b|26b2b562-be96-53aa-b689-503da46074af|0cdb035a-4c85-527f-91a1-f17b70481b3e|0c3bf132-b260-53ae-828f-1c90b87f7d3c|35c5f486-867f-5dae-a626-12b4c39f10e0|a6755609-ee0a-51cf-9dbb-6526e3ae125f|37ab53c6-e34e-50b1-9e82-d208b5da55b6|a38218e5-e450-534f-bb36-70956a860ccf|78fb1530-3fa3-5302-8081-984169405ad9|a0a1be76-1730-5218-8236-7ac4cc4923b9|67478877-da1c-50ce-bb9f-6bd9febc7772|8e0ed8c4-6e6d-5320-b066-3f135e669a5e|7ea2702a-3e56-552c-bd49-cca1275256a9|6aa460b2-0e95-5c70-a7e9-cb001113be82|5295a322-bc22-5afe-8321-021804230902,aecaf8bda0a615092cc5909938acda1240d1d3e8b827b82115b629ab1ad9b4bf,zenit-simulated-feature-snapshot-v1,simulated,False,False,False,False
c98fceda-a0bc-5257-90c7-4f8c033c476f,00cb94fd-970b-5652-b9e8-aa30d6d12bc3,2027-01-15,SP021,195,100,left,30,30.33,29.58,24.65,19.59,5.68,40.6,67.1,29,N3,exceeds,holdout_rehearsal,090524b5-f8df-5c6b-ad58-82b8eaecef73|0f1f4523-eb2d-518e-86e0-dc6d4aa18310|ae8d601e-7ea3-5b48-89d6-393557957753|52c53424-7404-5710-b86b-d4368401f596|c4cc8c4f-30f3-5cbf-b879-a83a3fe06658|a82fd8c8-7e3a-5d39-b814-4b5e32f595cb|86d0dcb0-bd3e-5bc0-9498-6fe9a23137b1|b010933b-b87c-57e8-b806-59d3e789cf94|66214ebc-926b-5c21-aff6-4f8aeb730301|70caf9b1-bfd7-5812-ab63-a8f87ca76f67|d519c801-8b74-5594-9fc1-a32707ab7d7f|bfd788ae-5394-5d92-a3bd-216933e70254|9ba6a7fe-270b-5c91-913b-5bddc5b200cc|c260c9b2-ae2f-51d1-b650-834ebd36446e|76deb6ed-54e3-5703-b6da-041ce9d44a1a,09024ff54e38e58eff4483f464f4676a411359001bb60f6197907e1dff3d217c,zenit-simulated-feature-snapshot-v1,simulated,False,False,False,False
475d50af-89c1-5985-a68c-10a9d2daed84,4721c12b-0a1b-5b6a-9fb3-cb0b40d23bfb,2027-01-15,SP021,195,100,median,30,40.32,39.85,35.81,30.77,4.51,35.3,77.5,47,N3,exceeds,holdout_rehearsal,3f83cb1e-71a2-512e-9b47-df4d6316e8e3|81b4cd8a-23f1-576b-9658-5ee38764b242|d108ec47-d7c8-5cbb-a580-16caf6515ed5|62c6a620-45f2-597c-8257-3a9f85e27e2b|26cb861d-e416-5d0d-a726-ab07707cc8d4|57f2423b-1d10-5d34-ab4c-c0cbf8b820b6|ca40d53a-3826-5029-84ec-8ccd1bdc05d2|6fd91589-ae36-559f-995f-242d2df12bfb|45a9c418-15d0-51e4-bd08-b2898c9f5c97|1e98a782-9154-58b9-86ee-8918fa15dc24|785f7de2-52af-586a-9ec8-b90c42215198|8657e67c-7777-5b90-b5dc-a4ae3920825d|338219be-ec4a-54ee-a06f-f39000e2328b|dcf3e79e-cc8d-51cf-8288-5867a8da1098|856fb080-2bad-55d4-b6b6-8febfb70e707,69a65505dee19740ed80f986fa637c1282adbc7b3ac5dc37b49dc924109ced85,zenit-simulated-feature-snapshot-v1,simulated,False,False,False,False
a9094f8a-18ab-5e5b-9efe-a67cdd95f85f,046003bd-58ac-5aca-8364-c934ce6319c8,2027-01-15,SP021,195,100,right,30,21.95,21.06,16.03,9.87,5.92,36.3,64.4,16,N2,within,holdout_rehearsal,4b963381-9ffe-5a43-9cc0-7ef52584420c|5b923e47-a23a-5bb5-b2a8-0d9b90fa68dc|89eab3ae-f46d-534d-8bf5-39c96f267a60|35053c5a-6480-5a5c-b858-38474d53ee13|2eb882bd-4579-585e-bece-dd43aada6836|2ced60ed-1f11-5711-84e2-d3837afc4b40|49821e24-6018-5dd5-9070-e6db8bf6c3cb|67d5385f-ba92-518c-aea4-8662e301ca17|70133469-9a96-52ed-8e7b-81f5b7ac31ca|0bb2b6e0-0306-5fa6-8560-ced6aa37cda1|bb3a41a3-600e-5a36-89e2-6a7a9307066a|3bfd8745-ceef-5a1d-9c5b-18dc2533cc9b|46e162d4-5596-5459-ab5d-9c7abf7f5118|e91a749b-deb1-5000-a325-ebd0dd2976ff|5e049d69-989e-5f99-907a-d71332458b5a,99449efbb85ff736514b0fdb6f4333783ebc76971480740e26629e5505b10303,zenit-simulated-feature-snapshot-v1,simulated,False,False,False,False
e81c1ba3-382a-54a0-bfdd-f09e86cdf279,23232185-5c98-523a-a8a5-d53254b8a0d8,2027-01-15,SP021,195,100,special,10,8.42,7.7,12.5,8.33,4.74,29.0,76.2,5,N1,within,holdout_rehearsal,26b2b562-be96-53aa-b689-503da46074af|0cdb035a-4c85-527f-91a1-f17b70481b3e|0c3bf132-b260-53ae-828f-1c90b87f7d3c|35c5f486-867f-5dae-a626-12b4c39f10e0|a6755609-ee0a-51cf-9dbb-6526e3ae125f|37ab53c6-e34e-50b1-9e82-d208b5da55b6|a38218e5-e450-534f-bb36-70956a860ccf|78fb1530-3fa3-5302-8081-984169405ad9|a0a1be76-1730-5218-8236-7ac4cc4923b9|67478877-da1c-50ce-bb9f-6bd9febc7772|8e0ed8c4-6e6d-5320-b066-3f135e669a5e|7ea2702a-3e56-552c-bd49-cca1275256a9|6aa460b2-0e95-5c70-a7e9-cb001113be82|5295a322-bc22-5afe-8321-021804230902|9a53d5f4-43d5-5811-8b06-f56bbf99e428,9fa3c468af32718bc310c3834ee7cda8927a27e5eafc9b36c2bd8073ca94b28d,zenit-simulated-feature-snapshot-v1,simulated,False,False,False,False
34f85511-ed38-5b81-9831-a5ac9d2b2835,00cb94fd-970b-5652-b9e8-aa30d6d12bc3,2027-01-16,SP021,195,100,left,30,31.0,30.33,25.53,20.25,5.47,34.3,72.0,30,N3,exceeds,holdout_rehearsal,0f1f4523-eb2d-518e-86e0-dc6d4aa18310|ae8d601e-7ea3-5b48-89d6-393557957753|52c53424-7404-5710-b86b-d4368401f596|c4cc8c4f-30f3-5cbf-b879-a83a3fe06658|a82fd8c8-7e3a-5d39-b814-4b5e32f595cb|86d0dcb0-bd3e-5bc0-9498-6fe9a23137b1|b010933b-b87c-57e8-b806-59d3e789cf94|66214ebc-926b-5c21-aff6-4f8aeb730301|70caf9b1-bfd7-5812-ab63-a8f87ca76f67|d519c801-8b74-5594-9fc1-a32707ab7d7f|bfd788ae-5394-5d92-a3bd-216933e70254|9ba6a7fe-270b-5c91-913b-5bddc5b200cc|c260c9b2-ae2f-51d1-b650-834ebd36446e|76deb6ed-54e3-5703-b6da-041ce9d44a1a|1e428ec3-0340-536f-82a7-8c33b0a1674b,c829a7576c9452748142ccb0aee35b19402b569fd43af48669585af8e3f61201,zenit-simulated-feature-snapshot-v1,simulated,False,False,False,False
c3f23ce9-8ded-544e-8d1b-af9ced28e75e,4721c12b-0a1b-5b6a-9fb3-cb0b40d23bfb,2027-01-16,SP021,195,100,median,30,41.43,40.32,36.65,31.69,4.78,42.6,80.4,48,N3,exceeds,holdout_rehearsal,81b4cd8a-23f1-576b-9658-5ee38764b242|d108ec47-d7c8-5cbb-a580-16caf6515ed5|62c6a620-45f2-597c-8257-3a9f85e27e2b|26cb861d-e416-5d0d-a726-ab07707cc8d4|57f2423b-1d10-5d34-ab4c-c0cbf8b820b6|ca40d53a-3826-5029-84ec-8ccd1bdc05d2|6fd91589-ae36-559f-995f-242d2df12bfb|45a9c418-15d0-51e4-bd08-b2898c9f5c97|1e98a782-9154-58b9-86ee-8918fa15dc24|785f7de2-52af-586a-9ec8-b90c42215198|8657e67c-7777-5b90-b5dc-a4ae3920825d|338219be-ec4a-54ee-a06f-f39000e2328b|dcf3e79e-cc8d-51cf-8288-5867a8da1098|856fb080-2bad-55d4-b6b6-8febfb70e707|9b76b891-7e20-5c3b-8b49-c3aa5d82f060,aec1541b7fb1cf286089a6a0d40c1e13945fe2f0b39413d211d0772664e04da4,zenit-simulated-feature-snapshot-v1,simulated,False,False,False,False
f52cc6cb-7297-51e9-95a7-f4490b493170,046003bd-58ac-5aca-8364-c934ce6319c8,2027-01-16,SP021,195,100,right,30,22.54,21.95,16.74,10.89,5.8,31.2,57.4,17,N2,within,holdout_rehearsal,5b923e47-a23a-5bb5-b2a8-0d9b90fa68dc|89eab3ae-f46d-534d-8bf5-39c96f267a60|35053c5a-6480-5a5c-b858-38474d53ee13|2eb882bd-4579-585e-bece-dd43aada6836|2ced60ed-1f11-5711-84e2-d3837afc4b40|49821e24-6018-5dd5-9070-e6db8bf6c3cb|67d5385f-ba92-518c-aea4-8662e301ca17|70133469-9a96-52ed-8e7b-81f5b7ac31ca|0bb2b6e0-0306-5fa6-8560-ced6aa37cda1|bb3a41a3-600e-5a36-89e2-6a7a9307066a|3bfd8745-ceef-5a1d-9c5b-18dc2533cc9b|46e162d4-5596-5459-ab5d-9c7abf7f5118|e91a749b-deb1-5000-a325-ebd0dd2976ff|5e049d69-989e-5f99-907a-d71332458b5a|5b2ddb0b-b53f-56e3-bd45-f1a5534a03a4,692011465552765875d3751fd7828c5a69aef500d83c5b1facf4fbe8ef900342,zenit-simulated-feature-snapshot-v1,simulated,False,False,False,False
51116ae8-515e-5a81-a4be-e331511ea897,23232185-5c98-523a-a8a5-d53254b8a0d8,2027-01-16,SP021,195,100,special,10,8.99,8.42,13.18,8.99,4.63,33.4,72.6,6,N1,within,holdout_rehearsal,0cdb035a-4c85-527f-91a1-f17b70481b3e|0c3bf132-b260-53ae-828f-1c90b87f7d3c|35c5f486-867f-5dae-a626-12b4c39f10e0|a6755609-ee0a-51cf-9dbb-6526e3ae125f|37ab53c6-e34e-50b1-9e82-d208b5da55b6|a38218e5-e450-534f-bb36-70956a860ccf|78fb1530-3fa3-5302-8081-984169405ad9|a0a1be76-1730-5218-8236-7ac4cc4923b9|67478877-da1c-50ce-bb9f-6bd9febc7772|8e0ed8c4-6e6d-5320-b066-3f135e669a5e|7ea2702a-3e56-552c-bd49-cca1275256a9|6aa460b2-0e95-5c70-a7e9-cb001113be82|5295a322-bc22-5afe-8321-021804230902|9a53d5f4-43d5-5811-8b06-f56bbf99e428|1048fe10-d78a-59db-8c42-65833ffbf735,005b0c7497575e182561300c9cb6b44afde1ef44db327714b1832152862d639b,zenit-simulated-feature-snapshot-v1,simulated,False,False,False,False
52835cff-78ed-54f6-9396-e966618f510d,00cb94fd-970b-5652-b9e8-aa30d6d12bc3,2027-01-17,SP021,195,100,left,30,31.69,31.0,26.35,20.79,5.34,26.9,72.0,31,N3,exceeds,holdout_rehearsal,ae8d601e-7ea3-5b48-89d6-393557957753|52c53424-7404-5710-b86b-d4368401f596|c4cc8c4f-30f3-5cbf-b879-a83a3fe06658|a82fd8c8-7e3a-5d39-b814-4b5e32f595cb|86d0dcb0-bd3e-5bc0-9498-6fe9a23137b1|b010933b-b87c-57e8-b806-59d3e789cf94|66214ebc-926b-5c21-aff6-4f8aeb730301|70caf9b1-bfd7-5812-ab63-a8f87ca76f67|d519c801-8b74-5594-9fc1-a32707ab7d7f|bfd788ae-5394-5d92-a3bd-216933e70254|9ba6a7fe-270b-5c91-913b-5bddc5b200cc|c260c9b2-ae2f-51d1-b650-834ebd36446e|76deb6ed-54e3-5703-b6da-041ce9d44a1a|1e428ec3-0340-536f-82a7-8c33b0a1674b|1e11950a-959a-5459-9328-3716a73af7bd,73f5fcfee6b5742624c0f50f1c9fd9b001f705bbfa9f98ae780ede8e8839f78b,zenit-simulated-feature-snapshot-v1,simulated,False,False,False,False
16986098-48b1-56e0-bc2e-5a639cf43003,4721c12b-0a1b-5b6a-9fb3-cb0b40d23bfb,2027-01-17,SP021,195,100,median,30,42.18,41.43,37.55,32.27,4.63,38.8,82.1,49,N3,exceeds,holdout_rehearsal,d108ec47-d7c8-5cbb-a580-16caf6515ed5|62c6a620-45f2-597c-8257-3a9f85e27e2b|26cb861d-e416-5d0d-a726-ab07707cc8d4|57f2423b-1d10-5d34-ab4c-c0cbf8b820b6|ca40d53a-3826-5029-84ec-8ccd1bdc05d2|6fd91589-ae36-559f-995f-242d2df12bfb|45a9c418-15d0-51e4-bd08-b2898c9f5c97|1e98a782-9154-58b9-86ee-8918fa15dc24|785f7de2-52af-586a-9ec8-b90c42215198|8657e67c-7777-5b90-b5dc-a4ae3920825d|338219be-ec4a-54ee-a06f-f39000e2328b|dcf3e79e-cc8d-51cf-8288-5867a8da1098|856fb080-2bad-55d4-b6b6-8febfb70e707|9b76b891-7e20-5c3b-8b49-c3aa5d82f060|b2d3e9bc-6040-527a-ae41-040b21435e9c,7994c08a74c722bc018d43bb03103df266b909ab331eff2922405aef7d639a04,zenit-simulated-feature-snapshot-v1,simulated,False,False,False,False
2f8de3c9-2ae1-5ce7-b1df-71daf79fd3db,046003bd-58ac-5aca-8364-c934ce6319c8,2027-01-17,SP021,195,100,right,30,23.42,22.54,17.58,11.83,5.84,32.6,52.5,18,N2,within,holdout_rehearsal,89eab3ae-f46d-534d-8bf5-39c96f267a60|35053c5a-6480-5a5c-b858-38474d53ee13|2eb882bd-4579-585e-bece-dd43aada6836|2ced60ed-1f11-5711-84e2-d3837afc4b40|49821e24-6018-5dd5-9070-e6db8bf6c3cb|67d5385f-ba92-518c-aea4-8662e301ca17|70133469-9a96-52ed-8e7b-81f5b7ac31ca|0bb2b6e0-0306-5fa6-8560-ced6aa37cda1|bb3a41a3-600e-5a36-89e2-6a7a9307066a|3bfd8745-ceef-5a1d-9c5b-18dc2533cc9b|46e162d4-5596-5459-ab5d-9c7abf7f5118|e91a749b-deb1-5000-a325-ebd0dd2976ff|5e049d69-989e-5f99-907a-d71332458b5a|5b2ddb0b-b53f-56e3-bd45-f1a5534a03a4|6d322b3a-681d-529c-ba5c-90ae575a31f8,2d6f7bb0ffa14f1801ff79162cc248de2849e6fd953c21faf977af77c68b97e2,zenit-simulated-feature-snapshot-v1,simulated,False,False,False,False
39e925b9-7098-52c6-9dab-ddabeeb0dbf7,23232185-5c98-523a-a8a5-d53254b8a0d8,2027-01-17,SP021,195,100,special,10,9.63,8.99,5.0,9.62,4.63,38.1,65.8,7,N1,within,holdout_rehearsal,0c3bf132-b260-53ae-828f-1c90b87f7d3c|35c5f486-867f-5dae-a626-12b4c39f10e0|a6755609-ee0a-51cf-9dbb-6526e3ae125f|37ab53c6-e34e-50b1-9e82-d208b5da55b6|a38218e5-e450-534f-bb36-70956a860ccf|78fb1530-3fa3-5302-8081-984169405ad9|a0a1be76-1730-5218-8236-7ac4cc4923b9|67478877-da1c-50ce-bb9f-6bd9febc7772|8e0ed8c4-6e6d-5320-b066-3f135e669a5e|7ea2702a-3e56-552c-bd49-cca1275256a9|6aa460b2-0e95-5c70-a7e9-cb001113be82|5295a322-bc22-5afe-8321-021804230902|9a53d5f4-43d5-5811-8b06-f56bbf99e428|1048fe10-d78a-59db-8c42-65833ffbf735|7ae5d39b-c013-5c97-86af-bb334ccb1241,b0dd485ebb4ab381e72bb01d2b26e1ca86e0fc84612464ae5eac2110a099b85b,zenit-simulated-feature-snapshot-v1,simulated,False,False,False,False
c65407ef-4a8f-5672-8a4f-9991a76af9f4,00cb94fd-970b-5652-b9e8-aa30d6d12bc3,2027-01-18,SP021,195,100,left,30,32.32,31.69,27.11,21.37,5.21,26.5,72.0,32,N3,exceeds,holdout_rehearsal,52c53424-7404-5710-b86b-d4368401f596|c4cc8c4f-30f3-5cbf-b879-a83a3fe06658|a82fd8c8-7e3a-5d39-b814-4b5e32f595cb|86d0dcb0-bd3e-5bc0-9498-6fe9a23137b1|b010933b-b87c-57e8-b806-59d3e789cf94|66214ebc-926b-5c21-aff6-4f8aeb730301|70caf9b1-bfd7-5812-ab63-a8f87ca76f67|d519c801-8b74-5594-9fc1-a32707ab7d7f|bfd788ae-5394-5d92-a3bd-216933e70254|9ba6a7fe-270b-5c91-913b-5bddc5b200cc|c260c9b2-ae2f-51d1-b650-834ebd36446e|76deb6ed-54e3-5703-b6da-041ce9d44a1a|1e428ec3-0340-536f-82a7-8c33b0a1674b|1e11950a-959a-5459-9328-3716a73af7bd|75165aa0-e178-5409-8549-75141c2087cf,9417ebca558805db6b49b8fced4947113d54c2b5b092f362cd0a8d41da1f1d4f,zenit-simulated-feature-snapshot-v1,simulated,False,False,False,False
12d5e71d-4e1a-598e-94b5-008ab440fd5f,4721c12b-0a1b-5b6a-9fb3-cb0b40d23bfb,2027-01-18,SP021,195,100,median,30,8.0,42.18,38.28,32.84,4.63,38.0,89.6,0,N1,within,holdout_rehearsal,62c6a620-45f2-597c-8257-3a9f85e27e2b|26cb861d-e416-5d0d-a726-ab07707cc8d4|57f2423b-1d10-5d34-ab4c-c0cbf8b820b6|ca40d53a-3826-5029-84ec-8ccd1bdc05d2|6fd91589-ae36-559f-995f-242d2df12bfb|45a9c418-15d0-51e4-bd08-b2898c9f5c97|1e98a782-9154-58b9-86ee-8918fa15dc24|785f7de2-52af-586a-9ec8-b90c42215198|8657e67c-7777-5b90-b5dc-a4ae3920825d|338219be-ec4a-54ee-a06f-f39000e2328b|dcf3e79e-cc8d-51cf-8288-5867a8da1098|856fb080-2bad-55d4-b6b6-8febfb70e707|9b76b891-7e20-5c3b-8b49-c3aa5d82f060|b2d3e9bc-6040-527a-ae41-040b21435e9c|e11ec421-2443-5dd6-9b30-a93d747eecfc,684f83cdc68854890ac1c74a0cc238f15cc5f0632c1a2762e3632198f8621bd8,zenit-simulated-feature-snapshot-v1,simulated,False,False,False,False
cadd67e5-33e4-5ee5-bfc0-ec88ea05e425,046003bd-58ac-5aca-8364-c934ce6319c8,2027-01-18,SP021,195,100,right,30,24.32,23.42,18.35,12.53,5.97,28.0,54.2,19,N2,within,holdout_rehearsal,35053c5a-6480-5a5c-b858-38474d53ee13|2eb882bd-4579-585e-bece-dd43aada6836|2ced60ed-1f11-5711-84e2-d3837afc4b40|49821e24-6018-5dd5-9070-e6db8bf6c3cb|67d5385f-ba92-518c-aea4-8662e301ca17|70133469-9a96-52ed-8e7b-81f5b7ac31ca|0bb2b6e0-0306-5fa6-8560-ced6aa37cda1|bb3a41a3-600e-5a36-89e2-6a7a9307066a|3bfd8745-ceef-5a1d-9c5b-18dc2533cc9b|46e162d4-5596-5459-ab5d-9c7abf7f5118|e91a749b-deb1-5000-a325-ebd0dd2976ff|5e049d69-989e-5f99-907a-d71332458b5a|5b2ddb0b-b53f-56e3-bd45-f1a5534a03a4|6d322b3a-681d-529c-ba5c-90ae575a31f8|3530d0aa-2767-5c6b-bd06-c19bdc44baf6,435fb4c97576b46ae1840ce9b1718c9449ca4ce8d7f41cb0934e27cb2200d816,zenit-simulated-feature-snapshot-v1,simulated,False,False,False,False
2df8c3b8-2c92-5042-a17d-6e2cf26f147a,23232185-5c98-523a-a8a5-d53254b8a0d8,2027-01-18,SP021,195,100,special,10,10.2,9.63,5.58,10.1,4.62,38.2,62.7,8,N2,exceeds,holdout_rehearsal,35c5f486-867f-5dae-a626-12b4c39f10e0|a6755609-ee0a-51cf-9dbb-6526e3ae125f|37ab53c6-e34e-50b1-9e82-d208b5da55b6|a38218e5-e450-534f-bb36-70956a860ccf|78fb1530-3fa3-5302-8081-984169405ad9|a0a1be76-1730-5218-8236-7ac4cc4923b9|67478877-da1c-50ce-bb9f-6bd9febc7772|8e0ed8c4-6e6d-5320-b066-3f135e669a5e|7ea2702a-3e56-552c-bd49-cca1275256a9|6aa460b2-0e95-5c70-a7e9-cb001113be82|5295a322-bc22-5afe-8321-021804230902|9a53d5f4-43d5-5811-8b06-f56bbf99e428|1048fe10-d78a-59db-8c42-65833ffbf735|7ae5d39b-c013-5c97-86af-bb334ccb1241|ac74eac2-a226-5b22-9def-cfec534f0242,f8a914ba2a51357adc9f6fa40b25e042a82937c0d026388b4e6d63be39319b93,zenit-simulated-feature-snapshot-v1,simulated,False,False,False,False
1e2e5c22-e66d-593d-bfc1-24e26c074fe9,00cb94fd-970b-5652-b9e8-aa30d6d12bc3,2027-01-19,SP021,195,100,left,30,33.19,32.32,28.0,22.38,5.19,20.9,63.3,33,N3,exceeds,holdout_rehearsal,c4cc8c4f-30f3-5cbf-b879-a83a3fe06658|a82fd8c8-7e3a-5d39-b814-4b5e32f595cb|86d0dcb0-bd3e-5bc0-9498-6fe9a23137b1|b010933b-b87c-57e8-b806-59d3e789cf94|66214ebc-926b-5c21-aff6-4f8aeb730301|70caf9b1-bfd7-5812-ab63-a8f87ca76f67|d519c801-8b74-5594-9fc1-a32707ab7d7f|bfd788ae-5394-5d92-a3bd-216933e70254|9ba6a7fe-270b-5c91-913b-5bddc5b200cc|c260c9b2-ae2f-51d1-b650-834ebd36446e|76deb6ed-54e3-5703-b6da-041ce9d44a1a|1e428ec3-0340-536f-82a7-8c33b0a1674b|1e11950a-959a-5459-9328-3716a73af7bd|75165aa0-e178-5409-8549-75141c2087cf|6e9ae0f7-425f-5e10-8c72-564f449bd202,d20b6ce2458e5c1f0f96ddc19bbfe0d9f46db06994d6ea4d9e638f65d0d04a74,zenit-simulated-feature-snapshot-v1,simulated,False,False,False,False
f89e6c0a-bfb6-5d01-b0f0-bc4940e553a8,4721c12b-0a1b-5b6a-9fb3-cb0b40d23bfb,2027-01-19,SP021,195,100,median,30,8.77,8.0,38.74,33.62,4.94,48.0,95.0,1,N1,within,holdout_rehearsal,26cb861d-e416-5d0d-a726-ab07707cc8d4|57f2423b-1d10-5d34-ab4c-c0cbf8b820b6|ca40d53a-3826-5029-84ec-8ccd1bdc05d2|6fd91589-ae36-559f-995f-242d2df12bfb|45a9c418-15d0-51e4-bd08-b2898c9f5c97|1e98a782-9154-58b9-86ee-8918fa15dc24|785f7de2-52af-586a-9ec8-b90c42215198|8657e67c-7777-5b90-b5dc-a4ae3920825d|338219be-ec4a-54ee-a06f-f39000e2328b|dcf3e79e-cc8d-51cf-8288-5867a8da1098|856fb080-2bad-55d4-b6b6-8febfb70e707|9b76b891-7e20-5c3b-8b49-c3aa5d82f060|b2d3e9bc-6040-527a-ae41-040b21435e9c|e11ec421-2443-5dd6-9b30-a93d747eecfc|9f1c9f9c-4de3-5049-a8f6-ef8207f81bfc,0fe3abf040f1afb75dd318b6b432ce902d06bc9edead84654a2e6d51c36e4089,zenit-simulated-feature-snapshot-v1,simulated,False,False,False,False
de4937dc-f84c-5352-9b1d-3c9284187f18,046003bd-58ac-5aca-8364-c934ce6319c8,2027-01-19,SP021,195,100,right,30,25.21,24.32,19.21,13.22,6.0,27.9,62.3,20,N2,within,holdout_rehearsal,2eb882bd-4579-585e-bece-dd43aada6836|2ced60ed-1f11-5711-84e2-d3837afc4b40|49821e24-6018-5dd5-9070-e6db8bf6c3cb|67d5385f-ba92-518c-aea4-8662e301ca17|70133469-9a96-52ed-8e7b-81f5b7ac31ca|0bb2b6e0-0306-5fa6-8560-ced6aa37cda1|bb3a41a3-600e-5a36-89e2-6a7a9307066a|3bfd8745-ceef-5a1d-9c5b-18dc2533cc9b|46e162d4-5596-5459-ab5d-9c7abf7f5118|e91a749b-deb1-5000-a325-ebd0dd2976ff|5e049d69-989e-5f99-907a-d71332458b5a|5b2ddb0b-b53f-56e3-bd45-f1a5534a03a4|6d322b3a-681d-529c-ba5c-90ae575a31f8|3530d0aa-2767-5c6b-bd06-c19bdc44baf6|08657224-e115-5e1a-918c-e0e01e8611c3,89e1cc759bf5257b0fc4e4ed12b7aed2adba77a537ccfc7439ef7ef6f299962b,zenit-simulated-feature-snapshot-v1,simulated,False,False,False,False
9e814782-f9e4-50af-b775-2e7078f52c5b,23232185-5c98-523a-a8a5-d53254b8a0d8,2027-01-19,SP021,195,100,special,10,10.53,10.2,6.37,10.61,4.16,30.4,55.7,9,N2,exceeds,holdout_rehearsal,a6755609-ee0a-51cf-9dbb-6526e3ae125f|37ab53c6-e34e-50b1-9e82-d208b5da55b6|a38218e5-e450-534f-bb36-70956a860ccf|78fb1530-3fa3-5302-8081-984169405ad9|a0a1be76-1730-5218-8236-7ac4cc4923b9|67478877-da1c-50ce-bb9f-6bd9febc7772|8e0ed8c4-6e6d-5320-b066-3f135e669a5e|7ea2702a-3e56-552c-bd49-cca1275256a9|6aa460b2-0e95-5c70-a7e9-cb001113be82|5295a322-bc22-5afe-8321-021804230902|9a53d5f4-43d5-5811-8b06-f56bbf99e428|1048fe10-d78a-59db-8c42-65833ffbf735|7ae5d39b-c013-5c97-86af-bb334ccb1241|ac74eac2-a226-5b22-9def-cfec534f0242|80fade0c-9437-5391-b0b3-6c00c7db8ee3,9c49d0c79de373e9e94b02e59c5f30c773a2b9b3000af334fc262010b2f92ad3,zenit-simulated-feature-snapshot-v1,simulated,False,False,False,False
da0f2811-40f7-5aa4-a87b-eaefe441b993,00cb94fd-970b-5652-b9e8-aa30d6d12bc3,2027-01-20,SP021,195,100,left,30,34.18,33.19,28.8,23.13,5.38,26.8,69.2,34,N3,exceeds,holdout_rehearsal,a82fd8c8-7e3a-5d39-b814-4b5e32f595cb|86d0dcb0-bd3e-5bc0-9498-6fe9a23137b1|b010933b-b87c-57e8-b806-59d3e789cf94|66214ebc-926b-5c21-aff6-4f8aeb730301|70caf9b1-bfd7-5812-ab63-a8f87ca76f67|d519c801-8b74-5594-9fc1-a32707ab7d7f|bfd788ae-5394-5d92-a3bd-216933e70254|9ba6a7fe-270b-5c91-913b-5bddc5b200cc|c260c9b2-ae2f-51d1-b650-834ebd36446e|76deb6ed-54e3-5703-b6da-041ce9d44a1a|1e428ec3-0340-536f-82a7-8c33b0a1674b|1e11950a-959a-5459-9328-3716a73af7bd|75165aa0-e178-5409-8549-75141c2087cf|6e9ae0f7-425f-5e10-8c72-564f449bd202|96e06334-4dfc-598b-9650-04d8138f7b06,4a0156c342215df6a4ada04eeb9252699642346bb10e872e6e7801072f2a2068,zenit-simulated-feature-snapshot-v1,simulated,False,False,False,False
2bba1a96-4f2c-5d16-afef-34f6f0fa6833,4721c12b-0a1b-5b6a-9fb3-cb0b40d23bfb,2027-01-20,SP021,195,100,median,30,9.61,8.77,39.28,34.45,5.24,52.9,95.0,2,N1,within,holdout_rehearsal,57f2423b-1d10-5d34-ab4c-c0cbf8b820b6|ca40d53a-3826-5029-84ec-8ccd1bdc05d2|6fd91589-ae36-559f-995f-242d2df12bfb|45a9c418-15d0-51e4-bd08-b2898c9f5c97|1e98a782-9154-58b9-86ee-8918fa15dc24|785f7de2-52af-586a-9ec8-b90c42215198|8657e67c-7777-5b90-b5dc-a4ae3920825d|338219be-ec4a-54ee-a06f-f39000e2328b|dcf3e79e-cc8d-51cf-8288-5867a8da1098|856fb080-2bad-55d4-b6b6-8febfb70e707|9b76b891-7e20-5c3b-8b49-c3aa5d82f060|b2d3e9bc-6040-527a-ae41-040b21435e9c|e11ec421-2443-5dd6-9b30-a93d747eecfc|9f1c9f9c-4de3-5049-a8f6-ef8207f81bfc|0700ed60-56f2-5c5c-96c7-d081d477b532,eef3d95dc85edc79e48b8199b351bd5041a4482381e529a03046b4e9d6058f56,zenit-simulated-feature-snapshot-v1,simulated,False,False,False,False
cca82d6e-8057-54ab-9df1-b30d4a16fa23,046003bd-58ac-5aca-8364-c934ce6319c8,2027-01-20,SP021,195,100,right,30,26.17,25.21,19.97,14.39,6.2,27.0,53.7,21,N2,within,holdout_rehearsal,2ced60ed-1f11-5711-84e2-d3837afc4b40|49821e24-6018-5dd5-9070-e6db8bf6c3cb|67d5385f-ba92-518c-aea4-8662e301ca17|70133469-9a96-52ed-8e7b-81f5b7ac31ca|0bb2b6e0-0306-5fa6-8560-ced6aa37cda1|bb3a41a3-600e-5a36-89e2-6a7a9307066a|3bfd8745-ceef-5a1d-9c5b-18dc2533cc9b|46e162d4-5596-5459-ab5d-9c7abf7f5118|e91a749b-deb1-5000-a325-ebd0dd2976ff|5e049d69-989e-5f99-907a-d71332458b5a|5b2ddb0b-b53f-56e3-bd45-f1a5534a03a4|6d322b3a-681d-529c-ba5c-90ae575a31f8|3530d0aa-2767-5c6b-bd06-c19bdc44baf6|08657224-e115-5e1a-918c-e0e01e8611c3|6fb4a373-5ca5-5824-87e6-6f360a74588c,4e9e07d471cf2d44b5f99fd53dff8f8518734d464e0373ec9da7cea25e51e490,zenit-simulated-feature-snapshot-v1,simulated,False,False,False,False
d06ba046-edcb-5516-a55a-c03a9f3234ab,23232185-5c98-523a-a8a5-d53254b8a0d8,2027-01-20,SP021,195,100,special,10,11.4,10.53,7.14,11.24,4.26,34.4,60.2,10,N2,exceeds,holdout_rehearsal,37ab53c6-e34e-50b1-9e82-d208b5da55b6|a38218e5-e450-534f-bb36-70956a860ccf|78fb1530-3fa3-5302-8081-984169405ad9|a0a1be76-1730-5218-8236-7ac4cc4923b9|67478877-da1c-50ce-bb9f-6bd9febc7772|8e0ed8c4-6e6d-5320-b066-3f135e669a5e|7ea2702a-3e56-552c-bd49-cca1275256a9|6aa460b2-0e95-5c70-a7e9-cb001113be82|5295a322-bc22-5afe-8321-021804230902|9a53d5f4-43d5-5811-8b06-f56bbf99e428|1048fe10-d78a-59db-8c42-65833ffbf735|7ae5d39b-c013-5c97-86af-bb334ccb1241|ac74eac2-a226-5b22-9def-cfec534f0242|80fade0c-9437-5391-b0b3-6c00c7db8ee3|7bcd14e8-55b4-56d4-af68-5be451447e13,44e3c7477a9d7114adcc47a52c13f85bc18df330771ec423d28926b8110c6d18,zenit-simulated-feature-snapshot-v1,simulated,False,False,False,False
78b9ef94-837e-5d22-9cac-1a453bf7be0d,00cb94fd-970b-5652-b9e8-aa30d6d12bc3,2027-01-21,SP021,195,100,left,30,34.87,34.18,29.58,23.88,5.29,25.2,62.9,35,N3,exceeds,holdout_rehearsal,86d0dcb0-bd3e-5bc0-9498-6fe9a23137b1|b010933b-b87c-57e8-b806-59d3e789cf94|66214ebc-926b-5c21-aff6-4f8aeb730301|70caf9b1-bfd7-5812-ab63-a8f87ca76f67|d519c801-8b74-5594-9fc1-a32707ab7d7f|bfd788ae-5394-5d92-a3bd-216933e70254|9ba6a7fe-270b-5c91-913b-5bddc5b200cc|c260c9b2-ae2f-51d1-b650-834ebd36446e|76deb6ed-54e3-5703-b6da-041ce9d44a1a|1e428ec3-0340-536f-82a7-8c33b0a1674b|1e11950a-959a-5459-9328-3716a73af7bd|75165aa0-e178-5409-8549-75141c2087cf|6e9ae0f7-425f-5e10-8c72-564f449bd202|96e06334-4dfc-598b-9650-04d8138f7b06|171eb7e4-a2f2-5829-abba-27014687da9c,b5815df3e33559ec979d9b49b43e515fbbc8762cd0121d0b8cfde863036bb3c4,zenit-simulated-feature-snapshot-v1,simulated,False,False,False,False
71227950-0224-537d-bd21-b22425be69c0,4721c12b-0a1b-5b6a-9fb3-cb0b40d23bfb,2027-01-21,SP021,195,100,median,30,10.47,9.61,39.85,34.95,5.53,53.4,98.3,3,N2,within,holdout_rehearsal,ca40d53a-3826-5029-84ec-8ccd1bdc05d2|6fd91589-ae36-559f-995f-242d2df12bfb|45a9c418-15d0-51e4-bd08-b2898c9f5c97|1e98a782-9154-58b9-86ee-8918fa15dc24|785f7de2-52af-586a-9ec8-b90c42215198|8657e67c-7777-5b90-b5dc-a4ae3920825d|338219be-ec4a-54ee-a06f-f39000e2328b|dcf3e79e-cc8d-51cf-8288-5867a8da1098|856fb080-2bad-55d4-b6b6-8febfb70e707|9b76b891-7e20-5c3b-8b49-c3aa5d82f060|b2d3e9bc-6040-527a-ae41-040b21435e9c|e11ec421-2443-5dd6-9b30-a93d747eecfc|9f1c9f9c-4de3-5049-a8f6-ef8207f81bfc|0700ed60-56f2-5c5c-96c7-d081d477b532|144443cc-2936-5434-ab33-c3540b9ffefd,9809f0b54185dfa61f18dad0b5f86a944bdae124466f70cedcb54c1fb2d4ef25,zenit-simulated-feature-snapshot-v1,simulated,False,False,False,False
d1349c07-2529-55f3-bb7a-d2310672233e,046003bd-58ac-5aca-8364-c934ce6319c8,2027-01-21,SP021,195,100,right,30,27.2,26.17,21.06,15.22,6.14,26.7,62.1,22,N2,within,holdout_rehearsal,49821e24-6018-5dd5-9070-e6db8bf6c3cb|67d5385f-ba92-518c-aea4-8662e301ca17|70133469-9a96-52ed-8e7b-81f5b7ac31ca|0bb2b6e0-0306-5fa6-8560-ced6aa37cda1|bb3a41a3-600e-5a36-89e2-6a7a9307066a|3bfd8745-ceef-5a1d-9c5b-18dc2533cc9b|46e162d4-5596-5459-ab5d-9c7abf7f5118|e91a749b-deb1-5000-a325-ebd0dd2976ff|5e049d69-989e-5f99-907a-d71332458b5a|5b2ddb0b-b53f-56e3-bd45-f1a5534a03a4|6d322b3a-681d-529c-ba5c-90ae575a31f8|3530d0aa-2767-5c6b-bd06-c19bdc44baf6|08657224-e115-5e1a-918c-e0e01e8611c3|6fb4a373-5ca5-5824-87e6-6f360a74588c|a61a4ebc-251e-5129-a303-830e58435fef,b7a0b5f641f9d00d14952cfc84a9502b68a1960d0620d8330e416f5007aee206,zenit-simulated-feature-snapshot-v1,simulated,False,False,False,False
9932be65-3640-5817-8116-69db3b0ae456,23232185-5c98-523a-a8a5-d53254b8a0d8,2027-01-21,SP021,195,100,special,10,12.2,11.4,7.7,11.98,4.5,40.6,61.7,11,N2,exceeds,holdout_rehearsal,a38218e5-e450-534f-bb36-70956a860ccf|78fb1530-3fa3-5302-8081-984169405ad9|a0a1be76-1730-5218-8236-7ac4cc4923b9|67478877-da1c-50ce-bb9f-6bd9febc7772|8e0ed8c4-6e6d-5320-b066-3f135e669a5e|7ea2702a-3e56-552c-bd49-cca1275256a9|6aa460b2-0e95-5c70-a7e9-cb001113be82|5295a322-bc22-5afe-8321-021804230902|9a53d5f4-43d5-5811-8b06-f56bbf99e428|1048fe10-d78a-59db-8c42-65833ffbf735|7ae5d39b-c013-5c97-86af-bb334ccb1241|ac74eac2-a226-5b22-9def-cfec534f0242|80fade0c-9437-5391-b0b3-6c00c7db8ee3|7bcd14e8-55b4-56d4-af68-5be451447e13|b04ec3e2-8823-53de-9c65-01fd384c6de6,c21b076df94bd4f0ad30fd7192affe6dfca20e93a4cd838b367e8fdcaffc5333,zenit-simulated-feature-snapshot-v1,simulated,False,False,False,False
367b53e7-ed31-542f-8b79-ee947b2b4d1b,00cb94fd-970b-5652-b9e8-aa30d6d12bc3,2027-01-22,SP021,195,100,left,30,35.79,34.87,30.33,24.65,5.46,24.5,65.1,36,N3,exceeds,holdout_rehearsal,b010933b-b87c-57e8-b806-59d3e789cf94|66214ebc-926b-5c21-aff6-4f8aeb730301|70caf9b1-bfd7-5812-ab63-a8f87ca76f67|d519c801-8b74-5594-9fc1-a32707ab7d7f|bfd788ae-5394-5d92-a3bd-216933e70254|9ba6a7fe-270b-5c91-913b-5bddc5b200cc|c260c9b2-ae2f-51d1-b650-834ebd36446e|76deb6ed-54e3-5703-b6da-041ce9d44a1a|1e428ec3-0340-536f-82a7-8c33b0a1674b|1e11950a-959a-5459-9328-3716a73af7bd|75165aa0-e178-5409-8549-75141c2087cf|6e9ae0f7-425f-5e10-8c72-564f449bd202|96e06334-4dfc-598b-9650-04d8138f7b06|171eb7e4-a2f2-5829-abba-27014687da9c|dc096825-e9a7-5010-a770-a617a6481cb0,ddd75c27a402b27533df0536912cbf69b32a9419e0de7d14c82c74dcf9e61f30,zenit-simulated-feature-snapshot-v1,simulated,False,False,False,False
1401e1fe-05cf-50d4-ac76-d414116001ce,4721c12b-0a1b-5b6a-9fb3-cb0b40d23bfb,2027-01-22,SP021,195,100,median,30,11.29,10.47,40.32,35.81,5.88,57.8,93.1,4,N2,within,holdout_rehearsal,6fd91589-ae36-559f-995f-242d2df12bfb|45a9c418-15d0-51e4-bd08-b2898c9f5c97|1e98a782-9154-58b9-86ee-8918fa15dc24|785f7de2-52af-586a-9ec8-b90c42215198|8657e67c-7777-5b90-b5dc-a4ae3920825d|338219be-ec4a-54ee-a06f-f39000e2328b|dcf3e79e-cc8d-51cf-8288-5867a8da1098|856fb080-2bad-55d4-b6b6-8febfb70e707|9b76b891-7e20-5c3b-8b49-c3aa5d82f060|b2d3e9bc-6040-527a-ae41-040b21435e9c|e11ec421-2443-5dd6-9b30-a93d747eecfc|9f1c9f9c-4de3-5049-a8f6-ef8207f81bfc|0700ed60-56f2-5c5c-96c7-d081d477b532|144443cc-2936-5434-ab33-c3540b9ffefd|4c47fb6e-3097-562f-94b0-bf3099a4c5d6,4ca844892c2582ce815f5610e20f1a888b17904f96e95cc537fd7062eff300c6,zenit-simulated-feature-snapshot-v1,simulated,False,False,False,False
40e905e9-e266-5d82-9631-8e238f4bf904,046003bd-58ac-5aca-8364-c934ce6319c8,2027-01-22,SP021,195,100,right,30,27.76,27.2,21.95,16.03,5.81,25.8,62.1,23,N2,within,holdout_rehearsal,67d5385f-ba92-518c-aea4-8662e301ca17|70133469-9a96-52ed-8e7b-81f5b7ac31ca|0bb2b6e0-0306-5fa6-8560-ced6aa37cda1|bb3a41a3-600e-5a36-89e2-6a7a9307066a|3bfd8745-ceef-5a1d-9c5b-18dc2533cc9b|46e162d4-5596-5459-ab5d-9c7abf7f5118|e91a749b-deb1-5000-a325-ebd0dd2976ff|5e049d69-989e-5f99-907a-d71332458b5a|5b2ddb0b-b53f-56e3-bd45-f1a5534a03a4|6d322b3a-681d-529c-ba5c-90ae575a31f8|3530d0aa-2767-5c6b-bd06-c19bdc44baf6|08657224-e115-5e1a-918c-e0e01e8611c3|6fb4a373-5ca5-5824-87e6-6f360a74588c|a61a4ebc-251e-5129-a303-830e58435fef|7a48fa45-3af8-53b9-8262-92bc9f9e465b,dc113dfa913491ccf6f148b97e6d843fd070cd6d8e5084519e71855fd1b3f911,zenit-simulated-feature-snapshot-v1,simulated,False,False,False,False
8c49e66a-3919-5992-8f0d-df2c85bc3340,23232185-5c98-523a-a8a5-d53254b8a0d8,2027-01-22,SP021,195,100,special,10,13.0,12.2,8.42,12.5,4.58,45.8,74.8,12,N2,exceeds,holdout_rehearsal,78fb1530-3fa3-5302-8081-984169405ad9|a0a1be76-1730-5218-8236-7ac4cc4923b9|67478877-da1c-50ce-bb9f-6bd9febc7772|8e0ed8c4-6e6d-5320-b066-3f135e669a5e|7ea2702a-3e56-552c-bd49-cca1275256a9|6aa460b2-0e95-5c70-a7e9-cb001113be82|5295a322-bc22-5afe-8321-021804230902|9a53d5f4-43d5-5811-8b06-f56bbf99e428|1048fe10-d78a-59db-8c42-65833ffbf735|7ae5d39b-c013-5c97-86af-bb334ccb1241|ac74eac2-a226-5b22-9def-cfec534f0242|80fade0c-9437-5391-b0b3-6c00c7db8ee3|7bcd14e8-55b4-56d4-af68-5be451447e13|b04ec3e2-8823-53de-9c65-01fd384c6de6|35c7bd94-4721-53b6-9f60-a5f552b5bd18,9475b6d5e6ca18c1f3af7219ec7f42349558a69a212f0c7ce89adc54ffcd8763,zenit-simulated-feature-snapshot-v1,simulated,False,False,False,False
0672bc5d-1f1d-5915-ab78-2340b9169582,00cb94fd-970b-5652-b9e8-aa30d6d12bc3,2027-01-23,SP021,195,100,left,30,36.98,35.79,31.0,25.53,5.98,35.4,69.7,37,N3,exceeds,holdout_rehearsal,66214ebc-926b-5c21-aff6-4f8aeb730301|70caf9b1-bfd7-5812-ab63-a8f87ca76f67|d519c801-8b74-5594-9fc1-a32707ab7d7f|bfd788ae-5394-5d92-a3bd-216933e70254|9ba6a7fe-270b-5c91-913b-5bddc5b200cc|c260c9b2-ae2f-51d1-b650-834ebd36446e|76deb6ed-54e3-5703-b6da-041ce9d44a1a|1e428ec3-0340-536f-82a7-8c33b0a1674b|1e11950a-959a-5459-9328-3716a73af7bd|75165aa0-e178-5409-8549-75141c2087cf|6e9ae0f7-425f-5e10-8c72-564f449bd202|96e06334-4dfc-598b-9650-04d8138f7b06|171eb7e4-a2f2-5829-abba-27014687da9c|dc096825-e9a7-5010-a770-a617a6481cb0|bd086379-60fa-5d27-ba00-a9a1c305cb7d,7d867ff4da5df7d193d15920b0aeae9d4dbb8ead598525a3b575ff0ce7048bc3,zenit-simulated-feature-snapshot-v1,simulated,False,False,False,False
16eb3fcf-ffea-53ee-953c-bf602cabf0e6,4721c12b-0a1b-5b6a-9fb3-cb0b40d23bfb,2027-01-23,SP021,195,100,median,30,11.99,11.29,41.43,36.65,5.47,50.7,93.3,5,N2,within,holdout_rehearsal,45a9c418-15d0-51e4-bd08-b2898c9f5c97|1e98a782-9154-58b9-86ee-8918fa15dc24|785f7de2-52af-586a-9ec8-b90c42215198|8657e67c-7777-5b90-b5dc-a4ae3920825d|338219be-ec4a-54ee-a06f-f39000e2328b|dcf3e79e-cc8d-51cf-8288-5867a8da1098|856fb080-2bad-55d4-b6b6-8febfb70e707|9b76b891-7e20-5c3b-8b49-c3aa5d82f060|b2d3e9bc-6040-527a-ae41-040b21435e9c|e11ec421-2443-5dd6-9b30-a93d747eecfc|9f1c9f9c-4de3-5049-a8f6-ef8207f81bfc|0700ed60-56f2-5c5c-96c7-d081d477b532|144443cc-2936-5434-ab33-c3540b9ffefd|4c47fb6e-3097-562f-94b0-bf3099a4c5d6|9ead9aa3-0b13-5222-b8da-586759779d1e,0e5fe060c9a4a61d0478bd9ee429da51ac495d1a8ddeabffefc889fc11f29854,zenit-simulated-feature-snapshot-v1,simulated,False,False,False,False
0aa918a9-b732-5db1-bef4-8d746d35a8db,046003bd-58ac-5aca-8364-c934ce6319c8,2027-01-23,SP021,195,100,right,30,28.63,27.76,22.54,16.74,6.09,37.4,68.6,24,N2,within,holdout_rehearsal,70133469-9a96-52ed-8e7b-81f5b7ac31ca|0bb2b6e0-0306-5fa6-8560-ced6aa37cda1|bb3a41a3-600e-5a36-89e2-6a7a9307066a|3bfd8745-ceef-5a1d-9c5b-18dc2533cc9b|46e162d4-5596-5459-ab5d-9c7abf7f5118|e91a749b-deb1-5000-a325-ebd0dd2976ff|5e049d69-989e-5f99-907a-d71332458b5a|5b2ddb0b-b53f-56e3-bd45-f1a5534a03a4|6d322b3a-681d-529c-ba5c-90ae575a31f8|3530d0aa-2767-5c6b-bd06-c19bdc44baf6|08657224-e115-5e1a-918c-e0e01e8611c3|6fb4a373-5ca5-5824-87e6-6f360a74588c|a61a4ebc-251e-5129-a303-830e58435fef|7a48fa45-3af8-53b9-8262-92bc9f9e465b|b0ff6cae-69b3-5ea1-99b4-66237ec1f33b,2991a5d1a6fba136e8e7ce35c1c4479f1aa149dd1613959bb23418e90c01fb3c,zenit-simulated-feature-snapshot-v1,simulated,False,False,False,False
9d44e758-3d73-5751-b1b0-700a46a79e0c,23232185-5c98-523a-a8a5-d53254b8a0d8,2027-01-23,SP021,195,100,special,10,13.72,13.0,8.99,13.18,4.73,46.9,80.3,13,N2,exceeds,holdout_rehearsal,a0a1be76-1730-5218-8236-7ac4cc4923b9|67478877-da1c-50ce-bb9f-6bd9febc7772|8e0ed8c4-6e6d-5320-b066-3f135e669a5e|7ea2702a-3e56-552c-bd49-cca1275256a9|6aa460b2-0e95-5c70-a7e9-cb001113be82|5295a322-bc22-5afe-8321-021804230902|9a53d5f4-43d5-5811-8b06-f56bbf99e428|1048fe10-d78a-59db-8c42-65833ffbf735|7ae5d39b-c013-5c97-86af-bb334ccb1241|ac74eac2-a226-5b22-9def-cfec534f0242|80fade0c-9437-5391-b0b3-6c00c7db8ee3|7bcd14e8-55b4-56d4-af68-5be451447e13|b04ec3e2-8823-53de-9c65-01fd384c6de6|35c7bd94-4721-53b6-9f60-a5f552b5bd18|40ed7074-f337-501f-826b-ebecb96afac9,a43827c716b41fb566b8bf71397927fa99a27af73f4ec54cc7cb326e6f64a271,zenit-simulated-feature-snapshot-v1,simulated,False,False,False,False
24d4f4b6-7fd7-5346-8f16-fba1118a8017,00cb94fd-970b-5652-b9e8-aa30d6d12bc3,2027-01-24,SP021,195,100,left,30,37.63,36.98,31.69,26.35,5.94,38.8,65.7,38,N3,exceeds,holdout_rehearsal,70caf9b1-bfd7-5812-ab63-a8f87ca76f67|d519c801-8b74-5594-9fc1-a32707ab7d7f|bfd788ae-5394-5d92-a3bd-216933e70254|9ba6a7fe-270b-5c91-913b-5bddc5b200cc|c260c9b2-ae2f-51d1-b650-834ebd36446e|76deb6ed-54e3-5703-b6da-041ce9d44a1a|1e428ec3-0340-536f-82a7-8c33b0a1674b|1e11950a-959a-5459-9328-3716a73af7bd|75165aa0-e178-5409-8549-75141c2087cf|6e9ae0f7-425f-5e10-8c72-564f449bd202|96e06334-4dfc-598b-9650-04d8138f7b06|171eb7e4-a2f2-5829-abba-27014687da9c|dc096825-e9a7-5010-a770-a617a6481cb0|bd086379-60fa-5d27-ba00-a9a1c305cb7d|0ba1d395-1136-5007-82ae-d8da5d8e63e1,6e28eaacc0a618421d96f3c4931fd2c296be601f706c7ca64853478589df58b9,zenit-simulated-feature-snapshot-v1,simulated,False,False,False,False
cef224ae-1cf2-5374-8ef5-5dea25d351bd,4721c12b-0a1b-5b6a-9fb3-cb0b40d23bfb,2027-01-24,SP021,195,100,median,30,12.72,11.99,42.18,37.55,5.45,45.9,84.7,6,N2,within,holdout_rehearsal,1e98a782-9154-58b9-86ee-8918fa15dc24|785f7de2-52af-586a-9ec8-b90c42215198|8657e67c-7777-5b90-b5dc-a4ae3920825d|338219be-ec4a-54ee-a06f-f39000e2328b|dcf3e79e-cc8d-51cf-8288-5867a8da1098|856fb080-2bad-55d4-b6b6-8febfb70e707|9b76b891-7e20-5c3b-8b49-c3aa5d82f060|b2d3e9bc-6040-527a-ae41-040b21435e9c|e11ec421-2443-5dd6-9b30-a93d747eecfc|9f1c9f9c-4de3-5049-a8f6-ef8207f81bfc|0700ed60-56f2-5c5c-96c7-d081d477b532|144443cc-2936-5434-ab33-c3540b9ffefd|4c47fb6e-3097-562f-94b0-bf3099a4c5d6|9ead9aa3-0b13-5222-b8da-586759779d1e|126337a3-e8d3-5397-9fed-05710704b9e1,8a1c2005a491687b0be97cf53e1e4129ec0acf20e39e24d9360add019f8891a9,zenit-simulated-feature-snapshot-v1,simulated,False,False,False,False
8be3248e-28e2-5629-8923-ff3c6142d56e,046003bd-58ac-5aca-8364-c934ce6319c8,2027-01-24,SP021,195,100,right,30,29.51,28.63,23.42,17.58,6.09,37.9,70.5,25,N2,within,holdout_rehearsal,0bb2b6e0-0306-5fa6-8560-ced6aa37cda1|bb3a41a3-600e-5a36-89e2-6a7a9307066a|3bfd8745-ceef-5a1d-9c5b-18dc2533cc9b|46e162d4-5596-5459-ab5d-9c7abf7f5118|e91a749b-deb1-5000-a325-ebd0dd2976ff|5e049d69-989e-5f99-907a-d71332458b5a|5b2ddb0b-b53f-56e3-bd45-f1a5534a03a4|6d322b3a-681d-529c-ba5c-90ae575a31f8|3530d0aa-2767-5c6b-bd06-c19bdc44baf6|08657224-e115-5e1a-918c-e0e01e8611c3|6fb4a373-5ca5-5824-87e6-6f360a74588c|a61a4ebc-251e-5129-a303-830e58435fef|7a48fa45-3af8-53b9-8262-92bc9f9e465b|b0ff6cae-69b3-5ea1-99b4-66237ec1f33b|4156b400-b88f-550b-bb5c-e1531c246833,89a0db2dc4175a97bda3b0ba65d68f229ae71b52b03b0806e4410d0c1f5f3189,zenit-simulated-feature-snapshot-v1,simulated,False,False,False,False
5d8fd6e5-af04-5ab4-877d-a367f87e66f6,23232185-5c98-523a-a8a5-d53254b8a0d8,2027-01-24,SP021,195,100,special,10,5.0,13.72,9.63,5.0,4.57,43.7,81.8,0,N1,within,holdout_rehearsal,67478877-da1c-50ce-bb9f-6bd9febc7772|8e0ed8c4-6e6d-5320-b066-3f135e669a5e|7ea2702a-3e56-552c-bd49-cca1275256a9|6aa460b2-0e95-5c70-a7e9-cb001113be82|5295a322-bc22-5afe-8321-021804230902|9a53d5f4-43d5-5811-8b06-f56bbf99e428|1048fe10-d78a-59db-8c42-65833ffbf735|7ae5d39b-c013-5c97-86af-bb334ccb1241|ac74eac2-a226-5b22-9def-cfec534f0242|80fade0c-9437-5391-b0b3-6c00c7db8ee3|7bcd14e8-55b4-56d4-af68-5be451447e13|b04ec3e2-8823-53de-9c65-01fd384c6de6|35c7bd94-4721-53b6-9f60-a5f552b5bd18|40ed7074-f337-501f-826b-ebecb96afac9|34eddd5d-4949-5a27-bf38-a92e928a77a4,c15f8df3b7179f7fc9524a44b932f0ba2737c4d9c1581c46ac619149843ed557,zenit-simulated-feature-snapshot-v1,simulated,False,False,False,False
444497af-87d1-53d5-8937-f277efd9322f,00cb94fd-970b-5652-b9e8-aa30d6d12bc3,2027-01-25,SP021,195,100,left,30,38.3,37.63,32.32,27.11,5.98,39.6,66.1,39,N3,exceeds,holdout_rehearsal,d519c801-8b74-5594-9fc1-a32707ab7d7f|bfd788ae-5394-5d92-a3bd-216933e70254|9ba6a7fe-270b-5c91-913b-5bddc5b200cc|c260c9b2-ae2f-51d1-b650-834ebd36446e|76deb6ed-54e3-5703-b6da-041ce9d44a1a|1e428ec3-0340-536f-82a7-8c33b0a1674b|1e11950a-959a-5459-9328-3716a73af7bd|75165aa0-e178-5409-8549-75141c2087cf|6e9ae0f7-425f-5e10-8c72-564f449bd202|96e06334-4dfc-598b-9650-04d8138f7b06|171eb7e4-a2f2-5829-abba-27014687da9c|dc096825-e9a7-5010-a770-a617a6481cb0|bd086379-60fa-5d27-ba00-a9a1c305cb7d|0ba1d395-1136-5007-82ae-d8da5d8e63e1|11cd5de7-d6e7-53d5-a5f6-c43106ea7dd4,6b7bfee4e76a5c2758098342a2fa9c181e1afe8afbd68a85952808c9b7209825,zenit-simulated-feature-snapshot-v1,simulated,False,False,False,False
aa74c19e-d6f5-530a-bcb6-082af8464997,4721c12b-0a1b-5b6a-9fb3-cb0b40d23bfb,2027-01-25,SP021,195,100,median,30,13.18,12.72,8.0,38.28,5.18,34.5,72.5,7,N2,within,holdout_rehearsal,785f7de2-52af-586a-9ec8-b90c42215198|8657e67c-7777-5b90-b5dc-a4ae3920825d|338219be-ec4a-54ee-a06f-f39000e2328b|dcf3e79e-cc8d-51cf-8288-5867a8da1098|856fb080-2bad-55d4-b6b6-8febfb70e707|9b76b891-7e20-5c3b-8b49-c3aa5d82f060|b2d3e9bc-6040-527a-ae41-040b21435e9c|e11ec421-2443-5dd6-9b30-a93d747eecfc|9f1c9f9c-4de3-5049-a8f6-ef8207f81bfc|0700ed60-56f2-5c5c-96c7-d081d477b532|144443cc-2936-5434-ab33-c3540b9ffefd|4c47fb6e-3097-562f-94b0-bf3099a4c5d6|9ead9aa3-0b13-5222-b8da-586759779d1e|126337a3-e8d3-5397-9fed-05710704b9e1|90c55aa5-f64a-53a2-b6ea-17f22a849cce,1c92de64561f8d5d82c58dce21c074e23b1778394626270965832160646f3319,zenit-simulated-feature-snapshot-v1,simulated,False,False,False,False
b4c7f88c-b1ed-5f99-90e6-c413ccb9c411,046003bd-58ac-5aca-8364-c934ce6319c8,2027-01-25,SP021,195,100,right,30,30.4,29.51,24.32,18.35,6.08,36.8,64.8,26,N3,exceeds,holdout_rehearsal,bb3a41a3-600e-5a36-89e2-6a7a9307066a|3bfd8745-ceef-5a1d-9c5b-18dc2533cc9b|46e162d4-5596-5459-ab5d-9c7abf7f5118|e91a749b-deb1-5000-a325-ebd0dd2976ff|5e049d69-989e-5f99-907a-d71332458b5a|5b2ddb0b-b53f-56e3-bd45-f1a5534a03a4|6d322b3a-681d-529c-ba5c-90ae575a31f8|3530d0aa-2767-5c6b-bd06-c19bdc44baf6|08657224-e115-5e1a-918c-e0e01e8611c3|6fb4a373-5ca5-5824-87e6-6f360a74588c|a61a4ebc-251e-5129-a303-830e58435fef|7a48fa45-3af8-53b9-8262-92bc9f9e465b|b0ff6cae-69b3-5ea1-99b4-66237ec1f33b|4156b400-b88f-550b-bb5c-e1531c246833|27eb53e4-90a4-5843-9fc5-e45f788348d1,587fa45a108a84f391e2be03f722e7c2f3b01daa3beb2a5953eeb0a700b9ce7c,zenit-simulated-feature-snapshot-v1,simulated,False,False,False,False
cba750f7-3522-5eb4-bb89-1508de47fd84,23232185-5c98-523a-a8a5-d53254b8a0d8,2027-01-25,SP021,195,100,special,10,5.88,5.0,10.2,5.58,4.88,52.0,90.2,1,N1,within,holdout_rehearsal,8e0ed8c4-6e6d-5320-b066-3f135e669a5e|7ea2702a-3e56-552c-bd49-cca1275256a9|6aa460b2-0e95-5c70-a7e9-cb001113be82|5295a322-bc22-5afe-8321-021804230902|9a53d5f4-43d5-5811-8b06-f56bbf99e428|1048fe10-d78a-59db-8c42-65833ffbf735|7ae5d39b-c013-5c97-86af-bb334ccb1241|ac74eac2-a226-5b22-9def-cfec534f0242|80fade0c-9437-5391-b0b3-6c00c7db8ee3|7bcd14e8-55b4-56d4-af68-5be451447e13|b04ec3e2-8823-53de-9c65-01fd384c6de6|35c7bd94-4721-53b6-9f60-a5f552b5bd18|40ed7074-f337-501f-826b-ebecb96afac9|34eddd5d-4949-5a27-bf38-a92e928a77a4|a29a8d31-5596-5d20-8bf8-c60a55e5d4c9,186f4c57af3f301c5a554726545bd612c92463a32fbdc1db62f3ef08a94bb859,zenit-simulated-feature-snapshot-v1,simulated,False,False,False,False
147834f1-f650-528c-8a34-0cfadc828151,00cb94fd-970b-5652-b9e8-aa30d6d12bc3,2027-01-26,SP021,195,100,left,30,39.43,38.3,33.19,28.0,6.24,51.9,72.8,40,N3,exceeds,holdout_rehearsal,bfd788ae-5394-5d92-a3bd-216933e70254|9ba6a7fe-270b-5c91-913b-5bddc5b200cc|c260c9b2-ae2f-51d1-b650-834ebd36446e|76deb6ed-54e3-5703-b6da-041ce9d44a1a|1e428ec3-0340-536f-82a7-8c33b0a1674b|1e11950a-959a-5459-9328-3716a73af7bd|75165aa0-e178-5409-8549-75141c2087cf|6e9ae0f7-425f-5e10-8c72-564f449bd202|96e06334-4dfc-598b-9650-04d8138f7b06|171eb7e4-a2f2-5829-abba-27014687da9c|dc096825-e9a7-5010-a770-a617a6481cb0|bd086379-60fa-5d27-ba00-a9a1c305cb7d|0ba1d395-1136-5007-82ae-d8da5d8e63e1|11cd5de7-d6e7-53d5-a5f6-c43106ea7dd4|06de33e7-b3ac-5fda-9ac1-9add4b138d7f,02f1aa9bb367d26ff9e41d34d76b4d8680c4021ca49672c333b552e70858f65e,zenit-simulated-feature-snapshot-v1,simulated,False,False,False,False
77c1e7cc-98d8-5371-8f9f-ddfcd340bfd7,4721c12b-0a1b-5b6a-9fb3-cb0b40d23bfb,2027-01-26,SP021,195,100,median,30,13.81,13.18,8.77,38.74,5.04,27.9,75.9,8,N2,within,holdout_rehearsal,8657e67c-7777-5b90-b5dc-a4ae3920825d|338219be-ec4a-54ee-a06f-f39000e2328b|dcf3e79e-cc8d-51cf-8288-5867a8da1098|856fb080-2bad-55d4-b6b6-8febfb70e707|9b76b891-7e20-5c3b-8b49-c3aa5d82f060|b2d3e9bc-6040-527a-ae41-040b21435e9c|e11ec421-2443-5dd6-9b30-a93d747eecfc|9f1c9f9c-4de3-5049-a8f6-ef8207f81bfc|0700ed60-56f2-5c5c-96c7-d081d477b532|144443cc-2936-5434-ab33-c3540b9ffefd|4c47fb6e-3097-562f-94b0-bf3099a4c5d6|9ead9aa3-0b13-5222-b8da-586759779d1e|126337a3-e8d3-5397-9fed-05710704b9e1|90c55aa5-f64a-53a2-b6ea-17f22a849cce|df836cb8-d263-56be-b518-4b0444d0636e,bbc4776d3f9cad376f55c9bbb8cdb41633dc1bd944c5718235501f7cb386686b,zenit-simulated-feature-snapshot-v1,simulated,False,False,False,False
46db2a5e-51f0-5f27-b858-5bee5841acf5,046003bd-58ac-5aca-8364-c934ce6319c8,2027-01-26,SP021,195,100,right,30,31.1,30.4,25.21,19.21,5.89,31.8,59.7,27,N3,exceeds,holdout_rehearsal,3bfd8745-ceef-5a1d-9c5b-18dc2533cc9b|46e162d4-5596-5459-ab5d-9c7abf7f5118|e91a749b-deb1-5000-a325-ebd0dd2976ff|5e049d69-989e-5f99-907a-d71332458b5a|5b2ddb0b-b53f-56e3-bd45-f1a5534a03a4|6d322b3a-681d-529c-ba5c-90ae575a31f8|3530d0aa-2767-5c6b-bd06-c19bdc44baf6|08657224-e115-5e1a-918c-e0e01e8611c3|6fb4a373-5ca5-5824-87e6-6f360a74588c|a61a4ebc-251e-5129-a303-830e58435fef|7a48fa45-3af8-53b9-8262-92bc9f9e465b|b0ff6cae-69b3-5ea1-99b4-66237ec1f33b|4156b400-b88f-550b-bb5c-e1531c246833|27eb53e4-90a4-5843-9fc5-e45f788348d1|2ba70335-5740-512b-9d16-63534c006a3d,50432aabb4afa26cc4c23a52d802834b1737eef2b350ecbaadeea8a2138735db,zenit-simulated-feature-snapshot-v1,simulated,False,False,False,False
819e017f-5754-599b-8a33-c661b233d2a8,23232185-5c98-523a-a8a5-d53254b8a0d8,2027-01-26,SP021,195,100,special,10,6.46,5.88,10.53,6.37,5.13,52.0,82.4,2,N1,within,holdout_rehearsal,7ea2702a-3e56-552c-bd49-cca1275256a9|6aa460b2-0e95-5c70-a7e9-cb001113be82|5295a322-bc22-5afe-8321-021804230902|9a53d5f4-43d5-5811-8b06-f56bbf99e428|1048fe10-d78a-59db-8c42-65833ffbf735|7ae5d39b-c013-5c97-86af-bb334ccb1241|ac74eac2-a226-5b22-9def-cfec534f0242|80fade0c-9437-5391-b0b3-6c00c7db8ee3|7bcd14e8-55b4-56d4-af68-5be451447e13|b04ec3e2-8823-53de-9c65-01fd384c6de6|35c7bd94-4721-53b6-9f60-a5f552b5bd18|40ed7074-f337-501f-826b-ebecb96afac9|34eddd5d-4949-5a27-bf38-a92e928a77a4|a29a8d31-5596-5d20-8bf8-c60a55e5d4c9|ab69018f-4030-5699-915c-cbc02b25c326,7b0af5c63d588d30f0093929e3f20f77331f235625a18bdbbd536c560ceeed87,zenit-simulated-feature-snapshot-v1,simulated,False,False,False,False
3177d2ae-61a9-51ca-bd55-3de7f5731e74,00cb94fd-970b-5652-b9e8-aa30d6d12bc3,2027-01-27,SP021,195,100,left,30,40.08,39.43,34.18,28.8,5.9,47.2,74.0,41,N3,exceeds,holdout_rehearsal,9ba6a7fe-270b-5c91-913b-5bddc5b200cc|c260c9b2-ae2f-51d1-b650-834ebd36446e|76deb6ed-54e3-5703-b6da-041ce9d44a1a|1e428ec3-0340-536f-82a7-8c33b0a1674b|1e11950a-959a-5459-9328-3716a73af7bd|75165aa0-e178-5409-8549-75141c2087cf|6e9ae0f7-425f-5e10-8c72-564f449bd202|96e06334-4dfc-598b-9650-04d8138f7b06|171eb7e4-a2f2-5829-abba-27014687da9c|dc096825-e9a7-5010-a770-a617a6481cb0|bd086379-60fa-5d27-ba00-a9a1c305cb7d|0ba1d395-1136-5007-82ae-d8da5d8e63e1|11cd5de7-d6e7-53d5-a5f6-c43106ea7dd4|06de33e7-b3ac-5fda-9ac1-9add4b138d7f|b40963a1-d5bd-576d-a44c-7462f63b6f65,c7687158bae878f11445d077f4e0d33efe856864096caffc2dfd8c000fd85967,zenit-simulated-feature-snapshot-v1,simulated,False,False,False,False
99960e9d-40f8-5543-a327-a38efeeb42b5,4721c12b-0a1b-5b6a-9fb3-cb0b40d23bfb,2027-01-27,SP021,195,100,median,30,14.81,13.81,9.61,39.28,5.2,37.9,90.8,9,N2,within,holdout_rehearsal,338219be-ec4a-54ee-a06f-f39000e2328b|dcf3e79e-cc8d-51cf-8288-5867a8da1098|856fb080-2bad-55d4-b6b6-8febfb70e707|9b76b891-7e20-5c3b-8b49-c3aa5d82f060|b2d3e9bc-6040-527a-ae41-040b21435e9c|e11ec421-2443-5dd6-9b30-a93d747eecfc|9f1c9f9c-4de3-5049-a8f6-ef8207f81bfc|0700ed60-56f2-5c5c-96c7-d081d477b532|144443cc-2936-5434-ab33-c3540b9ffefd|4c47fb6e-3097-562f-94b0-bf3099a4c5d6|9ead9aa3-0b13-5222-b8da-586759779d1e|126337a3-e8d3-5397-9fed-05710704b9e1|90c55aa5-f64a-53a2-b6ea-17f22a849cce|df836cb8-d263-56be-b518-4b0444d0636e|8dd5843c-30ef-51ed-9dcb-0a4c207167af,c41833704b891a0f7374080694a82c92d5e70f17e6477a50ae08822e60dfbe5f,zenit-simulated-feature-snapshot-v1,simulated,False,False,False,False
ac16c21e-cb84-5127-991e-bd63bc3124c9,046003bd-58ac-5aca-8364-c934ce6319c8,2027-01-27,SP021,195,100,right,30,32.04,31.1,26.17,19.97,5.87,29.8,56.8,28,N3,exceeds,holdout_rehearsal,46e162d4-5596-5459-ab5d-9c7abf7f5118|e91a749b-deb1-5000-a325-ebd0dd2976ff|5e049d69-989e-5f99-907a-d71332458b5a|5b2ddb0b-b53f-56e3-bd45-f1a5534a03a4|6d322b3a-681d-529c-ba5c-90ae575a31f8|3530d0aa-2767-5c6b-bd06-c19bdc44baf6|08657224-e115-5e1a-918c-e0e01e8611c3|6fb4a373-5ca5-5824-87e6-6f360a74588c|a61a4ebc-251e-5129-a303-830e58435fef|7a48fa45-3af8-53b9-8262-92bc9f9e465b|b0ff6cae-69b3-5ea1-99b4-66237ec1f33b|4156b400-b88f-550b-bb5c-e1531c246833|27eb53e4-90a4-5843-9fc5-e45f788348d1|2ba70335-5740-512b-9d16-63534c006a3d|aecf1660-0ef2-5d25-8b72-b6d80b6640e8,4528a6a8e5faca471750b8efced95cae918e791e2f28669280cf782eabee6072,zenit-simulated-feature-snapshot-v1,simulated,False,False,False,False
c912e6e4-0271-5a93-bab9-2baad311fe21,23232185-5c98-523a-a8a5-d53254b8a0d8,2027-01-27,SP021,195,100,special,10,7.03,6.46,11.4,7.14,4.83,44.3,78.7,3,N1,within,holdout_rehearsal,6aa460b2-0e95-5c70-a7e9-cb001113be82|5295a322-bc22-5afe-8321-021804230902|9a53d5f4-43d5-5811-8b06-f56bbf99e428|1048fe10-d78a-59db-8c42-65833ffbf735|7ae5d39b-c013-5c97-86af-bb334ccb1241|ac74eac2-a226-5b22-9def-cfec534f0242|80fade0c-9437-5391-b0b3-6c00c7db8ee3|7bcd14e8-55b4-56d4-af68-5be451447e13|b04ec3e2-8823-53de-9c65-01fd384c6de6|35c7bd94-4721-53b6-9f60-a5f552b5bd18|40ed7074-f337-501f-826b-ebecb96afac9|34eddd5d-4949-5a27-bf38-a92e928a77a4|a29a8d31-5596-5d20-8bf8-c60a55e5d4c9|ab69018f-4030-5699-915c-cbc02b25c326|d0170768-b81a-55fe-a173-85c0a632eaaf,2ec3de6ab2f382eb2e92ca9823f87576fd56a15d3f4b4255e89a0d7c1ac3a70f,zenit-simulated-feature-snapshot-v1,simulated,False,False,False,False
