record_id,scenario_date,road_code,segment_index,segment_length_m,zone_type,threshold_cm,cover_type,simulated_rainfall_mm,simulated_growth_cm,simulated_height_before_mowing_cm,simulated_mowing_event,simulated_height_after_mowing_cm,days_since_simulated_mowing,data_status,source_type,eligible_for_model_training,eligible_for_official_reporting,eligible_for_operations,authorizes_mowing
485ea7d7-c0ed-5b24-bb69-9ff16baac6e0,2026-08-01,SP021,195,100,left,30,grass_herbaceous,7.4,0.91,18.91,False,18.91,,simulated,algorithmically_generated_scenario,False,False,False,False
06271238-c506-5b9f-a3bb-85b3904e29b9,2026-08-02,SP021,195,100,left,30,grass_herbaceous,13.2,1.13,20.04,False,20.04,,simulated,algorithmically_generated_scenario,False,False,False,False
fbf76465-c854-559f-9e46-ca5e34d6a7b0,2026-08-03,SP021,195,100,left,30,grass_herbaceous,2.6,0.81,20.85,False,20.85,,simulated,algorithmically_generated_scenario,False,False,False,False
527a0284-5df2-5ca4-be21-eb2980af1232,2026-08-04,SP021,195,100,left,30,grass_herbaceous,4.1,0.82,21.67,False,21.67,,simulated,algorithmically_generated_scenario,False,False,False,False
ca4dbb95-de36-57d8-bb9a-e248d930da65,2026-08-05,SP021,195,100,left,30,grass_herbaceous,0.0,0.72,22.39,False,22.39,,simulated,algorithmically_generated_scenario,False,False,False,False
8ce66ae9-5387-52da-a3af-2fbcb5262bf0,2026-08-06,SP021,195,100,left,30,grass_herbaceous,0.0,0.6,22.99,False,22.99,,simulated,algorithmically_generated_scenario,False,False,False,False
b58899b3-fa18-5d40-bfbc-8cf48e7200c4,2026-08-07,SP021,195,100,left,30,grass_herbaceous,0.0,0.75,23.74,False,23.74,,simulated,algorithmically_generated_scenario,False,False,False,False
c1ed3731-d1a6-5ce2-af55-242354473347,2026-08-08,SP021,195,100,left,30,grass_herbaceous,1.4,0.75,24.49,False,24.49,,simulated,algorithmically_generated_scenario,False,False,False,False
bdfc989b-4061-56e9-9953-d7c74f1d2bea,2026-08-09,SP021,195,100,left,30,grass_herbaceous,0.0,0.76,25.25,False,25.25,,simulated,algorithmically_generated_scenario,False,False,False,False
3293113d-1904-50ad-8601-ced31eee81c1,2026-08-10,SP021,195,100,left,30,grass_herbaceous,6.9,0.71,25.96,False,25.96,,simulated,algorithmically_generated_scenario,False,False,False,False
df523577-e66b-5e58-9a75-cad207c4da92,2026-08-11,SP021,195,100,left,30,grass_herbaceous,6.4,0.82,26.78,False,26.78,,simulated,algorithmically_generated_scenario,False,False,False,False
addbb82b-7d61-5811-9155-6138121ecb1e,2026-08-12,SP021,195,100,left,30,grass_herbaceous,1.7,0.84,27.62,False,27.62,,simulated,algorithmically_generated_scenario,False,False,False,False
7b294f2c-ff22-5320-a287-7c7420f0c580,2026-08-13,SP021,195,100,left,30,grass_herbaceous,2.8,0.88,28.5,True,8.0,0,simulated,algorithmically_generated_scenario,False,False,False,False
8b4826f2-f6d5-5ef1-b2aa-804b91c95356,2026-08-14,SP021,195,100,left,30,grass_herbaceous,0.6,0.81,8.81,False,8.81,1,simulated,algorithmically_generated_scenario,False,False,False,False
fdfb72bc-a703-5074-ac62-f8abaa1e8065,2026-08-15,SP021,195,100,left,30,grass_herbaceous,1.6,0.54,9.35,False,9.35,2,simulated,algorithmically_generated_scenario,False,False,False,False
65d4ef17-56ef-56b0-b447-362e2654d5ed,2026-08-16,SP021,195,100,left,30,grass_herbaceous,12.0,0.93,10.28,False,10.28,3,simulated,algorithmically_generated_scenario,False,False,False,False
881a6a0e-f389-5086-9d22-4ceb130b045e,2026-08-17,SP021,195,100,left,30,grass_herbaceous,0.0,0.7,10.98,False,10.98,4,simulated,algorithmically_generated_scenario,False,False,False,False
1d1d0818-0876-5476-a94c-aca5f31edc3b,2026-08-18,SP021,195,100,left,30,grass_herbaceous,0.0,0.76,11.74,False,11.74,5,simulated,algorithmically_generated_scenario,False,False,False,False
4c596e48-1825-54f4-934e-77519ad0b3c1,2026-08-19,SP021,195,100,left,30,grass_herbaceous,0.0,0.78,12.52,False,12.52,6,simulated,algorithmically_generated_scenario,False,False,False,False
4352b367-002b-5e90-b59a-6bb8d4c4a093,2026-08-20,SP021,195,100,left,30,grass_herbaceous,0.0,0.78,13.3,False,13.3,7,simulated,algorithmically_generated_scenario,False,False,False,False
775f103a-739a-5469-b687-7c45ac2be528,2026-08-21,SP021,195,100,left,30,grass_herbaceous,7.1,0.91,14.21,False,14.21,8,simulated,algorithmically_generated_scenario,False,False,False,False
28eb96cf-12ec-58f6-b471-8041c5272c8c,2026-08-22,SP021,195,100,left,30,grass_herbaceous,5.6,0.87,15.08,False,15.08,9,simulated,algorithmically_generated_scenario,False,False,False,False
d22a7f69-24ad-546e-9554-d35c5487f440,2026-08-23,SP021,195,100,left,30,grass_herbaceous,11.4,0.87,15.95,False,15.95,10,simulated,algorithmically_generated_scenario,False,False,False,False
bd4321a7-1fe9-56aa-8055-f0bae4d03068,2026-08-24,SP021,195,100,left,30,grass_herbaceous,8.6,0.94,16.89,False,16.89,11,simulated,algorithmically_generated_scenario,False,False,False,False
8a67db23-df8f-5e11-9bcd-d4a0b41943a4,2026-08-25,SP021,195,100,left,30,grass_herbaceous,5.1,0.64,17.53,False,17.53,12,simulated,algorithmically_generated_scenario,False,False,False,False
33bef4d8-fa74-5961-80fa-8d16321b7caf,2026-08-26,SP021,195,100,left,30,grass_herbaceous,3.9,0.76,18.29,False,18.29,13,simulated,algorithmically_generated_scenario,False,False,False,False
ff1a7708-0411-5d98-90a8-d65b7b9feb61,2026-08-27,SP021,195,100,left,30,grass_herbaceous,8.0,0.85,19.14,False,19.14,14,simulated,algorithmically_generated_scenario,False,False,False,False
fb279b2e-e361-5039-9021-8520ece09635,2026-08-28,SP021,195,100,left,30,grass_herbaceous,5.0,0.7,19.84,False,19.84,15,simulated,algorithmically_generated_scenario,False,False,False,False
bd56f370-566b-56a3-88ed-329bc57024ba,2026-08-29,SP021,195,100,left,30,grass_herbaceous,2.9,0.81,20.65,False,20.65,16,simulated,algorithmically_generated_scenario,False,False,False,False
9d52b5d8-2d2d-53bc-b99a-44cf1f9fe073,2026-08-30,SP021,195,100,left,30,grass_herbaceous,6.7,0.66,21.31,False,21.31,17,simulated,algorithmically_generated_scenario,False,False,False,False
31e1699f-0747-5444-ace8-61e042b0c511,2026-08-31,SP021,195,100,left,30,grass_herbaceous,0.0,0.61,21.92,False,21.92,18,simulated,algorithmically_generated_scenario,False,False,False,False
9f2a80ae-f16b-53ff-832e-b6f25bc2f06b,2026-09-01,SP021,195,100,left,30,grass_herbaceous,0.0,0.61,22.53,False,22.53,19,simulated,algorithmically_generated_scenario,False,False,False,False
b6ce4131-8cfe-5652-a434-f036ea58bec7,2026-09-02,SP021,195,100,left,30,grass_herbaceous,15.4,1.02,23.55,False,23.55,20,simulated,algorithmically_generated_scenario,False,False,False,False
ebd930f2-ff62-5b57-936b-10e62ced0475,2026-09-03,SP021,195,100,left,30,grass_herbaceous,0.0,0.51,24.06,False,24.06,21,simulated,algorithmically_generated_scenario,False,False,False,False
ac8a7260-327e-5c90-863a-0f90badae887,2026-09-04,SP021,195,100,left,30,grass_herbaceous,7.8,0.99,25.05,False,25.05,22,simulated,algorithmically_generated_scenario,False,False,False,False
fb3b1abc-210c-5756-84b7-b28348207381,2026-09-05,SP021,195,100,left,30,grass_herbaceous,8.8,0.75,25.8,False,25.8,23,simulated,algorithmically_generated_scenario,False,False,False,False
54b88f2e-3341-514e-b044-b15478a4fb0f,2026-09-06,SP021,195,100,left,30,grass_herbaceous,7.0,0.94,26.74,False,26.74,24,simulated,algorithmically_generated_scenario,False,False,False,False
3021b8e0-1082-5da8-b04e-bf50eef64954,2026-09-07,SP021,195,100,left,30,grass_herbaceous,7.7,0.75,27.49,False,27.49,25,simulated,algorithmically_generated_scenario,False,False,False,False
6dfa43b4-61bf-5215-9581-f5016b6220e4,2026-09-08,SP021,195,100,left,30,grass_herbaceous,1.9,0.58,28.07,False,28.07,26,simulated,algorithmically_generated_scenario,False,False,False,False
eaa1b81c-f115-51e5-b200-9c7535a0f2bf,2026-09-09,SP021,195,100,left,30,grass_herbaceous,11.6,0.95,29.02,False,29.02,27,simulated,algorithmically_generated_scenario,False,False,False,False
19abc899-194a-50f6-8f4e-5360c951b391,2026-09-10,SP021,195,100,left,30,grass_herbaceous,0.0,0.55,29.57,False,29.57,28,simulated,algorithmically_generated_scenario,False,False,False,False
298586d5-75bb-5c7d-ab3c-6c735facbc98,2026-09-11,SP021,195,100,left,30,grass_herbaceous,0.0,0.74,30.31,False,30.31,29,simulated,algorithmically_generated_scenario,False,False,False,False
a1c723d0-6701-5117-ab05-f5fc3652d1e5,2026-09-12,SP021,195,100,left,30,grass_herbaceous,8.5,0.84,31.15,False,31.15,30,simulated,algorithmically_generated_scenario,False,False,False,False
eda797ef-756b-5808-b3e8-26f747960678,2026-09-13,SP021,195,100,left,30,grass_herbaceous,9.2,0.77,31.92,False,31.92,31,simulated,algorithmically_generated_scenario,False,False,False,False
9f189603-7ac1-5325-9c7b-1a91bf098d10,2026-09-14,SP021,195,100,left,30,grass_herbaceous,3.9,0.61,32.53,False,32.53,32,simulated,algorithmically_generated_scenario,False,False,False,False
a4b0f048-2b24-541b-85c3-46363da35b10,2026-09-15,SP021,195,100,left,30,grass_herbaceous,0.0,0.53,33.06,False,33.06,33,simulated,algorithmically_generated_scenario,False,False,False,False
0e0f07aa-740a-5b1d-a164-a7f05d55e2ad,2026-09-16,SP021,195,100,left,30,grass_herbaceous,3.9,0.73,33.79,False,33.79,34,simulated,algorithmically_generated_scenario,False,False,False,False
f473ad80-5242-5c8a-a1a3-cc22b56ef42a,2026-09-17,SP021,195,100,left,30,grass_herbaceous,9.4,0.82,34.61,False,34.61,35,simulated,algorithmically_generated_scenario,False,False,False,False
e629bc9f-6c60-5cba-9be5-d706d9a0157e,2026-09-18,SP021,195,100,left,30,grass_herbaceous,4.5,0.68,35.29,False,35.29,36,simulated,algorithmically_generated_scenario,False,False,False,False
597cd6c1-406d-5e1e-9222-b56875aa9f72,2026-09-19,SP021,195,100,left,30,grass_herbaceous,13.5,0.9,36.19,False,36.19,37,simulated,algorithmically_generated_scenario,False,False,False,False
b7b93217-4cc3-5ca7-8f7a-73120cda843e,2026-09-20,SP021,195,100,left,30,grass_herbaceous,6.3,0.74,36.93,False,36.93,38,simulated,algorithmically_generated_scenario,False,False,False,False
9d00bf81-9ee7-5df1-9624-18300e5e3be8,2026-09-21,SP021,195,100,left,30,grass_herbaceous,4.3,0.76,37.69,False,37.69,39,simulated,algorithmically_generated_scenario,False,False,False,False
9f095570-b95a-5dad-a323-a652906788ff,2026-09-22,SP021,195,100,left,30,grass_herbaceous,4.2,0.81,38.5,False,38.5,40,simulated,algorithmically_generated_scenario,False,False,False,False
9db5eb45-818e-576d-bc7e-9f8e2ac2f02a,2026-09-23,SP021,195,100,left,30,grass_herbaceous,6.5,0.66,39.16,False,39.16,41,simulated,algorithmically_generated_scenario,False,False,False,False
ac836b4a-d5b1-5e9e-a12c-9e1da4461714,2026-09-24,SP021,195,100,left,30,grass_herbaceous,5.4,0.93,40.09,True,8.0,0,simulated,algorithmically_generated_scenario,False,False,False,False
ac586994-7c50-50ac-abb5-4179427bae28,2026-09-25,SP021,195,100,left,30,grass_herbaceous,5.1,0.92,8.92,False,8.92,1,simulated,algorithmically_generated_scenario,False,False,False,False
22872f41-1c08-5c73-a08a-f67962a52cd6,2026-09-26,SP021,195,100,left,30,grass_herbaceous,0.9,0.6,9.52,False,9.52,2,simulated,algorithmically_generated_scenario,False,False,False,False
c8cb187a-b0c0-5329-b1f4-261c22abef53,2026-09-27,SP021,195,100,left,30,grass_herbaceous,6.1,0.89,10.41,False,10.41,3,simulated,algorithmically_generated_scenario,False,False,False,False
8321cb8a-ed0a-53a5-8003-5809f76f1468,2026-09-28,SP021,195,100,left,30,grass_herbaceous,5.9,0.75,11.16,False,11.16,4,simulated,algorithmically_generated_scenario,False,False,False,False
c772fa97-61bd-5b20-8531-95ce5edbed1d,2026-09-29,SP021,195,100,left,30,grass_herbaceous,1.2,0.81,11.97,False,11.97,5,simulated,algorithmically_generated_scenario,False,False,False,False
43133d6d-8d91-5bb8-ae57-ff08a531b02c,2026-09-30,SP021,195,100,left,30,grass_herbaceous,8.6,0.73,12.7,False,12.7,6,simulated,algorithmically_generated_scenario,False,False,False,False
3d0a80bb-1ecf-5604-bff7-d287e633bc53,2026-10-01,SP021,195,100,left,30,grass_herbaceous,5.2,0.87,13.57,False,13.57,7,simulated,algorithmically_generated_scenario,False,False,False,False
79b69f7e-8cfe-5ff0-9923-b445419f2cbb,2026-10-02,SP021,195,100,left,30,grass_herbaceous,6.7,0.98,14.55,False,14.55,8,simulated,algorithmically_generated_scenario,False,False,False,False
d5e8652e-cb8b-5efc-abaa-6b54ad566b22,2026-10-03,SP021,195,100,left,30,grass_herbaceous,1.2,0.71,15.26,False,15.26,9,simulated,algorithmically_generated_scenario,False,False,False,False
5a1444e5-07d5-5535-afb2-4a8b5e68e166,2026-10-04,SP021,195,100,left,30,grass_herbaceous,0.0,0.72,15.98,False,15.98,10,simulated,algorithmically_generated_scenario,False,False,False,False
db84c808-dc1d-5711-8bbe-1a7e46eef0d9,2026-10-05,SP021,195,100,left,30,grass_herbaceous,6.9,0.87,16.85,False,16.85,11,simulated,algorithmically_generated_scenario,False,False,False,False
953e8737-557e-5b28-a29b-76e9e942656d,2026-10-06,SP021,195,100,left,30,grass_herbaceous,12.3,0.82,17.67,False,17.67,12,simulated,algorithmically_generated_scenario,False,False,False,False
bbabc7db-9250-5325-8e8c-71c8487041cd,2026-10-07,SP021,195,100,left,30,grass_herbaceous,5.8,0.68,18.35,False,18.35,13,simulated,algorithmically_generated_scenario,False,False,False,False
a42482cd-8d32-5c76-b250-bb5c2a05c21a,2026-10-08,SP021,195,100,left,30,grass_herbaceous,10.6,0.78,19.13,False,19.13,14,simulated,algorithmically_generated_scenario,False,False,False,False
79dc8dd1-75d6-5bd8-9404-a9ab2ebfc31f,2026-10-09,SP021,195,100,left,30,grass_herbaceous,1.9,0.71,19.84,False,19.84,15,simulated,algorithmically_generated_scenario,False,False,False,False
c2ad1a90-cce5-5199-95d3-91d748eec851,2026-10-10,SP021,195,100,left,30,grass_herbaceous,0.0,0.69,20.53,False,20.53,16,simulated,algorithmically_generated_scenario,False,False,False,False
413c2860-a5e9-5762-a5fb-1b2e74cc37b0,2026-10-11,SP021,195,100,left,30,grass_herbaceous,0.0,0.69,21.22,False,21.22,17,simulated,algorithmically_generated_scenario,False,False,False,False
c83e6885-746e-587a-8f71-20da3913ef48,2026-10-12,SP021,195,100,left,30,grass_herbaceous,0.0,0.54,21.76,False,21.76,18,simulated,algorithmically_generated_scenario,False,False,False,False
d04f7fb0-ca1d-56f0-be0d-780d8c5acdf9,2026-10-13,SP021,195,100,left,30,grass_herbaceous,6.0,0.89,22.65,False,22.65,19,simulated,algorithmically_generated_scenario,False,False,False,False
191ed1d2-b6d5-555f-ac7f-53db6bc9a776,2026-10-14,SP021,195,100,left,30,grass_herbaceous,1.2,0.73,23.38,False,23.38,20,simulated,algorithmically_generated_scenario,False,False,False,False
8657af27-78d7-5fce-8a79-603f2bf5a50a,2026-10-15,SP021,195,100,left,30,grass_herbaceous,0.0,0.57,23.95,False,23.95,21,simulated,algorithmically_generated_scenario,False,False,False,False
b115e0a4-b2ac-5272-a1d7-c6a2abc03219,2026-10-16,SP021,195,100,left,30,grass_herbaceous,8.8,1.03,24.98,False,24.98,22,simulated,algorithmically_generated_scenario,False,False,False,False
594654f1-7acf-5bd1-ba25-2ad27e0938ad,2026-10-17,SP021,195,100,left,30,grass_herbaceous,4.6,0.72,25.7,False,25.7,23,simulated,algorithmically_generated_scenario,False,False,False,False
bdb8158f-8297-5c0c-abe0-863cc6ba5e2b,2026-10-18,SP021,195,100,left,30,grass_herbaceous,11.3,0.77,26.47,False,26.47,24,simulated,algorithmically_generated_scenario,False,False,False,False
ec149efe-19a3-5b01-8e4d-6f94b2ef0f6f,2026-10-19,SP021,195,100,left,30,grass_herbaceous,5.0,0.69,27.16,False,27.16,25,simulated,algorithmically_generated_scenario,False,False,False,False
41f47205-8e90-5440-bdf5-bed1e2279f05,2026-10-20,SP021,195,100,left,30,grass_herbaceous,0.8,0.6,27.76,False,27.76,26,simulated,algorithmically_generated_scenario,False,False,False,False
83cd53bd-51fd-5951-a2fb-bb6401a497ad,2026-10-21,SP021,195,100,left,30,grass_herbaceous,8.6,0.96,28.72,False,28.72,27,simulated,algorithmically_generated_scenario,False,False,False,False
1f2d9f2f-8099-52b9-9b32-b71f6c4bd1e5,2026-10-22,SP021,195,100,left,30,grass_herbaceous,0.0,0.68,29.4,False,29.4,28,simulated,algorithmically_generated_scenario,False,False,False,False
12de4445-aa26-57a6-84b7-813905488312,2026-10-23,SP021,195,100,left,30,grass_herbaceous,6.4,0.67,30.07,False,30.07,29,simulated,algorithmically_generated_scenario,False,False,False,False
375cca5f-2450-5011-8403-db5034331578,2026-10-24,SP021,195,100,left,30,grass_herbaceous,11.7,1.05,31.12,False,31.12,30,simulated,algorithmically_generated_scenario,False,False,False,False
aee369cc-a7c1-5db1-ac28-3540ebb4aa79,2026-10-25,SP021,195,100,left,30,grass_herbaceous,1.5,0.61,31.73,False,31.73,31,simulated,algorithmically_generated_scenario,False,False,False,False
02d4daed-0598-579a-a520-764294be08f9,2026-10-26,SP021,195,100,left,30,grass_herbaceous,11.1,0.96,32.69,False,32.69,32,simulated,algorithmically_generated_scenario,False,False,False,False
57abe28a-31d5-5eb6-b769-de1f3cd85500,2026-10-27,SP021,195,100,left,30,grass_herbaceous,4.4,0.62,33.31,False,33.31,33,simulated,algorithmically_generated_scenario,False,False,False,False
9edcf7b0-a96e-5793-a05b-b28e9f0d8aa8,2026-10-28,SP021,195,100,left,30,grass_herbaceous,0.2,0.63,33.94,False,33.94,34,simulated,algorithmically_generated_scenario,False,False,False,False
14182a4e-e9ba-5627-82f8-5b010c359e20,2026-10-29,SP021,195,100,left,30,grass_herbaceous,4.3,0.7,34.64,False,34.64,35,simulated,algorithmically_generated_scenario,False,False,False,False
1604acf6-5baf-53f1-bc4e-0caf0b0074a4,2026-10-30,SP021,195,100,left,30,grass_herbaceous,7.5,0.72,35.36,False,35.36,36,simulated,algorithmically_generated_scenario,False,False,False,False
016550af-27f6-5e24-9bf0-55a61a7a0bf3,2026-10-31,SP021,195,100,left,30,grass_herbaceous,1.1,0.65,36.01,False,36.01,37,simulated,algorithmically_generated_scenario,False,False,False,False
866e54ff-900a-50f6-be13-9cf41d28eaca,2026-11-01,SP021,195,100,left,30,grass_herbaceous,5.3,0.88,36.89,False,36.89,38,simulated,algorithmically_generated_scenario,False,False,False,False
654041f2-236e-52c9-898a-4d106d6bc849,2026-11-02,SP021,195,100,left,30,grass_herbaceous,2.4,0.68,37.57,False,37.57,39,simulated,algorithmically_generated_scenario,False,False,False,False
a362c452-0ebc-5f83-a914-4f57815fec5d,2026-11-03,SP021,195,100,left,30,grass_herbaceous,5.1,0.65,38.22,False,38.22,40,simulated,algorithmically_generated_scenario,False,False,False,False
4ef54d4b-0b34-5207-88dd-9d13433c7e8a,2026-11-04,SP021,195,100,left,30,grass_herbaceous,0.4,0.62,38.84,False,38.84,41,simulated,algorithmically_generated_scenario,False,False,False,False
0dcc808c-76db-5d5c-8b01-bcb5c09d4ec8,2026-11-05,SP021,195,100,left,30,grass_herbaceous,7.8,0.9,39.74,True,8.0,0,simulated,algorithmically_generated_scenario,False,False,False,False
2a12c5ad-b744-5dc9-907b-dfec5c798505,2026-11-06,SP021,195,100,left,30,grass_herbaceous,0.0,0.64,8.64,False,8.64,1,simulated,algorithmically_generated_scenario,False,False,False,False
97f52a9c-585e-5525-bd62-52b51f76ebb2,2026-11-07,SP021,195,100,left,30,grass_herbaceous,3.2,0.77,9.41,False,9.41,2,simulated,algorithmically_generated_scenario,False,False,False,False
e0b81a3d-63ca-5c67-a53c-fc679cfd0144,2026-11-08,SP021,195,100,left,30,grass_herbaceous,4.6,0.87,10.28,False,10.28,3,simulated,algorithmically_generated_scenario,False,False,False,False
bde71624-806e-56e4-9f65-7bfc5d133b19,2026-11-09,SP021,195,100,left,30,grass_herbaceous,1.2,0.63,10.91,False,10.91,4,simulated,algorithmically_generated_scenario,False,False,False,False
46cfad32-8216-545d-88d4-d967b052f85b,2026-11-10,SP021,195,100,left,30,grass_herbaceous,5.1,0.83,11.74,False,11.74,5,simulated,algorithmically_generated_scenario,False,False,False,False
f8d93b38-72a4-53dc-bcc9-504e7e61b3ee,2026-11-11,SP021,195,100,left,30,grass_herbaceous,3.7,0.88,12.62,False,12.62,6,simulated,algorithmically_generated_scenario,False,False,False,False
2af9d8c2-de06-5b08-b5f0-0e5415d14a04,2026-11-12,SP021,195,100,left,30,grass_herbaceous,0.6,0.69,13.31,False,13.31,7,simulated,algorithmically_generated_scenario,False,False,False,False
fc5686e5-717c-5e77-83e7-452e419c7080,2026-11-13,SP021,195,100,left,30,grass_herbaceous,0.0,0.49,13.8,False,13.8,8,simulated,algorithmically_generated_scenario,False,False,False,False
5bb71c60-3b46-57ac-aa09-7770f848c439,2026-11-14,SP021,195,100,left,30,grass_herbaceous,0.0,0.56,14.36,False,14.36,9,simulated,algorithmically_generated_scenario,False,False,False,False
09080c17-2d02-50de-ad83-34fc1c4d3bdb,2026-11-15,SP021,195,100,left,30,grass_herbaceous,6.7,0.9,15.26,False,15.26,10,simulated,algorithmically_generated_scenario,False,False,False,False
adae9117-6b07-52d5-a601-888a93c9a7dc,2026-11-16,SP021,195,100,left,30,grass_herbaceous,2.3,0.75,16.01,False,16.01,11,simulated,algorithmically_generated_scenario,False,False,False,False
972fd689-f7f8-545a-8252-c9b1d2a7ac17,2026-11-17,SP021,195,100,left,30,grass_herbaceous,2.0,0.6,16.61,False,16.61,12,simulated,algorithmically_generated_scenario,False,False,False,False
e4dd2e6f-ca90-5022-8b2d-d533e7b54330,2026-11-18,SP021,195,100,left,30,grass_herbaceous,2.3,0.57,17.18,False,17.18,13,simulated,algorithmically_generated_scenario,False,False,False,False
e01b9897-610b-5c95-b526-06a2b28a0a29,2026-11-19,SP021,195,100,left,30,grass_herbaceous,6.2,0.76,17.94,False,17.94,14,simulated,algorithmically_generated_scenario,False,False,False,False
9fadc321-de83-50e9-851d-417abeacc8bb,2026-11-20,SP021,195,100,left,30,grass_herbaceous,0.0,0.61,18.55,False,18.55,15,simulated,algorithmically_generated_scenario,False,False,False,False
90bcdec1-d69c-5e2c-9d24-cfa6e8ef6a83,2026-11-21,SP021,195,100,left,30,grass_herbaceous,0.0,0.64,19.19,False,19.19,16,simulated,algorithmically_generated_scenario,False,False,False,False
20e3f930-fea2-5eae-8347-2dfdb46f6886,2026-11-22,SP021,195,100,left,30,grass_herbaceous,8.2,0.92,20.11,False,20.11,17,simulated,algorithmically_generated_scenario,False,False,False,False
16bf9cd6-7769-5fb7-9b1d-43dae54efec0,2026-11-23,SP021,195,100,left,30,grass_herbaceous,3.9,0.7,20.81,False,20.81,18,simulated,algorithmically_generated_scenario,False,False,False,False
6ab3660d-dafd-5c26-bb00-518370e1aff4,2026-11-24,SP021,195,100,left,30,grass_herbaceous,6.2,0.92,21.73,False,21.73,19,simulated,algorithmically_generated_scenario,False,False,False,False
173100b6-a54f-5b2e-a790-60b9a64fe029,2026-11-25,SP021,195,100,left,30,grass_herbaceous,0.0,0.69,22.42,False,22.42,20,simulated,algorithmically_generated_scenario,False,False,False,False
d5567973-61c7-58b6-8972-50cc5115ef4f,2026-11-26,SP021,195,100,left,30,grass_herbaceous,0.0,0.65,23.07,False,23.07,21,simulated,algorithmically_generated_scenario,False,False,False,False
216596bd-a5db-5441-a69a-9661994063db,2026-11-27,SP021,195,100,left,30,grass_herbaceous,3.4,0.66,23.73,False,23.73,22,simulated,algorithmically_generated_scenario,False,False,False,False
228c47b7-088a-59b7-9b40-17406106efc3,2026-11-28,SP021,195,100,left,30,grass_herbaceous,0.0,0.52,24.25,False,24.25,23,simulated,algorithmically_generated_scenario,False,False,False,False
96bc9dcf-b474-59c5-b1ef-c4b8875d8dd7,2026-11-29,SP021,195,100,left,30,grass_herbaceous,0.0,0.52,24.77,False,24.77,24,simulated,algorithmically_generated_scenario,False,False,False,False
ddcc53a2-1a9a-5533-98f1-7158be4f40b2,2026-11-30,SP021,195,100,left,30,grass_herbaceous,3.6,0.74,25.51,False,25.51,25,simulated,algorithmically_generated_scenario,False,False,False,False
94f8cdf9-13c6-5ffb-8ed8-3cd77e1e611b,2026-12-01,SP021,195,100,left,30,grass_herbaceous,11.5,1.07,26.58,False,26.58,26,simulated,algorithmically_generated_scenario,False,False,False,False
a2d91016-5e87-5180-9b2a-fb68926ae40f,2026-12-02,SP021,195,100,left,30,grass_herbaceous,8.8,0.8,27.38,False,27.38,27,simulated,algorithmically_generated_scenario,False,False,False,False
76e0cd2c-767a-5bd2-8d4b-9b85af8ec7ef,2026-12-03,SP021,195,100,left,30,grass_herbaceous,2.0,0.66,28.04,False,28.04,28,simulated,algorithmically_generated_scenario,False,False,False,False
7ecde1b6-675d-5976-8aaf-bd32c8948af5,2026-12-04,SP021,195,100,left,30,grass_herbaceous,8.5,0.95,28.99,False,28.99,29,simulated,algorithmically_generated_scenario,False,False,False,False
8af23cd6-a962-529a-bd2c-a13eeed6d8d2,2026-12-05,SP021,195,100,left,30,grass_herbaceous,0.0,0.75,29.74,False,29.74,30,simulated,algorithmically_generated_scenario,False,False,False,False
52043d24-6b91-58a3-b3bc-e7c33a5819e1,2026-12-06,SP021,195,100,left,30,grass_herbaceous,8.8,0.76,30.5,False,30.5,31,simulated,algorithmically_generated_scenario,False,False,False,False
17c423be-8c8d-5b79-b19c-166f2968e025,2026-12-07,SP021,195,100,left,30,grass_herbaceous,6.1,0.76,31.26,False,31.26,32,simulated,algorithmically_generated_scenario,False,False,False,False
adb341bb-e5bb-5619-8202-d620a29232af,2026-12-08,SP021,195,100,left,30,grass_herbaceous,0.2,0.64,31.9,False,31.9,33,simulated,algorithmically_generated_scenario,False,False,False,False
3b11643b-5fbc-57ed-8e3c-5771a68d1139,2026-12-09,SP021,195,100,left,30,grass_herbaceous,0.0,0.67,32.57,False,32.57,34,simulated,algorithmically_generated_scenario,False,False,False,False
d5b57f07-d8f2-5a96-9fa1-2c1e6110c8d2,2026-12-10,SP021,195,100,left,30,grass_herbaceous,0.2,0.74,33.31,False,33.31,35,simulated,algorithmically_generated_scenario,False,False,False,False
502515d1-b148-54bc-bb1c-9b42a0ac62f5,2026-12-11,SP021,195,100,left,30,grass_herbaceous,7.8,0.83,34.14,False,34.14,36,simulated,algorithmically_generated_scenario,False,False,False,False
b5389255-9737-5961-a59d-cedb2b93fdf3,2026-12-12,SP021,195,100,left,30,grass_herbaceous,4.5,0.65,34.79,False,34.79,37,simulated,algorithmically_generated_scenario,False,False,False,False
32e45b55-17ec-5813-8c56-3cb9e24db4b2,2026-12-13,SP021,195,100,left,30,grass_herbaceous,0.0,0.5,35.29,False,35.29,38,simulated,algorithmically_generated_scenario,False,False,False,False
c96bca89-a617-5caf-8ae6-aa1767664178,2026-12-14,SP021,195,100,left,30,grass_herbaceous,6.6,0.87,36.16,False,36.16,39,simulated,algorithmically_generated_scenario,False,False,False,False
abcb8b62-e4fc-591a-9f9b-34654997b5a8,2026-12-15,SP021,195,100,left,30,grass_herbaceous,1.5,0.78,36.94,False,36.94,40,simulated,algorithmically_generated_scenario,False,False,False,False
39901557-59c4-5787-897b-bc7c5b0742a9,2026-12-16,SP021,195,100,left,30,grass_herbaceous,6.6,0.69,37.63,False,37.63,41,simulated,algorithmically_generated_scenario,False,False,False,False
cce89f7e-22fd-5bc5-a1b2-a20cb1577ded,2026-12-17,SP021,195,100,left,30,grass_herbaceous,0.0,0.53,38.16,True,8.0,0,simulated,algorithmically_generated_scenario,False,False,False,False
a1236f81-efed-5b0c-9cda-eab5d40c8d32,2026-12-18,SP021,195,100,left,30,grass_herbaceous,11.5,1.08,9.08,False,9.08,1,simulated,algorithmically_generated_scenario,False,False,False,False
825fba5e-4915-591c-bf9f-b213a2060971,2026-12-19,SP021,195,100,left,30,grass_herbaceous,0.0,0.6,9.68,False,9.68,2,simulated,algorithmically_generated_scenario,False,False,False,False
33cb7f4e-ad5b-5742-b69a-3dfe2d25d149,2026-12-20,SP021,195,100,left,30,grass_herbaceous,6.0,0.93,10.61,False,10.61,3,simulated,algorithmically_generated_scenario,False,False,False,False
ae30c5c5-9b96-5f67-98ab-2eff0d2e65e3,2026-12-21,SP021,195,100,left,30,grass_herbaceous,3.6,0.69,11.3,False,11.3,4,simulated,algorithmically_generated_scenario,False,False,False,False
07766ae8-8722-5b38-b9dc-441d43c32ec5,2026-12-22,SP021,195,100,left,30,grass_herbaceous,0.0,0.58,11.88,False,11.88,5,simulated,algorithmically_generated_scenario,False,False,False,False
d7d58e3f-134f-5e0e-9d4c-ecfcd18d2c22,2026-12-23,SP021,195,100,left,30,grass_herbaceous,6.3,0.96,12.84,False,12.84,6,simulated,algorithmically_generated_scenario,False,False,False,False
ea180e4b-28c7-5a6d-81bb-6a6229d64076,2026-12-24,SP021,195,100,left,30,grass_herbaceous,0.0,0.81,13.65,False,13.65,7,simulated,algorithmically_generated_scenario,False,False,False,False
f901eefd-9081-52ac-8466-7ae63ed5ee18,2026-12-25,SP021,195,100,left,30,grass_herbaceous,9.2,1.0,14.65,False,14.65,8,simulated,algorithmically_generated_scenario,False,False,False,False
15023e77-ab54-53d6-9897-027bdb72217d,2026-12-26,SP021,195,100,left,30,grass_herbaceous,0.0,0.52,15.17,False,15.17,9,simulated,algorithmically_generated_scenario,False,False,False,False
a2c45a32-0942-5414-8193-08161fffcb8b,2026-12-27,SP021,195,100,left,30,grass_herbaceous,4.3,0.64,15.81,False,15.81,10,simulated,algorithmically_generated_scenario,False,False,False,False
3ef6c17d-8a79-5e60-9478-e86b32eb8bf7,2026-12-28,SP021,195,100,left,30,grass_herbaceous,0.0,0.73,16.54,False,16.54,11,simulated,algorithmically_generated_scenario,False,False,False,False
f4f042dc-bb0f-515c-aafa-88c8f30eb112,2026-12-29,SP021,195,100,left,30,grass_herbaceous,0.0,0.58,17.12,False,17.12,12,simulated,algorithmically_generated_scenario,False,False,False,False
bdf8b07c-b664-55d1-bc15-26de238f3518,2026-12-30,SP021,195,100,left,30,grass_herbaceous,9.6,0.95,18.07,False,18.07,13,simulated,algorithmically_generated_scenario,False,False,False,False
451c9e51-30e0-5c77-bc15-3cc97be27cc0,2026-12-31,SP021,195,100,left,30,grass_herbaceous,0.0,0.79,18.86,False,18.86,14,simulated,algorithmically_generated_scenario,False,False,False,False
090524b5-f8df-5c6b-ad58-82b8eaecef73,2027-01-01,SP021,195,100,left,30,grass_herbaceous,1.9,0.73,19.59,False,19.59,15,simulated,algorithmically_generated_scenario,False,False,False,False
0f1f4523-eb2d-518e-86e0-dc6d4aa18310,2027-01-02,SP021,195,100,left,30,grass_herbaceous,0.0,0.66,20.25,False,20.25,16,simulated,algorithmically_generated_scenario,False,False,False,False
ae8d601e-7ea3-5b48-89d6-393557957753,2027-01-03,SP021,195,100,left,30,grass_herbaceous,0.0,0.54,20.79,False,20.79,17,simulated,algorithmically_generated_scenario,False,False,False,False
52c53424-7404-5710-b86b-d4368401f596,2027-01-04,SP021,195,100,left,30,grass_herbaceous,0.0,0.58,21.37,False,21.37,18,simulated,algorithmically_generated_scenario,False,False,False,False
c4cc8c4f-30f3-5cbf-b879-a83a3fe06658,2027-01-05,SP021,195,100,left,30,grass_herbaceous,14.4,1.01,22.38,False,22.38,19,simulated,algorithmically_generated_scenario,False,False,False,False
a82fd8c8-7e3a-5d39-b814-4b5e32f595cb,2027-01-06,SP021,195,100,left,30,grass_herbaceous,1.4,0.75,23.13,False,23.13,20,simulated,algorithmically_generated_scenario,False,False,False,False
86d0dcb0-bd3e-5bc0-9498-6fe9a23137b1,2027-01-07,SP021,195,100,left,30,grass_herbaceous,7.8,0.75,23.88,False,23.88,21,simulated,algorithmically_generated_scenario,False,False,False,False
b010933b-b87c-57e8-b806-59d3e789cf94,2027-01-08,SP021,195,100,left,30,grass_herbaceous,2.9,0.77,24.65,False,24.65,22,simulated,algorithmically_generated_scenario,False,False,False,False
66214ebc-926b-5c21-aff6-4f8aeb730301,2027-01-09,SP021,195,100,left,30,grass_herbaceous,11.2,0.88,25.53,False,25.53,23,simulated,algorithmically_generated_scenario,False,False,False,False
70caf9b1-bfd7-5812-ab63-a8f87ca76f67,2027-01-10,SP021,195,100,left,30,grass_herbaceous,7.4,0.82,26.35,False,26.35,24,simulated,algorithmically_generated_scenario,False,False,False,False
d519c801-8b74-5594-9fc1-a32707ab7d7f,2027-01-11,SP021,195,100,left,30,grass_herbaceous,0.4,0.76,27.11,False,27.11,25,simulated,algorithmically_generated_scenario,False,False,False,False
bfd788ae-5394-5d92-a3bd-216933e70254,2027-01-12,SP021,195,100,left,30,grass_herbaceous,11.3,0.89,28.0,False,28.0,26,simulated,algorithmically_generated_scenario,False,False,False,False
9ba6a7fe-270b-5c91-913b-5bddc5b200cc,2027-01-13,SP021,195,100,left,30,grass_herbaceous,1.4,0.8,28.8,False,28.8,27,simulated,algorithmically_generated_scenario,False,False,False,False
c260c9b2-ae2f-51d1-b650-834ebd36446e,2027-01-14,SP021,195,100,left,30,grass_herbaceous,3.1,0.78,29.58,False,29.58,28,simulated,algorithmically_generated_scenario,False,False,False,False
76deb6ed-54e3-5703-b6da-041ce9d44a1a,2027-01-15,SP021,195,100,left,30,grass_herbaceous,5.8,0.75,30.33,False,30.33,29,simulated,algorithmically_generated_scenario,False,False,False,False
1e428ec3-0340-536f-82a7-8c33b0a1674b,2027-01-16,SP021,195,100,left,30,grass_herbaceous,4.9,0.67,31.0,False,31.0,30,simulated,algorithmically_generated_scenario,False,False,False,False
1e11950a-959a-5459-9328-3716a73af7bd,2027-01-17,SP021,195,100,left,30,grass_herbaceous,0.0,0.69,31.69,False,31.69,31,simulated,algorithmically_generated_scenario,False,False,False,False
75165aa0-e178-5409-8549-75141c2087cf,2027-01-18,SP021,195,100,left,30,grass_herbaceous,0.0,0.63,32.32,False,32.32,32,simulated,algorithmically_generated_scenario,False,False,False,False
6e9ae0f7-425f-5e10-8c72-564f449bd202,2027-01-19,SP021,195,100,left,30,grass_herbaceous,5.7,0.87,33.19,False,33.19,33,simulated,algorithmically_generated_scenario,False,False,False,False
96e06334-4dfc-598b-9650-04d8138f7b06,2027-01-20,SP021,195,100,left,30,grass_herbaceous,7.3,0.99,34.18,False,34.18,34,simulated,algorithmically_generated_scenario,False,False,False,False
171eb7e4-a2f2-5829-abba-27014687da9c,2027-01-21,SP021,195,100,left,30,grass_herbaceous,1.5,0.69,34.87,False,34.87,35,simulated,algorithmically_generated_scenario,False,False,False,False
dc096825-e9a7-5010-a770-a617a6481cb0,2027-01-22,SP021,195,100,left,30,grass_herbaceous,5.1,0.92,35.79,False,35.79,36,simulated,algorithmically_generated_scenario,False,False,False,False
bd086379-60fa-5d27-ba00-a9a1c305cb7d,2027-01-23,SP021,195,100,left,30,grass_herbaceous,15.8,1.19,36.98,False,36.98,37,simulated,algorithmically_generated_scenario,False,False,False,False
0ba1d395-1136-5007-82ae-d8da5d8e63e1,2027-01-24,SP021,195,100,left,30,grass_herbaceous,3.4,0.65,37.63,False,37.63,38,simulated,algorithmically_generated_scenario,False,False,False,False
11cd5de7-d6e7-53d5-a5f6-c43106ea7dd4,2027-01-25,SP021,195,100,left,30,grass_herbaceous,0.8,0.67,38.3,False,38.3,39,simulated,algorithmically_generated_scenario,False,False,False,False
06de33e7-b3ac-5fda-9ac1-9add4b138d7f,2027-01-26,SP021,195,100,left,30,grass_herbaceous,18.0,1.13,39.43,False,39.43,40,simulated,algorithmically_generated_scenario,False,False,False,False
b40963a1-d5bd-576d-a44c-7462f63b6f65,2027-01-27,SP021,195,100,left,30,grass_herbaceous,2.6,0.65,40.08,False,40.08,41,simulated,algorithmically_generated_scenario,False,False,False,False
fceebfa4-af07-56fa-a4ba-6466c21996ba,2026-08-01,SP021,195,100,right,30,grass_herbaceous,0.0,0.66,21.66,False,21.66,,simulated,algorithmically_generated_scenario,False,False,False,False
6f97619e-8c5a-5de4-8844-d617d3a5e248,2026-08-02,SP021,195,100,right,30,grass_herbaceous,4.1,0.86,22.52,False,22.52,,simulated,algorithmically_generated_scenario,False,False,False,False
66669add-fa9d-514d-97c0-8a918293628c,2026-08-03,SP021,195,100,right,30,grass_herbaceous,5.0,0.99,23.51,False,23.51,,simulated,algorithmically_generated_scenario,False,False,False,False
ed512fb4-e2dc-5aee-866d-5b95e6f40578,2026-08-04,SP021,195,100,right,30,grass_herbaceous,0.0,0.61,24.12,False,24.12,,simulated,algorithmically_generated_scenario,False,False,False,False
e0e964c1-abe2-5abc-9ed3-af92a2fe40f7,2026-08-05,SP021,195,100,right,30,grass_herbaceous,0.0,0.77,24.89,False,24.89,,simulated,algorithmically_generated_scenario,False,False,False,False
1641cb55-06cf-58cf-ba26-ac6ae3e80f0f,2026-08-06,SP021,195,100,right,30,grass_herbaceous,0.0,0.86,25.75,False,25.75,,simulated,algorithmically_generated_scenario,False,False,False,False
e63b6266-cae3-5f5a-abcc-921ba772c565,2026-08-07,SP021,195,100,right,30,grass_herbaceous,6.3,0.78,26.53,False,26.53,,simulated,algorithmically_generated_scenario,False,False,False,False
7e218be1-1a86-51be-9b74-8e5f0f5fcfb3,2026-08-08,SP021,195,100,right,30,grass_herbaceous,9.5,1.09,27.62,False,27.62,,simulated,algorithmically_generated_scenario,False,False,False,False
f1e7159a-83f3-5f33-84e9-f7b1f19fe477,2026-08-09,SP021,195,100,right,30,grass_herbaceous,6.3,0.82,28.44,False,28.44,,simulated,algorithmically_generated_scenario,False,False,False,False
7e66b869-1359-52a3-9893-59de05e1e24b,2026-08-10,SP021,195,100,right,30,grass_herbaceous,8.2,0.77,29.21,False,29.21,,simulated,algorithmically_generated_scenario,False,False,False,False
af7c2948-d690-5cb0-9cf7-fbefb3ad9dd9,2026-08-11,SP021,195,100,right,30,grass_herbaceous,5.8,0.8,30.01,False,30.01,,simulated,algorithmically_generated_scenario,False,False,False,False
d987c31f-4061-5f9a-84bc-eb24c2972b70,2026-08-12,SP021,195,100,right,30,grass_herbaceous,11.6,0.93,30.94,False,30.94,,simulated,algorithmically_generated_scenario,False,False,False,False
fb9f215e-878b-5d12-8ada-a09a7807dc21,2026-08-13,SP021,195,100,right,30,grass_herbaceous,1.9,0.92,31.86,False,31.86,,simulated,algorithmically_generated_scenario,False,False,False,False
8e9ebffd-2e24-5f36-8fe4-39d8e7353129,2026-08-14,SP021,195,100,right,30,grass_herbaceous,0.2,0.85,32.71,False,32.71,,simulated,algorithmically_generated_scenario,False,False,False,False
3d599b79-4fc5-5382-89f1-34a7df8d5b7b,2026-08-15,SP021,195,100,right,30,grass_herbaceous,4.6,0.78,33.49,False,33.49,,simulated,algorithmically_generated_scenario,False,False,False,False
da96e0d7-4379-5a61-85fb-b09cc39c4f60,2026-08-16,SP021,195,100,right,30,grass_herbaceous,1.5,0.8,34.29,False,34.29,,simulated,algorithmically_generated_scenario,False,False,False,False
3a4b0c21-8f61-5610-a460-5af5bbf1df19,2026-08-17,SP021,195,100,right,30,grass_herbaceous,10.0,1.09,35.38,True,8.0,0,simulated,algorithmically_generated_scenario,False,False,False,False
8d28b8f7-9ca8-5e1f-859d-f197b077f132,2026-08-18,SP021,195,100,right,30,grass_herbaceous,11.1,0.86,8.86,False,8.86,1,simulated,algorithmically_generated_scenario,False,False,False,False
074a6ab8-e195-5af4-8780-5744b87dc949,2026-08-19,SP021,195,100,right,30,grass_herbaceous,3.7,0.76,9.62,False,9.62,2,simulated,algorithmically_generated_scenario,False,False,False,False
c300a47d-6ec5-5a5e-b019-68045d7a4a9b,2026-08-20,SP021,195,100,right,30,grass_herbaceous,4.5,0.98,10.6,False,10.6,3,simulated,algorithmically_generated_scenario,False,False,False,False
c8a5648d-3c36-5677-9097-c21ed3701559,2026-08-21,SP021,195,100,right,30,grass_herbaceous,5.7,0.92,11.52,False,11.52,4,simulated,algorithmically_generated_scenario,False,False,False,False
d4b02cd0-65ac-58bb-a6de-5b51bab4f405,2026-08-22,SP021,195,100,right,30,grass_herbaceous,8.4,0.98,12.5,False,12.5,5,simulated,algorithmically_generated_scenario,False,False,False,False
35b5d334-ed68-5dcc-8ed4-216a7b489f63,2026-08-23,SP021,195,100,right,30,grass_herbaceous,0.0,0.71,13.21,False,13.21,6,simulated,algorithmically_generated_scenario,False,False,False,False
b4ccafaa-c0c8-5456-a52b-8ce1ed8b3487,2026-08-24,SP021,195,100,right,30,grass_herbaceous,4.0,0.7,13.91,False,13.91,7,simulated,algorithmically_generated_scenario,False,False,False,False
cf302f97-5aef-5d2f-a54c-8d80c6332055,2026-08-25,SP021,195,100,right,30,grass_herbaceous,1.6,0.8,14.71,False,14.71,8,simulated,algorithmically_generated_scenario,False,False,False,False
479cc1ff-6273-5987-b4e7-0a17dcf0520a,2026-08-26,SP021,195,100,right,30,grass_herbaceous,0.0,0.65,15.36,False,15.36,9,simulated,algorithmically_generated_scenario,False,False,False,False
c300c41f-ec1c-51fb-8f8f-3260d417098e,2026-08-27,SP021,195,100,right,30,grass_herbaceous,0.0,0.76,16.12,False,16.12,10,simulated,algorithmically_generated_scenario,False,False,False,False
f5c8cd88-f1d7-5e43-b92e-b6a36eace80d,2026-08-28,SP021,195,100,right,30,grass_herbaceous,0.0,0.79,16.91,False,16.91,11,simulated,algorithmically_generated_scenario,False,False,False,False
ef7eda18-6350-5511-8dde-3b60f303a0c1,2026-08-29,SP021,195,100,right,30,grass_herbaceous,5.5,0.75,17.66,False,17.66,12,simulated,algorithmically_generated_scenario,False,False,False,False
9bb3e26b-fb01-5109-bd27-e2fcacbc861b,2026-08-30,SP021,195,100,right,30,grass_herbaceous,7.1,1.06,18.72,False,18.72,13,simulated,algorithmically_generated_scenario,False,False,False,False
b8ee09ba-51b5-5ccf-aa4c-f593fdcade4f,2026-08-31,SP021,195,100,right,30,grass_herbaceous,0.9,0.82,19.54,False,19.54,14,simulated,algorithmically_generated_scenario,False,False,False,False
e9357b8a-d248-5400-b177-3dec0eb32c8b,2026-09-01,SP021,195,100,right,30,grass_herbaceous,7.7,0.84,20.38,False,20.38,15,simulated,algorithmically_generated_scenario,False,False,False,False
1d1841ab-d6e2-557d-af6e-22814b84d34b,2026-09-02,SP021,195,100,right,30,grass_herbaceous,10.9,1.01,21.39,False,21.39,16,simulated,algorithmically_generated_scenario,False,False,False,False
42b41909-f23d-5d39-a5b8-bcf53db11ec1,2026-09-03,SP021,195,100,right,30,grass_herbaceous,4.8,0.79,22.18,False,22.18,17,simulated,algorithmically_generated_scenario,False,False,False,False
ca997823-e94f-5f97-9bac-36966f83aaba,2026-09-04,SP021,195,100,right,30,grass_herbaceous,12.9,1.14,23.32,False,23.32,18,simulated,algorithmically_generated_scenario,False,False,False,False
602036bb-fd6f-5ee1-be18-110a38e347e6,2026-09-05,SP021,195,100,right,30,grass_herbaceous,2.6,0.86,24.18,False,24.18,19,simulated,algorithmically_generated_scenario,False,False,False,False
db195a55-a2ee-5bed-827b-e59c8570dac7,2026-09-06,SP021,195,100,right,30,grass_herbaceous,6.8,0.79,24.97,False,24.97,20,simulated,algorithmically_generated_scenario,False,False,False,False
43cce4d8-58b4-5c2b-b29b-8092f68d38ce,2026-09-07,SP021,195,100,right,30,grass_herbaceous,1.9,0.89,25.86,False,25.86,21,simulated,algorithmically_generated_scenario,False,False,False,False
2672d9da-fa3c-5974-bcdf-655897a26b6b,2026-09-08,SP021,195,100,right,30,grass_herbaceous,9.6,0.93,26.79,False,26.79,22,simulated,algorithmically_generated_scenario,False,False,False,False
cb7ee299-d8e9-5551-950a-6210c10f9726,2026-09-09,SP021,195,100,right,30,grass_herbaceous,1.7,0.76,27.55,False,27.55,23,simulated,algorithmically_generated_scenario,False,False,False,False
42d6c2b3-eefb-546e-a8b9-1d05a4fa79b4,2026-09-10,SP021,195,100,right,30,grass_herbaceous,0.0,0.6,28.15,False,28.15,24,simulated,algorithmically_generated_scenario,False,False,False,False
49581379-427a-5a24-b1b2-6cab794cb56c,2026-09-11,SP021,195,100,right,30,grass_herbaceous,8.6,0.96,29.11,False,29.11,25,simulated,algorithmically_generated_scenario,False,False,False,False
d0213ca4-02b8-55d8-8237-752455257e60,2026-09-12,SP021,195,100,right,30,grass_herbaceous,7.9,0.87,29.98,False,29.98,26,simulated,algorithmically_generated_scenario,False,False,False,False
99c4ec38-054b-5a12-8db9-bad46c54ca71,2026-09-13,SP021,195,100,right,30,grass_herbaceous,2.3,0.73,30.71,False,30.71,27,simulated,algorithmically_generated_scenario,False,False,False,False
e111b5e3-6a62-5522-806d-6786c7be0530,2026-09-14,SP021,195,100,right,30,grass_herbaceous,1.0,0.81,31.52,False,31.52,28,simulated,algorithmically_generated_scenario,False,False,False,False
daa1bec6-bece-56e2-844c-b03be3eb4672,2026-09-15,SP021,195,100,right,30,grass_herbaceous,0.0,0.78,32.3,False,32.3,29,simulated,algorithmically_generated_scenario,False,False,False,False
df2b3cae-593f-5d01-b6e3-bca96ea3f2c6,2026-09-16,SP021,195,100,right,30,grass_herbaceous,2.2,0.62,32.92,False,32.92,30,simulated,algorithmically_generated_scenario,False,False,False,False
701f36f7-7845-5522-a111-08a7c4744687,2026-09-17,SP021,195,100,right,30,grass_herbaceous,5.8,0.98,33.9,False,33.9,31,simulated,algorithmically_generated_scenario,False,False,False,False
425acaa9-d373-5610-8a58-f305dfd7d36c,2026-09-18,SP021,195,100,right,30,grass_herbaceous,9.9,1.06,34.96,False,34.96,32,simulated,algorithmically_generated_scenario,False,False,False,False
d7e00635-b796-5bdf-a948-ef411df58388,2026-09-19,SP021,195,100,right,30,grass_herbaceous,4.0,0.95,35.91,False,35.91,33,simulated,algorithmically_generated_scenario,False,False,False,False
bcc44777-9237-57f2-bff3-010487e02a70,2026-09-20,SP021,195,100,right,30,grass_herbaceous,12.4,0.89,36.8,False,36.8,34,simulated,algorithmically_generated_scenario,False,False,False,False
aabbebc4-a554-532c-bf7f-ea89cc5d71f0,2026-09-21,SP021,195,100,right,30,grass_herbaceous,6.2,0.78,37.58,False,37.58,35,simulated,algorithmically_generated_scenario,False,False,False,False
4af6d31e-22bf-544a-94af-dea26635b863,2026-09-22,SP021,195,100,right,30,grass_herbaceous,0.0,0.76,38.34,False,38.34,36,simulated,algorithmically_generated_scenario,False,False,False,False
a41274f6-b4d8-5ebe-972b-087f3972118b,2026-09-23,SP021,195,100,right,30,grass_herbaceous,5.4,1.0,39.34,False,39.34,37,simulated,algorithmically_generated_scenario,False,False,False,False
edaaa554-2b63-54e7-bce9-5f5f93209159,2026-09-24,SP021,195,100,right,30,grass_herbaceous,4.3,0.83,40.17,False,40.17,38,simulated,algorithmically_generated_scenario,False,False,False,False
a15d2591-6d27-5a93-8da4-4653fbdd8fd8,2026-09-25,SP021,195,100,right,30,grass_herbaceous,0.0,0.63,40.8,False,40.8,39,simulated,algorithmically_generated_scenario,False,False,False,False
0875dbd9-4b57-5c8c-8c3c-475907f73001,2026-09-26,SP021,195,100,right,30,grass_herbaceous,6.2,0.97,41.77,False,41.77,40,simulated,algorithmically_generated_scenario,False,False,False,False
d945863e-e5d4-5f28-bb7d-b25f416b812d,2026-09-27,SP021,195,100,right,30,grass_herbaceous,0.0,0.61,42.38,False,42.38,41,simulated,algorithmically_generated_scenario,False,False,False,False
f2be2153-6b7e-5c60-ab3c-6dcff36d746b,2026-09-28,SP021,195,100,right,30,grass_herbaceous,6.3,0.77,43.15,False,43.15,42,simulated,algorithmically_generated_scenario,False,False,False,False
5763442e-dede-5c99-8b15-cabd54887722,2026-09-29,SP021,195,100,right,30,grass_herbaceous,2.6,0.82,43.97,False,43.97,43,simulated,algorithmically_generated_scenario,False,False,False,False
3b5111eb-a43e-59a3-ba7f-96765a176f3a,2026-09-30,SP021,195,100,right,30,grass_herbaceous,12.0,1.17,45.14,False,45.14,44,simulated,algorithmically_generated_scenario,False,False,False,False
ee2f09ed-89d1-53e2-9023-0707ca12b2a0,2026-10-01,SP021,195,100,right,30,grass_herbaceous,2.5,0.91,46.05,True,8.0,0,simulated,algorithmically_generated_scenario,False,False,False,False
b26b52ee-ed30-58ff-bc46-acd83586f3a1,2026-10-02,SP021,195,100,right,30,grass_herbaceous,0.0,0.63,8.63,False,8.63,1,simulated,algorithmically_generated_scenario,False,False,False,False
10c6d6bb-472f-53d7-a1d1-08ff0c5385f4,2026-10-03,SP021,195,100,right,30,grass_herbaceous,2.8,0.71,9.34,False,9.34,2,simulated,algorithmically_generated_scenario,False,False,False,False
43901ffd-ddc9-579b-a083-3507aee8964a,2026-10-04,SP021,195,100,right,30,grass_herbaceous,0.0,0.77,10.11,False,10.11,3,simulated,algorithmically_generated_scenario,False,False,False,False
7630f913-d526-5f85-8b76-9b8443e626dd,2026-10-05,SP021,195,100,right,30,grass_herbaceous,0.0,0.63,10.74,False,10.74,4,simulated,algorithmically_generated_scenario,False,False,False,False
bd62d0f1-6b59-565e-b896-49c836c106dc,2026-10-06,SP021,195,100,right,30,grass_herbaceous,0.0,0.66,11.4,False,11.4,5,simulated,algorithmically_generated_scenario,False,False,False,False
97e2f6f8-d8c7-5e02-8315-8069411663f4,2026-10-07,SP021,195,100,right,30,grass_herbaceous,7.2,0.76,12.16,False,12.16,6,simulated,algorithmically_generated_scenario,False,False,False,False
1e26ddb9-ae3a-5c74-b2b0-527e0f75d7f6,2026-10-08,SP021,195,100,right,30,grass_herbaceous,8.8,0.87,13.03,False,13.03,7,simulated,algorithmically_generated_scenario,False,False,False,False
06e67852-2343-58c0-9e12-0a5aa4769d40,2026-10-09,SP021,195,100,right,30,grass_herbaceous,3.3,0.69,13.72,False,13.72,8,simulated,algorithmically_generated_scenario,False,False,False,False
3e001154-d5b2-5658-aa13-4c24d697ffce,2026-10-10,SP021,195,100,right,30,grass_herbaceous,12.8,1.07,14.79,False,14.79,9,simulated,algorithmically_generated_scenario,False,False,False,False
124d00fd-ae69-52bd-b88e-e3d0f0ff3ad6,2026-10-11,SP021,195,100,right,30,grass_herbaceous,4.5,0.92,15.71,False,15.71,10,simulated,algorithmically_generated_scenario,False,False,False,False
a31cc20c-908a-5d8d-a416-a667dad98349,2026-10-12,SP021,195,100,right,30,grass_herbaceous,0.0,0.77,16.48,False,16.48,11,simulated,algorithmically_generated_scenario,False,False,False,False
5b6bd401-f4a2-5fba-aa3b-d35bf3592ca6,2026-10-13,SP021,195,100,right,30,grass_herbaceous,8.8,0.89,17.37,False,17.37,12,simulated,algorithmically_generated_scenario,False,False,False,False
9d9d92d7-a3f0-550a-be1e-b650fbcceeca,2026-10-14,SP021,195,100,right,30,grass_herbaceous,1.6,0.9,18.27,False,18.27,13,simulated,algorithmically_generated_scenario,False,False,False,False
6f865fc9-b87a-5861-a060-4e55941f89f0,2026-10-15,SP021,195,100,right,30,grass_herbaceous,1.6,0.79,19.06,False,19.06,14,simulated,algorithmically_generated_scenario,False,False,False,False
b6f05492-1fde-5202-8988-bd2f6daa1f7d,2026-10-16,SP021,195,100,right,30,grass_herbaceous,9.6,0.89,19.95,False,19.95,15,simulated,algorithmically_generated_scenario,False,False,False,False
a25a765f-cb5e-5405-b1f2-e5bc77cdd1e5,2026-10-17,SP021,195,100,right,30,grass_herbaceous,12.2,0.95,20.9,False,20.9,16,simulated,algorithmically_generated_scenario,False,False,False,False
dbe57054-868a-57e8-bb56-c56e9b04e243,2026-10-18,SP021,195,100,right,30,grass_herbaceous,4.7,0.72,21.62,False,21.62,17,simulated,algorithmically_generated_scenario,False,False,False,False
67009509-d602-5848-83da-c989ef6ad116,2026-10-19,SP021,195,100,right,30,grass_herbaceous,9.7,0.87,22.49,False,22.49,18,simulated,algorithmically_generated_scenario,False,False,False,False
b48e3b74-9604-52c4-8466-d1f765feb4b5,2026-10-20,SP021,195,100,right,30,grass_herbaceous,8.3,1.01,23.5,False,23.5,19,simulated,algorithmically_generated_scenario,False,False,False,False
224fc3f5-06d0-5687-9165-79d136d22a55,2026-10-21,SP021,195,100,right,30,grass_herbaceous,4.6,0.88,24.38,False,24.38,20,simulated,algorithmically_generated_scenario,False,False,False,False
2c3f8a67-cc0c-5086-8159-7c52493fc229,2026-10-22,SP021,195,100,right,30,grass_herbaceous,5.2,0.88,25.26,False,25.26,21,simulated,algorithmically_generated_scenario,False,False,False,False
b8cd0755-843d-5891-99a2-a8edbb541e7d,2026-10-23,SP021,195,100,right,30,grass_herbaceous,0.0,0.73,25.99,False,25.99,22,simulated,algorithmically_generated_scenario,False,False,False,False
f196b368-be41-5712-9065-b2e397e5aa38,2026-10-24,SP021,195,100,right,30,grass_herbaceous,3.6,0.86,26.85,False,26.85,23,simulated,algorithmically_generated_scenario,False,False,False,False
9b3f2790-ecbd-5bad-a93b-a4843951ac4f,2026-10-25,SP021,195,100,right,30,grass_herbaceous,6.4,0.92,27.77,False,27.77,24,simulated,algorithmically_generated_scenario,False,False,False,False
240a21fa-3821-5185-b751-682c57a10bd9,2026-10-26,SP021,195,100,right,30,grass_herbaceous,8.4,0.84,28.61,False,28.61,25,simulated,algorithmically_generated_scenario,False,False,False,False
40710dc4-4cf4-5c4c-adfd-1239a187b986,2026-10-27,SP021,195,100,right,30,grass_herbaceous,11.0,0.94,29.55,False,29.55,26,simulated,algorithmically_generated_scenario,False,False,False,False
a24f9cbd-4e3b-50da-83bf-aafe14e7705c,2026-10-28,SP021,195,100,right,30,grass_herbaceous,4.2,0.81,30.36,False,30.36,27,simulated,algorithmically_generated_scenario,False,False,False,False
61154988-c1c6-5b36-9e29-53ed5f011852,2026-10-29,SP021,195,100,right,30,grass_herbaceous,4.5,0.69,31.05,False,31.05,28,simulated,algorithmically_generated_scenario,False,False,False,False
c952b224-229a-5c9a-9e89-485cd57d898f,2026-10-30,SP021,195,100,right,30,grass_herbaceous,0.0,0.83,31.88,False,31.88,29,simulated,algorithmically_generated_scenario,False,False,False,False
b2619c11-1c39-5b69-a8c0-6a81e68f99f3,2026-10-31,SP021,195,100,right,30,grass_herbaceous,1.2,0.6,32.48,False,32.48,30,simulated,algorithmically_generated_scenario,False,False,False,False
f65178e0-0c3e-5b18-9c0e-e8974c641e00,2026-11-01,SP021,195,100,right,30,grass_herbaceous,2.4,0.73,33.21,False,33.21,31,simulated,algorithmically_generated_scenario,False,False,False,False
2aa845ae-3e7d-5716-8451-a4b2a34248a2,2026-11-02,SP021,195,100,right,30,grass_herbaceous,2.2,0.68,33.89,False,33.89,32,simulated,algorithmically_generated_scenario,False,False,False,False
1d81a335-0a77-50f5-8284-eebbd3e507a5,2026-11-03,SP021,195,100,right,30,grass_herbaceous,7.2,0.76,34.65,False,34.65,33,simulated,algorithmically_generated_scenario,False,False,False,False
a838511d-7c79-5908-8219-9a069591aa98,2026-11-04,SP021,195,100,right,30,grass_herbaceous,8.1,0.84,35.49,False,35.49,34,simulated,algorithmically_generated_scenario,False,False,False,False
6f3a3c78-cc1a-5583-b6f6-b3bd0c599c31,2026-11-05,SP021,195,100,right,30,grass_herbaceous,8.4,1.02,36.51,False,36.51,35,simulated,algorithmically_generated_scenario,False,False,False,False
9df6aabe-0910-5258-a43c-cb1932b473cf,2026-11-06,SP021,195,100,right,30,grass_herbaceous,3.1,0.93,37.44,False,37.44,36,simulated,algorithmically_generated_scenario,False,False,False,False
3b59232e-d1c4-51d8-bad8-23bafbf609ed,2026-11-07,SP021,195,100,right,30,grass_herbaceous,4.8,0.89,38.33,False,38.33,37,simulated,algorithmically_generated_scenario,False,False,False,False
d5788655-583c-5b81-b4fa-ee48fe86359f,2026-11-08,SP021,195,100,right,30,grass_herbaceous,6.4,1.03,39.36,False,39.36,38,simulated,algorithmically_generated_scenario,False,False,False,False
8e78471d-0da6-5d0d-85fa-bb913ee031bf,2026-11-09,SP021,195,100,right,30,grass_herbaceous,8.0,0.77,40.13,False,40.13,39,simulated,algorithmically_generated_scenario,False,False,False,False
8d64bfb5-bc11-5ca5-9f9b-6735829aa68c,2026-11-10,SP021,195,100,right,30,grass_herbaceous,8.7,1.05,41.18,False,41.18,40,simulated,algorithmically_generated_scenario,False,False,False,False
e2f060c8-3941-560c-9406-61aace4a0106,2026-11-11,SP021,195,100,right,30,grass_herbaceous,3.5,0.72,41.9,False,41.9,41,simulated,algorithmically_generated_scenario,False,False,False,False
14831906-1547-5d24-bae1-aa9080ca1a63,2026-11-12,SP021,195,100,right,30,grass_herbaceous,12.3,0.96,42.86,False,42.86,42,simulated,algorithmically_generated_scenario,False,False,False,False
7c01417f-0ddd-56ae-9bc0-ad6c281de8d7,2026-11-13,SP021,195,100,right,30,grass_herbaceous,5.5,0.86,43.72,False,43.72,43,simulated,algorithmically_generated_scenario,False,False,False,False
3a4d529c-c11e-5cd8-b302-8011eb722c5d,2026-11-14,SP021,195,100,right,30,grass_herbaceous,3.6,0.67,44.39,False,44.39,44,simulated,algorithmically_generated_scenario,False,False,False,False
59a6c51c-9c54-5bc4-a388-ace1e88e2d5d,2026-11-15,SP021,195,100,right,30,grass_herbaceous,0.0,0.79,45.18,True,8.0,0,simulated,algorithmically_generated_scenario,False,False,False,False
b77953ca-d860-5844-bb5b-71d26396780b,2026-11-16,SP021,195,100,right,30,grass_herbaceous,9.5,1.06,9.06,False,9.06,1,simulated,algorithmically_generated_scenario,False,False,False,False
114dc9cb-e218-5713-a55e-477b1dd0d574,2026-11-17,SP021,195,100,right,30,grass_herbaceous,1.3,0.89,9.95,False,9.95,2,simulated,algorithmically_generated_scenario,False,False,False,False
d1a73a60-ebb1-5a8b-a025-d473623daa10,2026-11-18,SP021,195,100,right,30,grass_herbaceous,1.8,0.81,10.76,False,10.76,3,simulated,algorithmically_generated_scenario,False,False,False,False
93e243ca-7d9c-52ee-84e6-7c99080221a0,2026-11-19,SP021,195,100,right,30,grass_herbaceous,0.0,0.81,11.57,False,11.57,4,simulated,algorithmically_generated_scenario,False,False,False,False
2266c24c-7a28-5cda-b680-500c6ccabedf,2026-11-20,SP021,195,100,right,30,grass_herbaceous,3.2,0.88,12.45,False,12.45,5,simulated,algorithmically_generated_scenario,False,False,False,False
4465051d-5d06-5795-91c1-a435d9f75515,2026-11-21,SP021,195,100,right,30,grass_herbaceous,3.3,0.72,13.17,False,13.17,6,simulated,algorithmically_generated_scenario,False,False,False,False
905aafa4-1f99-5b3a-9ff6-e9d9ed0402e6,2026-11-22,SP021,195,100,right,30,grass_herbaceous,0.9,0.83,14.0,False,14.0,7,simulated,algorithmically_generated_scenario,False,False,False,False
35462b5b-e005-55cd-bded-5526247a332b,2026-11-23,SP021,195,100,right,30,grass_herbaceous,1.7,0.74,14.74,False,14.74,8,simulated,algorithmically_generated_scenario,False,False,False,False
3ba62a0b-ded8-5a72-80d7-27bc1cd5781c,2026-11-24,SP021,195,100,right,30,grass_herbaceous,4.6,0.88,15.62,False,15.62,9,simulated,algorithmically_generated_scenario,False,False,False,False
3dd7a916-3029-54a6-b34e-5fdb3a0c358b,2026-11-25,SP021,195,100,right,30,grass_herbaceous,17.1,1.3,16.92,False,16.92,10,simulated,algorithmically_generated_scenario,False,False,False,False
cdf954fb-6b4e-5abb-870d-d13f42f37910,2026-11-26,SP021,195,100,right,30,grass_herbaceous,0.0,0.58,17.5,False,17.5,11,simulated,algorithmically_generated_scenario,False,False,False,False
946a7093-6606-51d5-8866-cff0d0c04237,2026-11-27,SP021,195,100,right,30,grass_herbaceous,5.7,0.77,18.27,False,18.27,12,simulated,algorithmically_generated_scenario,False,False,False,False
03fe38fb-59f6-55cf-92c3-883ce3a13e6a,2026-11-28,SP021,195,100,right,30,grass_herbaceous,0.0,0.81,19.08,False,19.08,13,simulated,algorithmically_generated_scenario,False,False,False,False
915bbe29-475a-5ed2-a6e0-37155bafb441,2026-11-29,SP021,195,100,right,30,grass_herbaceous,6.2,0.83,19.91,False,19.91,14,simulated,algorithmically_generated_scenario,False,False,False,False
fd7559ea-de81-55bf-8571-2bf7f7ee54aa,2026-11-30,SP021,195,100,right,30,grass_herbaceous,0.3,0.64,20.55,False,20.55,15,simulated,algorithmically_generated_scenario,False,False,False,False
b24c7038-be0f-5187-926e-1774af6e1a69,2026-12-01,SP021,195,100,right,30,grass_herbaceous,5.3,0.76,21.31,False,21.31,16,simulated,algorithmically_generated_scenario,False,False,False,False
a9826f66-eef0-57ac-97e4-e7ceb15e1458,2026-12-02,SP021,195,100,right,30,grass_herbaceous,2.6,0.63,21.94,False,21.94,17,simulated,algorithmically_generated_scenario,False,False,False,False
f76e7457-2262-5025-8100-04e6fdfa40a3,2026-12-03,SP021,195,100,right,30,grass_herbaceous,0.0,0.56,22.5,False,22.5,18,simulated,algorithmically_generated_scenario,False,False,False,False
d946210c-5441-5045-aedc-db4553de7dbf,2026-12-04,SP021,195,100,right,30,grass_herbaceous,5.0,0.9,23.4,False,23.4,19,simulated,algorithmically_generated_scenario,False,False,False,False
143b7fdb-ecad-5d13-9cc5-6e3618a8a4ba,2026-12-05,SP021,195,100,right,30,grass_herbaceous,1.2,0.72,24.12,False,24.12,20,simulated,algorithmically_generated_scenario,False,False,False,False
7b1e4f33-283f-5d65-8946-4d8d1f9a55e5,2026-12-06,SP021,195,100,right,30,grass_herbaceous,0.0,0.84,24.96,False,24.96,21,simulated,algorithmically_generated_scenario,False,False,False,False
553a5746-c3db-58a3-9d06-bdb21df4b944,2026-12-07,SP021,195,100,right,30,grass_herbaceous,2.0,0.66,25.62,False,25.62,22,simulated,algorithmically_generated_scenario,False,False,False,False
5e481674-7f15-5947-b6a4-f466ced1ffca,2026-12-08,SP021,195,100,right,30,grass_herbaceous,13.7,1.13,26.75,False,26.75,23,simulated,algorithmically_generated_scenario,False,False,False,False
350944a0-af56-5da9-b6cf-50289827643e,2026-12-09,SP021,195,100,right,30,grass_herbaceous,0.5,0.66,27.41,False,27.41,24,simulated,algorithmically_generated_scenario,False,False,False,False
ba9e635d-5995-55ca-84dd-1827c7568edd,2026-12-10,SP021,195,100,right,30,grass_herbaceous,3.7,0.9,28.31,False,28.31,25,simulated,algorithmically_generated_scenario,False,False,False,False
6b85dc90-3c29-519a-9835-401a91990835,2026-12-11,SP021,195,100,right,30,grass_herbaceous,10.3,0.9,29.21,False,29.21,26,simulated,algorithmically_generated_scenario,False,False,False,False
99e5e7ad-40d6-54f3-908c-b59f7bb5f89b,2026-12-12,SP021,195,100,right,30,grass_herbaceous,7.5,0.92,30.13,False,30.13,27,simulated,algorithmically_generated_scenario,False,False,False,False
49220925-e105-5cde-806d-009c0f5aaf90,2026-12-13,SP021,195,100,right,30,grass_herbaceous,0.0,0.88,31.01,False,31.01,28,simulated,algorithmically_generated_scenario,False,False,False,False
2c4934ce-4742-5459-a0e3-b10e562672e0,2026-12-14,SP021,195,100,right,30,grass_herbaceous,0.5,0.77,31.78,False,31.78,29,simulated,algorithmically_generated_scenario,False,False,False,False
7a8bcdbf-3538-50c2-990b-3fc23f7dd467,2026-12-15,SP021,195,100,right,30,grass_herbaceous,8.5,0.96,32.74,False,32.74,30,simulated,algorithmically_generated_scenario,False,False,False,False
7a0e657d-9e30-56ba-a94c-0828de52c210,2026-12-16,SP021,195,100,right,30,grass_herbaceous,7.9,0.81,33.55,False,33.55,31,simulated,algorithmically_generated_scenario,False,False,False,False
6c193ab9-d5fa-5981-b370-7dd5fd6abfcf,2026-12-17,SP021,195,100,right,30,grass_herbaceous,1.2,0.86,34.41,False,34.41,32,simulated,algorithmically_generated_scenario,False,False,False,False
732ac49e-0cb0-5ff5-83ef-eea563370169,2026-12-18,SP021,195,100,right,30,grass_herbaceous,7.2,0.98,35.39,False,35.39,33,simulated,algorithmically_generated_scenario,False,False,False,False
cebe1153-e36f-50ce-98f6-f120ca1ed7eb,2026-12-19,SP021,195,100,right,30,grass_herbaceous,0.0,0.63,36.02,False,36.02,34,simulated,algorithmically_generated_scenario,False,False,False,False
e8233e5d-24ec-5f88-9140-fa1a6fb3fe14,2026-12-20,SP021,195,100,right,30,grass_herbaceous,9.0,0.91,36.93,False,36.93,35,simulated,algorithmically_generated_scenario,False,False,False,False
b87cd9cd-9182-5112-a467-612d450dbb61,2026-12-21,SP021,195,100,right,30,grass_herbaceous,1.2,0.71,37.64,False,37.64,36,simulated,algorithmically_generated_scenario,False,False,False,False
c3eb38c1-40b3-5bff-b6c2-91a31929896e,2026-12-22,SP021,195,100,right,30,grass_herbaceous,0.0,0.75,38.39,False,38.39,37,simulated,algorithmically_generated_scenario,False,False,False,False
5feb6b1b-2dd1-5e70-937b-b843ee3be5dc,2026-12-23,SP021,195,100,right,30,grass_herbaceous,3.1,0.92,39.31,False,39.31,38,simulated,algorithmically_generated_scenario,False,False,False,False
c78b09be-9ce2-5cd2-a9c8-227a8349c18b,2026-12-24,SP021,195,100,right,30,grass_herbaceous,2.0,0.75,40.06,False,40.06,39,simulated,algorithmically_generated_scenario,False,False,False,False
c2baab5c-ee5a-564a-bd57-9e1cef2f9ba9,2026-12-25,SP021,195,100,right,30,grass_herbaceous,14.6,1.07,41.13,False,41.13,40,simulated,algorithmically_generated_scenario,False,False,False,False
3669c955-440b-532f-987c-417bb769ca11,2026-12-26,SP021,195,100,right,30,grass_herbaceous,4.9,0.82,41.95,False,41.95,41,simulated,algorithmically_generated_scenario,False,False,False,False
70ae01c8-0edc-505d-b5a9-4924a71cd2ea,2026-12-27,SP021,195,100,right,30,grass_herbaceous,1.4,0.63,42.58,False,42.58,42,simulated,algorithmically_generated_scenario,False,False,False,False
d9bc3d9f-0a05-5bbc-a5d5-a16e2b26ec5d,2026-12-28,SP021,195,100,right,30,grass_herbaceous,6.8,1.05,43.63,False,43.63,43,simulated,algorithmically_generated_scenario,False,False,False,False
53270376-1588-54d4-bab8-8a3864ead3e4,2026-12-29,SP021,195,100,right,30,grass_herbaceous,6.7,0.73,44.36,False,44.36,44,simulated,algorithmically_generated_scenario,False,False,False,False
dae6813f-e5c2-54f5-9cb0-027fd070a5a5,2026-12-30,SP021,195,100,right,30,grass_herbaceous,4.4,0.82,45.18,True,8.0,0,simulated,algorithmically_generated_scenario,False,False,False,False
b816d9f4-de8a-58cb-86d6-22df3fa9051b,2026-12-31,SP021,195,100,right,30,grass_herbaceous,4.3,0.84,8.84,False,8.84,1,simulated,algorithmically_generated_scenario,False,False,False,False
4b963381-9ffe-5a43-9cc0-7ef52584420c,2027-01-01,SP021,195,100,right,30,grass_herbaceous,6.8,1.03,9.87,False,9.87,2,simulated,algorithmically_generated_scenario,False,False,False,False
5b923e47-a23a-5bb5-b2a8-0d9b90fa68dc,2027-01-02,SP021,195,100,right,30,grass_herbaceous,7.0,1.02,10.89,False,10.89,3,simulated,algorithmically_generated_scenario,False,False,False,False
89eab3ae-f46d-534d-8bf5-39c96f267a60,2027-01-03,SP021,195,100,right,30,grass_herbaceous,6.3,0.94,11.83,False,11.83,4,simulated,algorithmically_generated_scenario,False,False,False,False
35053c5a-6480-5a5c-b858-38474d53ee13,2027-01-04,SP021,195,100,right,30,grass_herbaceous,0.0,0.7,12.53,False,12.53,5,simulated,algorithmically_generated_scenario,False,False,False,False
2eb882bd-4579-585e-bece-dd43aada6836,2027-01-05,SP021,195,100,right,30,grass_herbaceous,0.0,0.69,13.22,False,13.22,6,simulated,algorithmically_generated_scenario,False,False,False,False
2ced60ed-1f11-5711-84e2-d3837afc4b40,2027-01-06,SP021,195,100,right,30,grass_herbaceous,14.8,1.17,14.39,False,14.39,7,simulated,algorithmically_generated_scenario,False,False,False,False
49821e24-6018-5dd5-9070-e6db8bf6c3cb,2027-01-07,SP021,195,100,right,30,grass_herbaceous,0.0,0.83,15.22,False,15.22,8,simulated,algorithmically_generated_scenario,False,False,False,False
67d5385f-ba92-518c-aea4-8662e301ca17,2027-01-08,SP021,195,100,right,30,grass_herbaceous,0.0,0.81,16.03,False,16.03,9,simulated,algorithmically_generated_scenario,False,False,False,False
70133469-9a96-52ed-8e7b-81f5b7ac31ca,2027-01-09,SP021,195,100,right,30,grass_herbaceous,5.1,0.71,16.74,False,16.74,10,simulated,algorithmically_generated_scenario,False,False,False,False
0bb2b6e0-0306-5fa6-8560-ced6aa37cda1,2027-01-10,SP021,195,100,right,30,grass_herbaceous,0.0,0.84,17.58,False,17.58,11,simulated,algorithmically_generated_scenario,False,False,False,False
bb3a41a3-600e-5a36-89e2-6a7a9307066a,2027-01-11,SP021,195,100,right,30,grass_herbaceous,6.3,0.77,18.35,False,18.35,12,simulated,algorithmically_generated_scenario,False,False,False,False
3bfd8745-ceef-5a1d-9c5b-18dc2533cc9b,2027-01-12,SP021,195,100,right,30,grass_herbaceous,8.2,0.86,19.21,False,19.21,13,simulated,algorithmically_generated_scenario,False,False,False,False
46e162d4-5596-5459-ab5d-9c7abf7f5118,2027-01-13,SP021,195,100,right,30,grass_herbaceous,7.1,0.76,19.97,False,19.97,14,simulated,algorithmically_generated_scenario,False,False,False,False
e91a749b-deb1-5000-a325-ebd0dd2976ff,2027-01-14,SP021,195,100,right,30,grass_herbaceous,8.7,1.09,21.06,False,21.06,15,simulated,algorithmically_generated_scenario,False,False,False,False
5e049d69-989e-5f99-907a-d71332458b5a,2027-01-15,SP021,195,100,right,30,grass_herbaceous,0.9,0.89,21.95,False,21.95,16,simulated,algorithmically_generated_scenario,False,False,False,False
5b2ddb0b-b53f-56e3-bd45-f1a5534a03a4,2027-01-16,SP021,195,100,right,30,grass_herbaceous,0.0,0.59,22.54,False,22.54,17,simulated,algorithmically_generated_scenario,False,False,False,False
6d322b3a-681d-529c-ba5c-90ae575a31f8,2027-01-17,SP021,195,100,right,30,grass_herbaceous,1.4,0.88,23.42,False,23.42,18,simulated,algorithmically_generated_scenario,False,False,False,False
3530d0aa-2767-5c6b-bd06-c19bdc44baf6,2027-01-18,SP021,195,100,right,30,grass_herbaceous,1.7,0.9,24.32,False,24.32,19,simulated,algorithmically_generated_scenario,False,False,False,False
08657224-e115-5e1a-918c-e0e01e8611c3,2027-01-19,SP021,195,100,right,30,grass_herbaceous,8.1,0.89,25.21,False,25.21,20,simulated,algorithmically_generated_scenario,False,False,False,False
6fb4a373-5ca5-5824-87e6-6f360a74588c,2027-01-20,SP021,195,100,right,30,grass_herbaceous,6.2,0.96,26.17,False,26.17,21,simulated,algorithmically_generated_scenario,False,False,False,False
a61a4ebc-251e-5129-a303-830e58435fef,2027-01-21,SP021,195,100,right,30,grass_herbaceous,8.4,1.03,27.2,False,27.2,22,simulated,algorithmically_generated_scenario,False,False,False,False
7a48fa45-3af8-53b9-8262-92bc9f9e465b,2027-01-22,SP021,195,100,right,30,grass_herbaceous,0.0,0.56,27.76,False,27.76,23,simulated,algorithmically_generated_scenario,False,False,False,False
b0ff6cae-69b3-5ea1-99b4-66237ec1f33b,2027-01-23,SP021,195,100,right,30,grass_herbaceous,11.6,0.87,28.63,False,28.63,24,simulated,algorithmically_generated_scenario,False,False,False,False
4156b400-b88f-550b-bb5c-e1531c246833,2027-01-24,SP021,195,100,right,30,grass_herbaceous,1.9,0.88,29.51,False,29.51,25,simulated,algorithmically_generated_scenario,False,False,False,False
27eb53e4-90a4-5843-9fc5-e45f788348d1,2027-01-25,SP021,195,100,right,30,grass_herbaceous,0.6,0.89,30.4,False,30.4,26,simulated,algorithmically_generated_scenario,False,False,False,False
2ba70335-5740-512b-9d16-63534c006a3d,2027-01-26,SP021,195,100,right,30,grass_herbaceous,3.1,0.7,31.1,False,31.1,27,simulated,algorithmically_generated_scenario,False,False,False,False
aecf1660-0ef2-5d25-8b72-b6d80b6640e8,2027-01-27,SP021,195,100,right,30,grass_herbaceous,4.2,0.94,32.04,False,32.04,28,simulated,algorithmically_generated_scenario,False,False,False,False
396a4a1e-65bd-53bf-8859-a6a5b312ca23,2026-08-01,SP021,195,100,median,30,grass_herbaceous,0.0,0.67,16.67,False,16.67,,simulated,algorithmically_generated_scenario,False,False,False,False
03c064d6-e146-51ac-969f-9f5869a2dbc8,2026-08-02,SP021,195,100,median,30,grass_herbaceous,6.0,0.85,17.52,False,17.52,,simulated,algorithmically_generated_scenario,False,False,False,False
bb75dac1-8665-5535-b9dd-6c29fd748562,2026-08-03,SP021,195,100,median,30,grass_herbaceous,0.4,0.48,18.0,False,18.0,,simulated,algorithmically_generated_scenario,False,False,False,False
4366114c-cc04-5a97-a0f1-54c5473e018a,2026-08-04,SP021,195,100,median,30,grass_herbaceous,7.1,0.72,18.72,False,18.72,,simulated,algorithmically_generated_scenario,False,False,False,False
96e69c03-ac06-537b-812d-0b0b15eb2388,2026-08-05,SP021,195,100,median,30,grass_herbaceous,2.7,0.77,19.49,False,19.49,,simulated,algorithmically_generated_scenario,False,False,False,False
d28321ad-77c1-5f86-a713-5770656706d3,2026-08-06,SP021,195,100,median,30,grass_herbaceous,0.7,0.7,20.19,False,20.19,,simulated,algorithmically_generated_scenario,False,False,False,False
d749fd64-f46a-523c-8b7d-277971567e10,2026-08-07,SP021,195,100,median,30,grass_herbaceous,0.0,0.67,20.86,False,20.86,,simulated,algorithmically_generated_scenario,False,False,False,False
d0b964d2-a860-5ada-99e7-31bd94f88c33,2026-08-08,SP021,195,100,median,30,grass_herbaceous,0.0,0.45,21.31,False,21.31,,simulated,algorithmically_generated_scenario,False,False,False,False
57953ff8-c83f-501e-85f5-a8c542df89bd,2026-08-09,SP021,195,100,median,30,grass_herbaceous,0.0,0.51,21.82,False,21.82,,simulated,algorithmically_generated_scenario,False,False,False,False
e4bb93e8-a9dc-5c65-8ea2-0fa14ad1aadc,2026-08-10,SP021,195,100,median,30,grass_herbaceous,4.7,0.56,22.38,False,22.38,,simulated,algorithmically_generated_scenario,False,False,False,False
4f95252b-85be-5b0d-88b1-43ee3908abeb,2026-08-11,SP021,195,100,median,30,grass_herbaceous,11.7,0.78,23.16,False,23.16,,simulated,algorithmically_generated_scenario,False,False,False,False
402cd258-3154-5285-9751-3033027db902,2026-08-12,SP021,195,100,median,30,grass_herbaceous,0.0,0.6,23.76,False,23.76,,simulated,algorithmically_generated_scenario,False,False,False,False
c845c0c2-a0f9-58d7-ab0d-c460c508d58b,2026-08-13,SP021,195,100,median,30,grass_herbaceous,6.0,0.86,24.62,False,24.62,,simulated,algorithmically_generated_scenario,False,False,False,False
221c2511-3395-5a66-9ae5-a88e68c2d8ee,2026-08-14,SP021,195,100,median,30,grass_herbaceous,0.0,0.69,25.31,False,25.31,,simulated,algorithmically_generated_scenario,False,False,False,False
77f81726-1dcf-5787-b9dd-2ef8e6c23b09,2026-08-15,SP021,195,100,median,30,grass_herbaceous,0.0,0.59,25.9,False,25.9,,simulated,algorithmically_generated_scenario,False,False,False,False
a4ed14f7-fbc3-5daa-87d9-b37ca637b9a7,2026-08-16,SP021,195,100,median,30,grass_herbaceous,0.0,0.66,26.56,False,26.56,,simulated,algorithmically_generated_scenario,False,False,False,False
d110d095-6f64-51b7-9c5b-4fa1a96a1c1f,2026-08-17,SP021,195,100,median,30,grass_herbaceous,0.0,0.42,26.98,False,26.98,,simulated,algorithmically_generated_scenario,False,False,False,False
b181a290-f72b-5642-a2c8-120592cbf028,2026-08-18,SP021,195,100,median,30,grass_herbaceous,7.4,0.72,27.7,False,27.7,,simulated,algorithmically_generated_scenario,False,False,False,False
bf89a385-fe44-5c8e-b474-a7eae242760e,2026-08-19,SP021,195,100,median,30,grass_herbaceous,6.7,0.85,28.55,False,28.55,,simulated,algorithmically_generated_scenario,False,False,False,False
57fa4e97-5197-5ba4-85a0-609d2188ad45,2026-08-20,SP021,195,100,median,30,grass_herbaceous,9.1,0.8,29.35,False,29.35,,simulated,algorithmically_generated_scenario,False,False,False,False
decae4e9-42b9-5926-af37-67846ec694dd,2026-08-21,SP021,195,100,median,30,grass_herbaceous,0.0,0.56,29.91,True,8.0,0,simulated,algorithmically_generated_scenario,False,False,False,False
5ea7576a-e060-5655-bd78-d5ecf6fe5795,2026-08-22,SP021,195,100,median,30,grass_herbaceous,2.6,0.73,8.73,False,8.73,1,simulated,algorithmically_generated_scenario,False,False,False,False
92e45a17-1160-5f59-92ba-dfeb1b4c7094,2026-08-23,SP021,195,100,median,30,grass_herbaceous,3.0,0.6,9.33,False,9.33,2,simulated,algorithmically_generated_scenario,False,False,False,False
f78fa197-62ff-517a-911d-b807527b63a6,2026-08-24,SP021,195,100,median,30,grass_herbaceous,9.0,0.7,10.03,False,10.03,3,simulated,algorithmically_generated_scenario,False,False,False,False
f8c75360-6a72-537b-9810-5193e1b0b364,2026-08-25,SP021,195,100,median,30,grass_herbaceous,7.0,0.86,10.89,False,10.89,4,simulated,algorithmically_generated_scenario,False,False,False,False
88cbf2b2-0a60-5954-93f6-e6fc502c11ee,2026-08-26,SP021,195,100,median,30,grass_herbaceous,0.0,0.53,11.42,False,11.42,5,simulated,algorithmically_generated_scenario,False,False,False,False
627a9b23-50d3-5114-8c3c-2a801cbef8e5,2026-08-27,SP021,195,100,median,30,grass_herbaceous,6.0,0.79,12.21,False,12.21,6,simulated,algorithmically_generated_scenario,False,False,False,False
e29541f2-fd3f-5060-8f88-349fa39717bd,2026-08-28,SP021,195,100,median,30,grass_herbaceous,3.0,0.73,12.94,False,12.94,7,simulated,algorithmically_generated_scenario,False,False,False,False
5a322e8c-567a-5b51-b633-f9e3684b7b0a,2026-08-29,SP021,195,100,median,30,grass_herbaceous,11.6,1.0,13.94,False,13.94,8,simulated,algorithmically_generated_scenario,False,False,False,False
44aee22f-50e9-503c-96b1-f7ba7ca50250,2026-08-30,SP021,195,100,median,30,grass_herbaceous,5.7,0.88,14.82,False,14.82,9,simulated,algorithmically_generated_scenario,False,False,False,False
7a315f66-6873-5b3c-b4f5-2713b8951a8c,2026-08-31,SP021,195,100,median,30,grass_herbaceous,12.7,0.8,15.62,False,15.62,10,simulated,algorithmically_generated_scenario,False,False,False,False
81ebcadf-9ab0-59e2-804e-ca1e88e92035,2026-09-01,SP021,195,100,median,30,grass_herbaceous,3.4,0.78,16.4,False,16.4,11,simulated,algorithmically_generated_scenario,False,False,False,False
5e7ed280-43db-5faa-bd5c-8cb21720ff39,2026-09-02,SP021,195,100,median,30,grass_herbaceous,11.9,0.9,17.3,False,17.3,12,simulated,algorithmically_generated_scenario,False,False,False,False
80213d58-bde1-585d-9179-c53038f0d8b1,2026-09-03,SP021,195,100,median,30,grass_herbaceous,10.1,0.91,18.21,False,18.21,13,simulated,algorithmically_generated_scenario,False,False,False,False
056f8c29-429e-5ca0-866c-f639e66ebf45,2026-09-04,SP021,195,100,median,30,grass_herbaceous,6.3,0.8,19.01,False,19.01,14,simulated,algorithmically_generated_scenario,False,False,False,False
6d21e279-1b6a-5d3c-af85-da083bde8026,2026-09-05,SP021,195,100,median,30,grass_herbaceous,2.5,0.74,19.75,False,19.75,15,simulated,algorithmically_generated_scenario,False,False,False,False
2d7bc09f-eafe-5e0e-88be-bfda8b9430c7,2026-09-06,SP021,195,100,median,30,grass_herbaceous,0.0,0.59,20.34,False,20.34,16,simulated,algorithmically_generated_scenario,False,False,False,False
6f666375-69e8-5dd3-ac75-39fd6077d50c,2026-09-07,SP021,195,100,median,30,grass_herbaceous,5.1,0.59,20.93,False,20.93,17,simulated,algorithmically_generated_scenario,False,False,False,False
3a805f86-1a94-5882-a6f8-97fcec1d3f85,2026-09-08,SP021,195,100,median,30,grass_herbaceous,4.7,0.82,21.75,False,21.75,18,simulated,algorithmically_generated_scenario,False,False,False,False
83edd250-ff15-546e-ae4e-03272b61545a,2026-09-09,SP021,195,100,median,30,grass_herbaceous,0.0,0.5,22.25,False,22.25,19,simulated,algorithmically_generated_scenario,False,False,False,False
ed26d4c0-0b2e-57f8-8bb1-faaf7651436c,2026-09-10,SP021,195,100,median,30,grass_herbaceous,6.4,0.86,23.11,False,23.11,20,simulated,algorithmically_generated_scenario,False,False,False,False
f144a952-1603-5229-b906-05bf41eaab1d,2026-09-11,SP021,195,100,median,30,grass_herbaceous,6.9,0.61,23.72,False,23.72,21,simulated,algorithmically_generated_scenario,False,False,False,False
8efe0597-7f55-5203-bc5f-c75fa032a2d7,2026-09-12,SP021,195,100,median,30,grass_herbaceous,2.9,0.56,24.28,False,24.28,22,simulated,algorithmically_generated_scenario,False,False,False,False
dc8ee188-f7b2-587c-88a3-8025ab62d730,2026-09-13,SP021,195,100,median,30,grass_herbaceous,5.2,0.65,24.93,False,24.93,23,simulated,algorithmically_generated_scenario,False,False,False,False
306ff78e-f3fb-51a7-927e-48ce2f510be5,2026-09-14,SP021,195,100,median,30,grass_herbaceous,0.0,0.42,25.35,False,25.35,24,simulated,algorithmically_generated_scenario,False,False,False,False
850653bb-7839-5123-b37b-5c7b34da1414,2026-09-15,SP021,195,100,median,30,grass_herbaceous,0.7,0.7,26.05,False,26.05,25,simulated,algorithmically_generated_scenario,False,False,False,False
be8038f6-f4e2-5e9c-aad3-4231502cfbe9,2026-09-16,SP021,195,100,median,30,grass_herbaceous,1.7,0.51,26.56,False,26.56,26,simulated,algorithmically_generated_scenario,False,False,False,False
fdb188be-01b4-5a7d-a322-af1e3c2b52ed,2026-09-17,SP021,195,100,median,30,grass_herbaceous,0.5,0.48,27.04,False,27.04,27,simulated,algorithmically_generated_scenario,False,False,False,False
68e75325-6021-5143-a71d-5102f103a522,2026-09-18,SP021,195,100,median,30,grass_herbaceous,8.8,0.68,27.72,False,27.72,28,simulated,algorithmically_generated_scenario,False,False,False,False
cbf1784f-f07a-574a-838d-4effbd541bcc,2026-09-19,SP021,195,100,median,30,grass_herbaceous,5.7,0.65,28.37,False,28.37,29,simulated,algorithmically_generated_scenario,False,False,False,False
17646e84-04f5-5eeb-9065-725b0cc30c56,2026-09-20,SP021,195,100,median,30,grass_herbaceous,0.3,0.48,28.85,False,28.85,30,simulated,algorithmically_generated_scenario,False,False,False,False
621e29bb-3104-58bb-a2d6-09415a1e7939,2026-09-21,SP021,195,100,median,30,grass_herbaceous,2.6,0.54,29.39,False,29.39,31,simulated,algorithmically_generated_scenario,False,False,False,False
345ba5d7-1944-5fb2-a6c6-611f7e67a0c9,2026-09-22,SP021,195,100,median,30,grass_herbaceous,5.7,0.74,30.13,False,30.13,32,simulated,algorithmically_generated_scenario,False,False,False,False
b4e1a98e-5915-5e08-8ae9-f5bfdfbd2a63,2026-09-23,SP021,195,100,median,30,grass_herbaceous,6.6,0.73,30.86,False,30.86,33,simulated,algorithmically_generated_scenario,False,False,False,False
d229e7df-0fbc-5337-a411-b7010f8fbd50,2026-09-24,SP021,195,100,median,30,grass_herbaceous,3.8,0.55,31.41,False,31.41,34,simulated,algorithmically_generated_scenario,False,False,False,False
45cdf7ed-111a-5adb-ad6b-be92aa7baf29,2026-09-25,SP021,195,100,median,30,grass_herbaceous,4.5,0.78,32.19,False,32.19,35,simulated,algorithmically_generated_scenario,False,False,False,False
cb91a7a1-b25f-5cf8-8d77-97d1dc0dd800,2026-09-26,SP021,195,100,median,30,grass_herbaceous,13.3,0.97,33.16,False,33.16,36,simulated,algorithmically_generated_scenario,False,False,False,False
d0fc61ff-b03b-56dc-b933-8eaa4eba22fa,2026-09-27,SP021,195,100,median,30,grass_herbaceous,9.7,0.88,34.04,False,34.04,37,simulated,algorithmically_generated_scenario,False,False,False,False
6579c52f-57af-58b8-85b9-069d2d5c36d6,2026-09-28,SP021,195,100,median,30,grass_herbaceous,2.6,0.57,34.61,False,34.61,38,simulated,algorithmically_generated_scenario,False,False,False,False
8c3252e1-857f-5cc5-bad7-c51ccf0cbd20,2026-09-29,SP021,195,100,median,30,grass_herbaceous,10.7,0.77,35.38,False,35.38,39,simulated,algorithmically_generated_scenario,False,False,False,False
7e7c698c-d05d-5b8f-be17-4a2beadd36d1,2026-09-30,SP021,195,100,median,30,grass_herbaceous,13.1,1.04,36.42,False,36.42,40,simulated,algorithmically_generated_scenario,False,False,False,False
f031f278-d02c-5a0c-84b5-df418c471eec,2026-10-01,SP021,195,100,median,30,grass_herbaceous,8.6,0.82,37.24,False,37.24,41,simulated,algorithmically_generated_scenario,False,False,False,False
1c1437d6-cce0-5e20-84c6-57bd10eccb8a,2026-10-02,SP021,195,100,median,30,grass_herbaceous,9.9,0.92,38.16,False,38.16,42,simulated,algorithmically_generated_scenario,False,False,False,False
b09e7243-e5d6-5db9-91d5-09ef100ba2ee,2026-10-03,SP021,195,100,median,30,grass_herbaceous,4.2,0.63,38.79,False,38.79,43,simulated,algorithmically_generated_scenario,False,False,False,False
4071a760-f56a-59bc-9ffa-47d8f68e8a8c,2026-10-04,SP021,195,100,median,30,grass_herbaceous,8.3,0.91,39.7,False,39.7,44,simulated,algorithmically_generated_scenario,False,False,False,False
8efab899-c612-5b21-8cd5-768c4a068eed,2026-10-05,SP021,195,100,median,30,grass_herbaceous,0.2,0.56,40.26,False,40.26,45,simulated,algorithmically_generated_scenario,False,False,False,False
27f2a97a-3aa1-5f1c-b300-a3ef155c173d,2026-10-06,SP021,195,100,median,30,grass_herbaceous,2.8,0.61,40.87,False,40.87,46,simulated,algorithmically_generated_scenario,False,False,False,False
97f816da-a55c-50a7-8644-b4ddb56ab821,2026-10-07,SP021,195,100,median,30,grass_herbaceous,0.7,0.73,41.6,False,41.6,47,simulated,algorithmically_generated_scenario,False,False,False,False
9c51db16-4100-561c-8366-b8f46dbfd1e8,2026-10-08,SP021,195,100,median,30,grass_herbaceous,16.2,1.06,42.66,False,42.66,48,simulated,algorithmically_generated_scenario,False,False,False,False
c55f9ac6-6535-5ca8-baf7-759cd2fbb422,2026-10-09,SP021,195,100,median,30,grass_herbaceous,8.0,0.78,43.44,False,43.44,49,simulated,algorithmically_generated_scenario,False,False,False,False
3f4d83b6-ebad-5bc7-9d50-41bbd9a6ffe7,2026-10-10,SP021,195,100,median,30,grass_herbaceous,0.0,0.54,43.98,True,8.0,0,simulated,algorithmically_generated_scenario,False,False,False,False
857198bc-9b17-5577-b058-1baab7851160,2026-10-11,SP021,195,100,median,30,grass_herbaceous,10.1,0.98,8.98,False,8.98,1,simulated,algorithmically_generated_scenario,False,False,False,False
016b53a1-2c9a-5f4b-975e-185e08504e9b,2026-10-12,SP021,195,100,median,30,grass_herbaceous,1.8,0.63,9.61,False,9.61,2,simulated,algorithmically_generated_scenario,False,False,False,False
b0189bd4-2709-5286-81f4-5115ca922668,2026-10-13,SP021,195,100,median,30,grass_herbaceous,7.2,0.74,10.35,False,10.35,3,simulated,algorithmically_generated_scenario,False,False,False,False
1e1035f0-40cd-5d43-8068-3f4df533c937,2026-10-14,SP021,195,100,median,30,grass_herbaceous,7.7,0.9,11.25,False,11.25,4,simulated,algorithmically_generated_scenario,False,False,False,False
c9478efe-6e6d-584e-aafc-b5d4afb800ad,2026-10-15,SP021,195,100,median,30,grass_herbaceous,6.3,0.6,11.85,False,11.85,5,simulated,algorithmically_generated_scenario,False,False,False,False
20c89c36-6c7d-5b24-834d-9e8e1272f58c,2026-10-16,SP021,195,100,median,30,grass_herbaceous,0.0,0.56,12.41,False,12.41,6,simulated,algorithmically_generated_scenario,False,False,False,False
ccc29bd1-f955-5356-8d90-d96f89d9840a,2026-10-17,SP021,195,100,median,30,grass_herbaceous,5.3,0.76,13.17,False,13.17,7,simulated,algorithmically_generated_scenario,False,False,False,False
57876c2a-ac0c-5870-a90d-4b49c1a41acf,2026-10-18,SP021,195,100,median,30,grass_herbaceous,4.3,0.7,13.87,False,13.87,8,simulated,algorithmically_generated_scenario,False,False,False,False
180c0c92-87ad-5f8b-b97e-66f85f31db49,2026-10-19,SP021,195,100,median,30,grass_herbaceous,0.0,0.45,14.32,False,14.32,9,simulated,algorithmically_generated_scenario,False,False,False,False
3b8ada41-dab7-539a-a40f-b0e18d6a2d0c,2026-10-20,SP021,195,100,median,30,grass_herbaceous,8.8,0.68,15.0,False,15.0,10,simulated,algorithmically_generated_scenario,False,False,False,False
790f14a4-c42d-57a5-84a5-49f60a144dcb,2026-10-21,SP021,195,100,median,30,grass_herbaceous,0.4,0.66,15.66,False,15.66,11,simulated,algorithmically_generated_scenario,False,False,False,False
da05d520-95be-5a5b-b708-97ce0bc5491e,2026-10-22,SP021,195,100,median,30,grass_herbaceous,11.8,0.87,16.53,False,16.53,12,simulated,algorithmically_generated_scenario,False,False,False,False
3606d697-0fe2-5973-951c-3aa1d8b1c323,2026-10-23,SP021,195,100,median,30,grass_herbaceous,5.4,0.71,17.24,False,17.24,13,simulated,algorithmically_generated_scenario,False,False,False,False
ebc1a100-0fdb-5892-b93b-70225672fb0c,2026-10-24,SP021,195,100,median,30,grass_herbaceous,5.2,0.66,17.9,False,17.9,14,simulated,algorithmically_generated_scenario,False,False,False,False
fc9f900e-1e53-56b6-b025-e99835d74d69,2026-10-25,SP021,195,100,median,30,grass_herbaceous,3.0,0.53,18.43,False,18.43,15,simulated,algorithmically_generated_scenario,False,False,False,False
8e951378-6940-55b4-bbce-df1eb1c19b54,2026-10-26,SP021,195,100,median,30,grass_herbaceous,10.6,0.71,19.14,False,19.14,16,simulated,algorithmically_generated_scenario,False,False,False,False
d6b27cbb-9590-5eae-9ef0-21c539570679,2026-10-27,SP021,195,100,median,30,grass_herbaceous,12.3,0.83,19.97,False,19.97,17,simulated,algorithmically_generated_scenario,False,False,False,False
83bc7d99-f47b-5e8c-ab66-8e433c2ef9aa,2026-10-28,SP021,195,100,median,30,grass_herbaceous,7.3,0.88,20.85,False,20.85,18,simulated,algorithmically_generated_scenario,False,False,False,False
5ede0579-3169-52ab-9641-040d91c943e6,2026-10-29,SP021,195,100,median,30,grass_herbaceous,0.0,0.43,21.28,False,21.28,19,simulated,algorithmically_generated_scenario,False,False,False,False
465d62e8-ed4b-5a2d-8cfc-a4680862274b,2026-10-30,SP021,195,100,median,30,grass_herbaceous,2.6,0.8,22.08,False,22.08,20,simulated,algorithmically_generated_scenario,False,False,False,False
ff1f2901-7221-5e28-859d-0f881ef63f5d,2026-10-31,SP021,195,100,median,30,grass_herbaceous,0.0,0.55,22.63,False,22.63,21,simulated,algorithmically_generated_scenario,False,False,False,False
973d4af6-6493-5fab-bee8-2e312b7c9ace,2026-11-01,SP021,195,100,median,30,grass_herbaceous,5.5,0.57,23.2,False,23.2,22,simulated,algorithmically_generated_scenario,False,False,False,False
99f5169d-3253-5095-877e-20fa31a57779,2026-11-02,SP021,195,100,median,30,grass_herbaceous,5.4,0.63,23.83,False,23.83,23,simulated,algorithmically_generated_scenario,False,False,False,False
142f0f51-aeb8-5fb2-821c-837a4fcd11da,2026-11-03,SP021,195,100,median,30,grass_herbaceous,6.9,0.71,24.54,False,24.54,24,simulated,algorithmically_generated_scenario,False,False,False,False
62bb904e-2ce9-53ce-904d-e273a4356a28,2026-11-04,SP021,195,100,median,30,grass_herbaceous,1.4,0.74,25.28,False,25.28,25,simulated,algorithmically_generated_scenario,False,False,False,False
8d3ee863-a075-5879-8fca-93d7cc484ba4,2026-11-05,SP021,195,100,median,30,grass_herbaceous,2.5,0.79,26.07,False,26.07,26,simulated,algorithmically_generated_scenario,False,False,False,False
5f449f92-e9f3-5db4-99d3-e92e30855441,2026-11-06,SP021,195,100,median,30,grass_herbaceous,2.9,0.64,26.71,False,26.71,27,simulated,algorithmically_generated_scenario,False,False,False,False
5ce4ab4c-4476-538a-859b-ccdb406f61db,2026-11-07,SP021,195,100,median,30,grass_herbaceous,2.6,0.54,27.25,False,27.25,28,simulated,algorithmically_generated_scenario,False,False,False,False
f27c1882-eea4-5636-90a1-a490109f5f58,2026-11-08,SP021,195,100,median,30,grass_herbaceous,0.0,0.69,27.94,False,27.94,29,simulated,algorithmically_generated_scenario,False,False,False,False
f28b2a21-38ce-5b80-8d8a-5bfe91cc89a0,2026-11-09,SP021,195,100,median,30,grass_herbaceous,9.1,0.82,28.76,False,28.76,30,simulated,algorithmically_generated_scenario,False,False,False,False
600243b6-4ba3-57f0-92b6-af618e71ccc1,2026-11-10,SP021,195,100,median,30,grass_herbaceous,3.7,0.76,29.52,False,29.52,31,simulated,algorithmically_generated_scenario,False,False,False,False
a023778b-1758-54a0-bf0f-05b23189cc2c,2026-11-11,SP021,195,100,median,30,grass_herbaceous,1.7,0.78,30.3,False,30.3,32,simulated,algorithmically_generated_scenario,False,False,False,False
5bec9607-a278-5900-b9c1-5940a312f1ca,2026-11-12,SP021,195,100,median,30,grass_herbaceous,0.0,0.47,30.77,False,30.77,33,simulated,algorithmically_generated_scenario,False,False,False,False
9398041c-bb85-5e6a-8ef2-b2ffc43a036b,2026-11-13,SP021,195,100,median,30,grass_herbaceous,6.6,0.81,31.58,False,31.58,34,simulated,algorithmically_generated_scenario,False,False,False,False
222cef60-9dbe-5562-96b7-bfc6937f4dcc,2026-11-14,SP021,195,100,median,30,grass_herbaceous,1.0,0.6,32.18,False,32.18,35,simulated,algorithmically_generated_scenario,False,False,False,False
77d97e74-4fa9-5ab1-b9a0-7d419d1747b9,2026-11-15,SP021,195,100,median,30,grass_herbaceous,2.4,0.74,32.92,False,32.92,36,simulated,algorithmically_generated_scenario,False,False,False,False
8f14a3e8-3ee8-5e40-89ef-5e5107f412a0,2026-11-16,SP021,195,100,median,30,grass_herbaceous,3.7,0.82,33.74,False,33.74,37,simulated,algorithmically_generated_scenario,False,False,False,False
d67f30ae-01d4-500d-a3de-af0c8c9230a5,2026-11-17,SP021,195,100,median,30,grass_herbaceous,4.9,0.65,34.39,False,34.39,38,simulated,algorithmically_generated_scenario,False,False,False,False
447f48bb-3547-5ca8-ba0e-7a6b43cec366,2026-11-18,SP021,195,100,median,30,grass_herbaceous,0.0,0.58,34.97,False,34.97,39,simulated,algorithmically_generated_scenario,False,False,False,False
4026034b-6804-583b-beab-ca9b5b8a8004,2026-11-19,SP021,195,100,median,30,grass_herbaceous,6.9,0.7,35.67,False,35.67,40,simulated,algorithmically_generated_scenario,False,False,False,False
faa277ea-a7b4-5a5e-84a3-c78320f0e50f,2026-11-20,SP021,195,100,median,30,grass_herbaceous,3.8,0.83,36.5,False,36.5,41,simulated,algorithmically_generated_scenario,False,False,False,False
3a53af22-f119-58da-80a6-587eb8e5f371,2026-11-21,SP021,195,100,median,30,grass_herbaceous,1.0,0.51,37.01,False,37.01,42,simulated,algorithmically_generated_scenario,False,False,False,False
b2fc2d8d-bd59-5911-be77-e9a1c08e7fc7,2026-11-22,SP021,195,100,median,30,grass_herbaceous,8.1,0.67,37.68,False,37.68,43,simulated,algorithmically_generated_scenario,False,False,False,False
d433b5b0-663a-5c47-82e0-0d34acb1a3a4,2026-11-23,SP021,195,100,median,30,grass_herbaceous,1.8,0.53,38.21,False,38.21,44,simulated,algorithmically_generated_scenario,False,False,False,False
2e8a65e2-4c85-5014-b1f0-7581cc2be78e,2026-11-24,SP021,195,100,median,30,grass_herbaceous,3.2,0.76,38.97,False,38.97,45,simulated,algorithmically_generated_scenario,False,False,False,False
d9ba8536-4315-59ae-a01f-4d25f052aef0,2026-11-25,SP021,195,100,median,30,grass_herbaceous,0.0,0.44,39.41,False,39.41,46,simulated,algorithmically_generated_scenario,False,False,False,False
1237a7ec-6c77-5dec-8adb-f175a892046e,2026-11-26,SP021,195,100,median,30,grass_herbaceous,10.6,0.89,40.3,False,40.3,47,simulated,algorithmically_generated_scenario,False,False,False,False
ecef6b1e-9e65-5e92-9bee-8748e20a6eab,2026-11-27,SP021,195,100,median,30,grass_herbaceous,9.8,0.68,40.98,False,40.98,48,simulated,algorithmically_generated_scenario,False,False,False,False
aa475542-cd89-5d0b-b63f-313c7dd0c090,2026-11-28,SP021,195,100,median,30,grass_herbaceous,8.1,0.67,41.65,False,41.65,49,simulated,algorithmically_generated_scenario,False,False,False,False
4d25b399-f280-5115-8a28-6b45059e20f1,2026-11-29,SP021,195,100,median,30,grass_herbaceous,9.4,0.73,42.38,True,8.0,0,simulated,algorithmically_generated_scenario,False,False,False,False
9831f2fc-ac47-541a-bd84-43c520809661,2026-11-30,SP021,195,100,median,30,grass_herbaceous,2.4,0.55,8.55,False,8.55,1,simulated,algorithmically_generated_scenario,False,False,False,False
40a62eba-6d1a-5d7a-8c9c-57fc84dd127a,2026-12-01,SP021,195,100,median,30,grass_herbaceous,8.2,0.66,9.21,False,9.21,2,simulated,algorithmically_generated_scenario,False,False,False,False
96592832-58c4-506a-90d0-a46817d11bb8,2026-12-02,SP021,195,100,median,30,grass_herbaceous,3.4,0.77,9.98,False,9.98,3,simulated,algorithmically_generated_scenario,False,False,False,False
ad9cff78-4f82-52a1-a46e-3920afd95daf,2026-12-03,SP021,195,100,median,30,grass_herbaceous,7.4,0.8,10.78,False,10.78,4,simulated,algorithmically_generated_scenario,False,False,False,False
391344e6-151d-5e91-813c-51d5d2d0e738,2026-12-04,SP021,195,100,median,30,grass_herbaceous,3.3,0.76,11.54,False,11.54,5,simulated,algorithmically_generated_scenario,False,False,False,False
19df745f-b63c-5dba-97f2-8c9e35fd00a3,2026-12-05,SP021,195,100,median,30,grass_herbaceous,2.0,0.71,12.25,False,12.25,6,simulated,algorithmically_generated_scenario,False,False,False,False
2986508d-e692-58e8-818c-f2f389d8f03e,2026-12-06,SP021,195,100,median,30,grass_herbaceous,0.0,0.74,12.99,False,12.99,7,simulated,algorithmically_generated_scenario,False,False,False,False
66d707f4-853b-5b17-92df-a40e71a23be9,2026-12-07,SP021,195,100,median,30,grass_herbaceous,4.9,0.72,13.71,False,13.71,8,simulated,algorithmically_generated_scenario,False,False,False,False
c03874d3-0df7-5396-a7fd-a03e85df32ff,2026-12-08,SP021,195,100,median,30,grass_herbaceous,3.9,0.81,14.52,False,14.52,9,simulated,algorithmically_generated_scenario,False,False,False,False
c2cbddfc-bb8b-54dd-9469-8ea7b1e456c8,2026-12-09,SP021,195,100,median,30,grass_herbaceous,11.4,0.78,15.3,False,15.3,10,simulated,algorithmically_generated_scenario,False,False,False,False
ba50c9e4-8ffc-57a5-a309-458b76a7d850,2026-12-10,SP021,195,100,median,30,grass_herbaceous,4.2,0.66,15.96,False,15.96,11,simulated,algorithmically_generated_scenario,False,False,False,False
3c4d0e2a-5fd2-5e4a-b38b-8f0cfbc5d58a,2026-12-11,SP021,195,100,median,30,grass_herbaceous,12.5,0.82,16.78,False,16.78,12,simulated,algorithmically_generated_scenario,False,False,False,False
2bdeb9fb-ff0c-549d-bd96-d9b9b18f543f,2026-12-12,SP021,195,100,median,30,grass_herbaceous,0.0,0.48,17.26,False,17.26,13,simulated,algorithmically_generated_scenario,False,False,False,False
3ff85fa1-6576-5e4c-89b5-69c9ef3c3bc9,2026-12-13,SP021,195,100,median,30,grass_herbaceous,6.6,0.69,17.95,False,17.95,14,simulated,algorithmically_generated_scenario,False,False,False,False
2c2fb214-3f8b-54f1-a253-56bf9592926d,2026-12-14,SP021,195,100,median,30,grass_herbaceous,0.0,0.65,18.6,False,18.6,15,simulated,algorithmically_generated_scenario,False,False,False,False
0f9f5148-771b-5120-b5d0-d1c8ff7b1e06,2026-12-15,SP021,195,100,median,30,grass_herbaceous,0.0,0.55,19.15,False,19.15,16,simulated,algorithmically_generated_scenario,False,False,False,False
354aaeec-9aba-5ede-816a-7a4f9b7e4230,2026-12-16,SP021,195,100,median,30,grass_herbaceous,0.0,0.44,19.59,False,19.59,17,simulated,algorithmically_generated_scenario,False,False,False,False
76d4f9e1-def7-5e4a-93ce-cdd22043fa77,2026-12-17,SP021,195,100,median,30,grass_herbaceous,0.0,0.6,20.19,False,20.19,18,simulated,algorithmically_generated_scenario,False,False,False,False
5939fdec-098d-59cc-87dc-25589c10e24d,2026-12-18,SP021,195,100,median,30,grass_herbaceous,2.0,0.64,20.83,False,20.83,19,simulated,algorithmically_generated_scenario,False,False,False,False
4ba93d4a-ef57-5bfd-9a85-ea14618c6969,2026-12-19,SP021,195,100,median,30,grass_herbaceous,6.8,0.67,21.5,False,21.5,20,simulated,algorithmically_generated_scenario,False,False,False,False
bd884976-87a6-5d21-bb44-99b0f5465736,2026-12-20,SP021,195,100,median,30,grass_herbaceous,12.4,0.95,22.45,False,22.45,21,simulated,algorithmically_generated_scenario,False,False,False,False
4b6e7860-b35b-5d1c-8734-4f3b00cf8c9e,2026-12-21,SP021,195,100,median,30,grass_herbaceous,4.0,0.63,23.08,False,23.08,22,simulated,algorithmically_generated_scenario,False,False,False,False
316fc813-f233-506a-8ffa-9856ae68f9e3,2026-12-22,SP021,195,100,median,30,grass_herbaceous,0.0,0.58,23.66,False,23.66,23,simulated,algorithmically_generated_scenario,False,False,False,False
0de7bef5-f5aa-597d-93af-3fd49d68d4dd,2026-12-23,SP021,195,100,median,30,grass_herbaceous,2.5,0.69,24.35,False,24.35,24,simulated,algorithmically_generated_scenario,False,False,False,False
70ed9098-0335-590c-9bc8-0652ec82851b,2026-12-24,SP021,195,100,median,30,grass_herbaceous,4.8,0.8,25.15,False,25.15,25,simulated,algorithmically_generated_scenario,False,False,False,False
26ab5d4d-f53c-5ba1-9002-84e92bf081bf,2026-12-25,SP021,195,100,median,30,grass_herbaceous,0.6,0.55,25.7,False,25.7,26,simulated,algorithmically_generated_scenario,False,False,False,False
d92e6b76-a308-5474-adb5-4e7c60163ad2,2026-12-26,SP021,195,100,median,30,grass_herbaceous,0.0,0.68,26.38,False,26.38,27,simulated,algorithmically_generated_scenario,False,False,False,False
ccc20636-cc47-58ba-acc2-e135bf7aa3bd,2026-12-27,SP021,195,100,median,30,grass_herbaceous,9.5,0.84,27.22,False,27.22,28,simulated,algorithmically_generated_scenario,False,False,False,False
b91bd3a3-0cc1-51b4-9a6e-ce913dfc48f4,2026-12-28,SP021,195,100,median,30,grass_herbaceous,5.5,0.57,27.79,False,27.79,29,simulated,algorithmically_generated_scenario,False,False,False,False
fabc1cd0-c627-5b27-8a8e-4e3a2f5c8f83,2026-12-29,SP021,195,100,median,30,grass_herbaceous,14.1,1.01,28.8,False,28.8,30,simulated,algorithmically_generated_scenario,False,False,False,False
17b885bb-aed7-53b3-90a4-939228914a5e,2026-12-30,SP021,195,100,median,30,grass_herbaceous,3.5,0.59,29.39,False,29.39,31,simulated,algorithmically_generated_scenario,False,False,False,False
2167fbc1-efa0-548d-a7a0-78d9aa5ea441,2026-12-31,SP021,195,100,median,30,grass_herbaceous,0.0,0.73,30.12,False,30.12,32,simulated,algorithmically_generated_scenario,False,False,False,False
3f83cb1e-71a2-512e-9b47-df4d6316e8e3,2027-01-01,SP021,195,100,median,30,grass_herbaceous,4.0,0.65,30.77,False,30.77,33,simulated,algorithmically_generated_scenario,False,False,False,False
81b4cd8a-23f1-576b-9658-5ee38764b242,2027-01-02,SP021,195,100,median,30,grass_herbaceous,11.8,0.92,31.69,False,31.69,34,simulated,algorithmically_generated_scenario,False,False,False,False
d108ec47-d7c8-5cbb-a580-16caf6515ed5,2027-01-03,SP021,195,100,median,30,grass_herbaceous,3.8,0.58,32.27,False,32.27,35,simulated,algorithmically_generated_scenario,False,False,False,False
62c6a620-45f2-597c-8257-3a9f85e27e2b,2027-01-04,SP021,195,100,median,30,grass_herbaceous,3.9,0.57,32.84,False,32.84,36,simulated,algorithmically_generated_scenario,False,False,False,False
26cb861d-e416-5d0d-a726-ab07707cc8d4,2027-01-05,SP021,195,100,median,30,grass_herbaceous,4.6,0.78,33.62,False,33.62,37,simulated,algorithmically_generated_scenario,False,False,False,False
57f2423b-1d10-5d34-ab4c-c0cbf8b820b6,2027-01-06,SP021,195,100,median,30,grass_herbaceous,5.7,0.83,34.45,False,34.45,38,simulated,algorithmically_generated_scenario,False,False,False,False
ca40d53a-3826-5029-84ec-8ccd1bdc05d2,2027-01-07,SP021,195,100,median,30,grass_herbaceous,2.8,0.5,34.95,False,34.95,39,simulated,algorithmically_generated_scenario,False,False,False,False
6fd91589-ae36-559f-995f-242d2df12bfb,2027-01-08,SP021,195,100,median,30,grass_herbaceous,9.6,0.86,35.81,False,35.81,40,simulated,algorithmically_generated_scenario,False,False,False,False
45a9c418-15d0-51e4-bd08-b2898c9f5c97,2027-01-09,SP021,195,100,median,30,grass_herbaceous,7.4,0.84,36.65,False,36.65,41,simulated,algorithmically_generated_scenario,False,False,False,False
1e98a782-9154-58b9-86ee-8918fa15dc24,2027-01-10,SP021,195,100,median,30,grass_herbaceous,9.3,0.9,37.55,False,37.55,42,simulated,algorithmically_generated_scenario,False,False,False,False
785f7de2-52af-586a-9ec8-b90c42215198,2027-01-11,SP021,195,100,median,30,grass_herbaceous,12.2,0.73,38.28,False,38.28,43,simulated,algorithmically_generated_scenario,False,False,False,False
8657e67c-7777-5b90-b5dc-a4ae3920825d,2027-01-12,SP021,195,100,median,30,grass_herbaceous,0.0,0.46,38.74,False,38.74,44,simulated,algorithmically_generated_scenario,False,False,False,False
338219be-ec4a-54ee-a06f-f39000e2328b,2027-01-13,SP021,195,100,median,30,grass_herbaceous,0.8,0.54,39.28,False,39.28,45,simulated,algorithmically_generated_scenario,False,False,False,False
dcf3e79e-cc8d-51cf-8288-5867a8da1098,2027-01-14,SP021,195,100,median,30,grass_herbaceous,5.6,0.57,39.85,False,39.85,46,simulated,algorithmically_generated_scenario,False,False,False,False
856fb080-2bad-55d4-b6b6-8febfb70e707,2027-01-15,SP021,195,100,median,30,grass_herbaceous,0.0,0.47,40.32,False,40.32,47,simulated,algorithmically_generated_scenario,False,False,False,False
9b76b891-7e20-5c3b-8b49-c3aa5d82f060,2027-01-16,SP021,195,100,median,30,grass_herbaceous,14.7,1.11,41.43,False,41.43,48,simulated,algorithmically_generated_scenario,False,False,False,False
b2d3e9bc-6040-527a-ae41-040b21435e9c,2027-01-17,SP021,195,100,median,30,grass_herbaceous,5.5,0.75,42.18,False,42.18,49,simulated,algorithmically_generated_scenario,False,False,False,False
e11ec421-2443-5dd6-9b30-a93d747eecfc,2027-01-18,SP021,195,100,median,30,grass_herbaceous,11.4,0.73,42.91,True,8.0,0,simulated,algorithmically_generated_scenario,False,False,False,False
9f1c9f9c-4de3-5049-a8f6-ef8207f81bfc,2027-01-19,SP021,195,100,median,30,grass_herbaceous,10.0,0.77,8.77,False,8.77,1,simulated,algorithmically_generated_scenario,False,False,False,False
0700ed60-56f2-5c5c-96c7-d081d477b532,2027-01-20,SP021,195,100,median,30,grass_herbaceous,5.7,0.84,9.61,False,9.61,2,simulated,algorithmically_generated_scenario,False,False,False,False
144443cc-2936-5434-ab33-c3540b9ffefd,2027-01-21,SP021,195,100,median,30,grass_herbaceous,6.1,0.86,10.47,False,10.47,3,simulated,algorithmically_generated_scenario,False,False,False,False
4c47fb6e-3097-562f-94b0-bf3099a4c5d6,2027-01-22,SP021,195,100,median,30,grass_herbaceous,4.4,0.82,11.29,False,11.29,4,simulated,algorithmically_generated_scenario,False,False,False,False
9ead9aa3-0b13-5222-b8da-586759779d1e,2027-01-23,SP021,195,100,median,30,grass_herbaceous,7.6,0.7,11.99,False,11.99,5,simulated,algorithmically_generated_scenario,False,False,False,False
126337a3-e8d3-5397-9fed-05710704b9e1,2027-01-24,SP021,195,100,median,30,grass_herbaceous,0.7,0.73,12.72,False,12.72,6,simulated,algorithmically_generated_scenario,False,False,False,False
90c55aa5-f64a-53a2-b6ea-17f22a849cce,2027-01-25,SP021,195,100,median,30,grass_herbaceous,0.0,0.46,13.18,False,13.18,7,simulated,algorithmically_generated_scenario,False,False,False,False
df836cb8-d263-56be-b518-4b0444d0636e,2027-01-26,SP021,195,100,median,30,grass_herbaceous,3.4,0.63,13.81,False,13.81,8,simulated,algorithmically_generated_scenario,False,False,False,False
8dd5843c-30ef-51ed-9dcb-0a4c207167af,2027-01-27,SP021,195,100,median,30,grass_herbaceous,15.7,1.0,14.81,False,14.81,9,simulated,algorithmically_generated_scenario,False,False,False,False
c15d2fd3-5f51-5743-9545-1312f192595b,2026-08-01,SP021,195,100,special,10,grass_herbaceous,6.1,0.74,7.74,False,7.74,,simulated,algorithmically_generated_scenario,False,False,False,False
e708c77c-21aa-5186-bede-224df5612111,2026-08-02,SP021,195,100,special,10,grass_herbaceous,5.7,0.69,8.43,False,8.43,,simulated,algorithmically_generated_scenario,False,False,False,False
8ccc5bb6-e8d0-5e69-8a84-4878c135bb8e,2026-08-03,SP021,195,100,special,10,grass_herbaceous,6.1,0.54,8.97,False,8.97,,simulated,algorithmically_generated_scenario,False,False,False,False
e434a8ac-4d21-5bc8-b1a5-05d1375bdd2e,2026-08-04,SP021,195,100,special,10,grass_herbaceous,0.4,0.5,9.47,False,9.47,,simulated,algorithmically_generated_scenario,False,False,False,False
35f9d313-1f80-5e2d-8550-f603c85b122b,2026-08-05,SP021,195,100,special,10,grass_herbaceous,10.3,0.7,10.17,False,10.17,,simulated,algorithmically_generated_scenario,False,False,False,False
404d5823-6f17-5f4b-8e02-1ae5b8ee0580,2026-08-06,SP021,195,100,special,10,grass_herbaceous,7.3,0.58,10.75,False,10.75,,simulated,algorithmically_generated_scenario,False,False,False,False
0ab819fe-3e8b-5f4e-abe1-3ad073d39593,2026-08-07,SP021,195,100,special,10,grass_herbaceous,0.7,0.36,11.11,False,11.11,,simulated,algorithmically_generated_scenario,False,False,False,False
1bc30c7e-cf42-56bf-abc6-296f113575bf,2026-08-08,SP021,195,100,special,10,grass_herbaceous,8.6,0.69,11.8,False,11.8,,simulated,algorithmically_generated_scenario,False,False,False,False
16868af0-614b-59fe-afbf-96d6aefa4519,2026-08-09,SP021,195,100,special,10,grass_herbaceous,0.0,0.62,12.42,True,5.0,0,simulated,algorithmically_generated_scenario,False,False,False,False
dead432a-6ea7-5f19-b6f2-dd46cb2f17a8,2026-08-10,SP021,195,100,special,10,grass_herbaceous,11.6,0.83,5.83,False,5.83,1,simulated,algorithmically_generated_scenario,False,False,False,False
437ea9db-16e6-5dcd-8ff6-22391962f916,2026-08-11,SP021,195,100,special,10,grass_herbaceous,5.2,0.48,6.31,False,6.31,2,simulated,algorithmically_generated_scenario,False,False,False,False
40eac1e9-a65d-5d46-ab89-9267ee02703f,2026-08-12,SP021,195,100,special,10,grass_herbaceous,9.5,0.7,7.01,False,7.01,3,simulated,algorithmically_generated_scenario,False,False,False,False
b615a17e-b19f-5e0c-9048-382ae0471ddc,2026-08-13,SP021,195,100,special,10,grass_herbaceous,2.4,0.65,7.66,False,7.66,4,simulated,algorithmically_generated_scenario,False,False,False,False
144cc7e1-69cc-560e-b1b6-1bf244040358,2026-08-14,SP021,195,100,special,10,grass_herbaceous,0.3,0.55,8.21,False,8.21,5,simulated,algorithmically_generated_scenario,False,False,False,False
c1d60c68-5b2f-5b5d-9d88-f554ccf8b1cb,2026-08-15,SP021,195,100,special,10,grass_herbaceous,0.5,0.59,8.8,False,8.8,6,simulated,algorithmically_generated_scenario,False,False,False,False
78ff41cb-a271-574b-b9de-b66c71d2dddc,2026-08-16,SP021,195,100,special,10,grass_herbaceous,0.0,0.61,9.41,False,9.41,7,simulated,algorithmically_generated_scenario,False,False,False,False
6384bc54-e493-570c-931e-b891fd11f8f5,2026-08-17,SP021,195,100,special,10,grass_herbaceous,3.4,0.71,10.12,False,10.12,8,simulated,algorithmically_generated_scenario,False,False,False,False
df0faa5a-c39d-5b9e-a41c-970e43a48775,2026-08-18,SP021,195,100,special,10,grass_herbaceous,10.1,0.58,10.7,False,10.7,9,simulated,algorithmically_generated_scenario,False,False,False,False
bf983fa2-97a0-5df1-bd5a-d493ab374a48,2026-08-19,SP021,195,100,special,10,grass_herbaceous,1.3,0.41,11.11,False,11.11,10,simulated,algorithmically_generated_scenario,False,False,False,False
07107945-cd84-599a-98d7-3c3598412bfa,2026-08-20,SP021,195,100,special,10,grass_herbaceous,16.2,0.96,12.07,False,12.07,11,simulated,algorithmically_generated_scenario,False,False,False,False
f7c2ae30-9e99-577f-8938-e5eba65ab0dc,2026-08-21,SP021,195,100,special,10,grass_herbaceous,3.2,0.57,12.64,False,12.64,12,simulated,algorithmically_generated_scenario,False,False,False,False
973d8cad-7378-56cd-91d9-519602d9f609,2026-08-22,SP021,195,100,special,10,grass_herbaceous,1.8,0.38,13.02,False,13.02,13,simulated,algorithmically_generated_scenario,False,False,False,False
609afeec-4a18-59c7-a74f-cd5aa9879e6a,2026-08-23,SP021,195,100,special,10,grass_herbaceous,5.2,0.53,13.55,True,5.0,0,simulated,algorithmically_generated_scenario,False,False,False,False
efef047e-7f24-5209-a250-e3960d080706,2026-08-24,SP021,195,100,special,10,grass_herbaceous,1.5,0.56,5.56,False,5.56,1,simulated,algorithmically_generated_scenario,False,False,False,False
4bf8507a-2ab7-5d90-be1c-e3e61c61981b,2026-08-25,SP021,195,100,special,10,grass_herbaceous,8.4,0.56,6.12,False,6.12,2,simulated,algorithmically_generated_scenario,False,False,False,False
7a2281b9-9673-5e17-965a-277acad63013,2026-08-26,SP021,195,100,special,10,grass_herbaceous,8.3,0.68,6.8,False,6.8,3,simulated,algorithmically_generated_scenario,False,False,False,False
c2034b90-d504-5be0-9a12-4400154d83a4,2026-08-27,SP021,195,100,special,10,grass_herbaceous,3.5,0.47,7.27,False,7.27,4,simulated,algorithmically_generated_scenario,False,False,False,False
747ec439-23cb-50ed-91d8-b1ad5ea81f1f,2026-08-28,SP021,195,100,special,10,grass_herbaceous,7.7,0.55,7.82,False,7.82,5,simulated,algorithmically_generated_scenario,False,False,False,False
760eb06f-ad03-567d-ac96-9da027898626,2026-08-29,SP021,195,100,special,10,grass_herbaceous,9.2,0.8,8.62,False,8.62,6,simulated,algorithmically_generated_scenario,False,False,False,False
665c94cf-d686-5c72-9f98-bdcee92265d9,2026-08-30,SP021,195,100,special,10,grass_herbaceous,9.4,0.8,9.42,False,9.42,7,simulated,algorithmically_generated_scenario,False,False,False,False
281b9648-0e67-5d86-983b-52f46d089b3e,2026-08-31,SP021,195,100,special,10,grass_herbaceous,8.5,0.84,10.26,False,10.26,8,simulated,algorithmically_generated_scenario,False,False,False,False
5cb819fc-3af9-53fb-953c-fa04dc824ee3,2026-09-01,SP021,195,100,special,10,grass_herbaceous,8.0,0.69,10.95,False,10.95,9,simulated,algorithmically_generated_scenario,False,False,False,False
2f579fd9-239e-54b6-80f8-410dab3e30fb,2026-09-02,SP021,195,100,special,10,grass_herbaceous,1.1,0.48,11.43,False,11.43,10,simulated,algorithmically_generated_scenario,False,False,False,False
1de247e1-dba9-5453-8ebc-701d79fe285d,2026-09-03,SP021,195,100,special,10,grass_herbaceous,1.4,0.37,11.8,False,11.8,11,simulated,algorithmically_generated_scenario,False,False,False,False
24fe0633-95e2-5123-b014-b0680b60df7e,2026-09-04,SP021,195,100,special,10,grass_herbaceous,2.1,0.5,12.3,False,12.3,12,simulated,algorithmically_generated_scenario,False,False,False,False
937cc0a6-b36a-5cad-8d05-57efe808dac6,2026-09-05,SP021,195,100,special,10,grass_herbaceous,12.2,0.67,12.97,False,12.97,13,simulated,algorithmically_generated_scenario,False,False,False,False
92edce4e-8868-578f-b63b-4c1ba7f01fc4,2026-09-06,SP021,195,100,special,10,grass_herbaceous,0.0,0.36,13.33,True,5.0,0,simulated,algorithmically_generated_scenario,False,False,False,False
020b562c-e5e8-5bcf-a60e-881a6c8e8e5b,2026-09-07,SP021,195,100,special,10,grass_herbaceous,4.2,0.59,5.59,False,5.59,1,simulated,algorithmically_generated_scenario,False,False,False,False
02a6caeb-8430-53e0-a90f-d036349988e4,2026-09-08,SP021,195,100,special,10,grass_herbaceous,4.6,0.68,6.27,False,6.27,2,simulated,algorithmically_generated_scenario,False,False,False,False
e1981eba-5957-5a96-9dd0-dc9cb18cbfb9,2026-09-09,SP021,195,100,special,10,grass_herbaceous,6.4,0.56,6.83,False,6.83,3,simulated,algorithmically_generated_scenario,False,False,False,False
cf423b17-7678-5324-991c-5126ec7cd45c,2026-09-10,SP021,195,100,special,10,grass_herbaceous,11.3,0.89,7.72,False,7.72,4,simulated,algorithmically_generated_scenario,False,False,False,False
13a0e80d-c152-563d-893b-da18266e4ba4,2026-09-11,SP021,195,100,special,10,grass_herbaceous,9.1,0.73,8.45,False,8.45,5,simulated,algorithmically_generated_scenario,False,False,False,False
1ae2eeb3-72db-5577-b435-cc164bbcef68,2026-09-12,SP021,195,100,special,10,grass_herbaceous,0.0,0.58,9.03,False,9.03,6,simulated,algorithmically_generated_scenario,False,False,False,False
00dca0a0-7742-59ac-8cce-d718a64c9399,2026-09-13,SP021,195,100,special,10,grass_herbaceous,0.0,0.47,9.5,False,9.5,7,simulated,algorithmically_generated_scenario,False,False,False,False
3ea64e43-6b8e-5470-94e6-2abbcbdb2df0,2026-09-14,SP021,195,100,special,10,grass_herbaceous,6.0,0.74,10.24,False,10.24,8,simulated,algorithmically_generated_scenario,False,False,False,False
d693a4f2-d5a1-5669-8958-fff7aeaab56b,2026-09-15,SP021,195,100,special,10,grass_herbaceous,6.7,0.51,10.75,False,10.75,9,simulated,algorithmically_generated_scenario,False,False,False,False
f720c24e-3f2f-5fcc-984c-bbeae6ce78ee,2026-09-16,SP021,195,100,special,10,grass_herbaceous,8.8,0.86,11.61,False,11.61,10,simulated,algorithmically_generated_scenario,False,False,False,False
dcb7ff14-972c-51eb-a2e8-d2aa6d260a6b,2026-09-17,SP021,195,100,special,10,grass_herbaceous,0.0,0.51,12.12,False,12.12,11,simulated,algorithmically_generated_scenario,False,False,False,False
35ac4e59-26c8-5a65-b6d9-b758689ce408,2026-09-18,SP021,195,100,special,10,grass_herbaceous,0.0,0.59,12.71,False,12.71,12,simulated,algorithmically_generated_scenario,False,False,False,False
1d239c97-ad57-51b3-8a67-ddf2c87311df,2026-09-19,SP021,195,100,special,10,grass_herbaceous,4.5,0.45,13.16,False,13.16,13,simulated,algorithmically_generated_scenario,False,False,False,False
9a85e46d-a0ba-5351-99bc-3943f5a9b41c,2026-09-20,SP021,195,100,special,10,grass_herbaceous,6.6,0.76,13.92,True,5.0,0,simulated,algorithmically_generated_scenario,False,False,False,False
b7181a3f-b44a-5a1c-8287-9494f60076d7,2026-09-21,SP021,195,100,special,10,grass_herbaceous,5.3,0.62,5.62,False,5.62,1,simulated,algorithmically_generated_scenario,False,False,False,False
6b6b74d8-5241-5c8d-89b6-fe1c1f6bb611,2026-09-22,SP021,195,100,special,10,grass_herbaceous,0.0,0.62,6.24,False,6.24,2,simulated,algorithmically_generated_scenario,False,False,False,False
8883fff4-eb7c-59f0-9c97-cc6c18120559,2026-09-23,SP021,195,100,special,10,grass_herbaceous,11.4,0.7,6.94,False,6.94,3,simulated,algorithmically_generated_scenario,False,False,False,False
310362cf-fda4-5986-8e16-99d930787dfd,2026-09-24,SP021,195,100,special,10,grass_herbaceous,5.4,0.49,7.43,False,7.43,4,simulated,algorithmically_generated_scenario,False,False,False,False
4a1a4dfe-56cc-53e6-81bd-d72385a7019a,2026-09-25,SP021,195,100,special,10,grass_herbaceous,3.7,0.55,7.98,False,7.98,5,simulated,algorithmically_generated_scenario,False,False,False,False
ad133d3c-7de3-5e0f-b83e-aaea03e41202,2026-09-26,SP021,195,100,special,10,grass_herbaceous,2.3,0.63,8.61,False,8.61,6,simulated,algorithmically_generated_scenario,False,False,False,False
ccfceea6-aed0-5009-8dc3-aab42a2df483,2026-09-27,SP021,195,100,special,10,grass_herbaceous,7.3,0.68,9.29,False,9.29,7,simulated,algorithmically_generated_scenario,False,False,False,False
30914e38-e676-5e57-9d04-694ff290eab2,2026-09-28,SP021,195,100,special,10,grass_herbaceous,0.0,0.38,9.67,False,9.67,8,simulated,algorithmically_generated_scenario,False,False,False,False
11bd8cc9-b7f4-5c6f-9242-ef6e84cfe171,2026-09-29,SP021,195,100,special,10,grass_herbaceous,8.3,0.82,10.49,False,10.49,9,simulated,algorithmically_generated_scenario,False,False,False,False
ad4630b2-d9d2-5977-b2f2-eeb6926636d7,2026-09-30,SP021,195,100,special,10,grass_herbaceous,4.2,0.59,11.08,False,11.08,10,simulated,algorithmically_generated_scenario,False,False,False,False
ad879b1d-6333-501b-b7a9-35753f1be25e,2026-10-01,SP021,195,100,special,10,grass_herbaceous,4.1,0.67,11.75,False,11.75,11,simulated,algorithmically_generated_scenario,False,False,False,False
3da48830-1adb-58a0-a218-aee46ec7ae9f,2026-10-02,SP021,195,100,special,10,grass_herbaceous,0.0,0.49,12.24,False,12.24,12,simulated,algorithmically_generated_scenario,False,False,False,False
70836604-9b5c-5442-8fc4-aaccf1a61088,2026-10-03,SP021,195,100,special,10,grass_herbaceous,0.0,0.58,12.82,False,12.82,13,simulated,algorithmically_generated_scenario,False,False,False,False
765a6ac2-d984-54cb-a6fd-ba88c677768b,2026-10-04,SP021,195,100,special,10,grass_herbaceous,0.9,0.42,13.24,True,5.0,0,simulated,algorithmically_generated_scenario,False,False,False,False
de805a2b-1be3-54b6-a47d-b1a118d274bf,2026-10-05,SP021,195,100,special,10,grass_herbaceous,0.0,0.53,5.53,False,5.53,1,simulated,algorithmically_generated_scenario,False,False,False,False
cd9a3625-dcb6-570b-bf33-863302d4f9c0,2026-10-06,SP021,195,100,special,10,grass_herbaceous,6.5,0.65,6.18,False,6.18,2,simulated,algorithmically_generated_scenario,False,False,False,False
ecb565a6-bd8f-5cb4-aad0-5fe31a67d8af,2026-10-07,SP021,195,100,special,10,grass_herbaceous,6.3,0.54,6.72,False,6.72,3,simulated,algorithmically_generated_scenario,False,False,False,False
ae3c2c8e-d7e8-54ab-8611-d8eae93396c4,2026-10-08,SP021,195,100,special,10,grass_herbaceous,5.1,0.71,7.43,False,7.43,4,simulated,algorithmically_generated_scenario,False,False,False,False
a73d22d6-aeea-5d11-ba6c-63512a4176e0,2026-10-09,SP021,195,100,special,10,grass_herbaceous,3.2,0.46,7.89,False,7.89,5,simulated,algorithmically_generated_scenario,False,False,False,False
f28dc3e8-f7ba-566b-9521-14be15e08aa8,2026-10-10,SP021,195,100,special,10,grass_herbaceous,0.3,0.39,8.28,False,8.28,6,simulated,algorithmically_generated_scenario,False,False,False,False
e32baa17-7d09-5da0-a15b-73cace9b220f,2026-10-11,SP021,195,100,special,10,grass_herbaceous,2.6,0.7,8.98,False,8.98,7,simulated,algorithmically_generated_scenario,False,False,False,False
6c30f50a-56f6-5ec7-bf43-d333e36a3d9c,2026-10-12,SP021,195,100,special,10,grass_herbaceous,13.1,0.76,9.74,False,9.74,8,simulated,algorithmically_generated_scenario,False,False,False,False
c541daa5-f099-5db6-b968-5f152b341863,2026-10-13,SP021,195,100,special,10,grass_herbaceous,12.1,0.93,10.67,False,10.67,9,simulated,algorithmically_generated_scenario,False,False,False,False
577a500e-38cb-571b-a144-d59fab0bfd44,2026-10-14,SP021,195,100,special,10,grass_herbaceous,0.0,0.62,11.29,False,11.29,10,simulated,algorithmically_generated_scenario,False,False,False,False
103dcc04-2601-53d1-a8d0-69e576b56efb,2026-10-15,SP021,195,100,special,10,grass_herbaceous,8.8,0.57,11.86,False,11.86,11,simulated,algorithmically_generated_scenario,False,False,False,False
f5804538-fda7-5d46-bc2d-0481182a288c,2026-10-16,SP021,195,100,special,10,grass_herbaceous,10.5,0.87,12.73,False,12.73,12,simulated,algorithmically_generated_scenario,False,False,False,False
4281b078-0cc5-514b-bf1b-c05efb9acd81,2026-10-17,SP021,195,100,special,10,grass_herbaceous,7.5,0.62,13.35,False,13.35,13,simulated,algorithmically_generated_scenario,False,False,False,False
9efa9797-a0ba-5f14-ae47-628ce74f863c,2026-10-18,SP021,195,100,special,10,grass_herbaceous,2.1,0.38,13.73,True,5.0,0,simulated,algorithmically_generated_scenario,False,False,False,False
871e3c54-9273-50c4-9c41-9f3c44421dd0,2026-10-19,SP021,195,100,special,10,grass_herbaceous,7.6,0.76,5.76,False,5.76,1,simulated,algorithmically_generated_scenario,False,False,False,False
08f2db71-eb3b-5467-8573-87f1a84d3691,2026-10-20,SP021,195,100,special,10,grass_herbaceous,6.3,0.74,6.5,False,6.5,2,simulated,algorithmically_generated_scenario,False,False,False,False
4622df5e-86cf-58a1-8213-62c58abb1b4e,2026-10-21,SP021,195,100,special,10,grass_herbaceous,3.3,0.61,7.11,False,7.11,3,simulated,algorithmically_generated_scenario,False,False,False,False
00a885e2-5afe-595b-b1d2-d7ac29321b74,2026-10-22,SP021,195,100,special,10,grass_herbaceous,7.0,0.72,7.83,False,7.83,4,simulated,algorithmically_generated_scenario,False,False,False,False
0be770fa-1a26-5cc9-a4c3-886b5443bc50,2026-10-23,SP021,195,100,special,10,grass_herbaceous,11.7,0.9,8.73,False,8.73,5,simulated,algorithmically_generated_scenario,False,False,False,False
95402ff1-8fc2-5f1b-98f3-0e4c25d90c27,2026-10-24,SP021,195,100,special,10,grass_herbaceous,2.6,0.47,9.2,False,9.2,6,simulated,algorithmically_generated_scenario,False,False,False,False
72563876-e6d4-5802-8eb8-00eb4a4eaa3c,2026-10-25,SP021,195,100,special,10,grass_herbaceous,0.0,0.45,9.65,False,9.65,7,simulated,algorithmically_generated_scenario,False,False,False,False
20f5bd76-9341-59c7-8c54-c7a1c75e7b03,2026-10-26,SP021,195,100,special,10,grass_herbaceous,4.9,0.74,10.39,False,10.39,8,simulated,algorithmically_generated_scenario,False,False,False,False
9e75f677-4c0c-5556-b4d0-ea549e33ec02,2026-10-27,SP021,195,100,special,10,grass_herbaceous,0.6,0.42,10.81,False,10.81,9,simulated,algorithmically_generated_scenario,False,False,False,False
fd4fc36b-030f-5986-8f24-aea91f292ba1,2026-10-28,SP021,195,100,special,10,grass_herbaceous,7.8,0.61,11.42,False,11.42,10,simulated,algorithmically_generated_scenario,False,False,False,False
9ce61ace-fc6b-5a5e-a6af-a8fb349b22f9,2026-10-29,SP021,195,100,special,10,grass_herbaceous,4.4,0.67,12.09,False,12.09,11,simulated,algorithmically_generated_scenario,False,False,False,False
098030b3-9c29-552b-b731-884fc471f460,2026-10-30,SP021,195,100,special,10,grass_herbaceous,6.3,0.48,12.57,False,12.57,12,simulated,algorithmically_generated_scenario,False,False,False,False
4ca107aa-7165-5da3-b9e5-0f44d2b37b78,2026-10-31,SP021,195,100,special,10,grass_herbaceous,2.1,0.48,13.05,False,13.05,13,simulated,algorithmically_generated_scenario,False,False,False,False
bd502251-7be3-596e-b888-f54c09767646,2026-11-01,SP021,195,100,special,10,grass_herbaceous,9.2,0.65,13.7,True,5.0,0,simulated,algorithmically_generated_scenario,False,False,False,False
94d3127d-8a05-5c9e-818d-b607b54ff6c2,2026-11-02,SP021,195,100,special,10,grass_herbaceous,0.0,0.48,5.48,False,5.48,1,simulated,algorithmically_generated_scenario,False,False,False,False
89932bd8-2fe2-53ec-ab03-04332fdab569,2026-11-03,SP021,195,100,special,10,grass_herbaceous,3.8,0.7,6.18,False,6.18,2,simulated,algorithmically_generated_scenario,False,False,False,False
87fe6d00-5177-508f-89f5-215d2bbfc872,2026-11-04,SP021,195,100,special,10,grass_herbaceous,6.6,0.64,6.82,False,6.82,3,simulated,algorithmically_generated_scenario,False,False,False,False
cc66e660-e42b-5d2b-b525-d0dbf98bab23,2026-11-05,SP021,195,100,special,10,grass_herbaceous,0.0,0.33,7.15,False,7.15,4,simulated,algorithmically_generated_scenario,False,False,False,False
c19fc47a-c675-571e-81f1-b5891aff92db,2026-11-06,SP021,195,100,special,10,grass_herbaceous,0.7,0.41,7.56,False,7.56,5,simulated,algorithmically_generated_scenario,False,False,False,False
91e93804-146c-59f9-bdb1-fb19ccc55efd,2026-11-07,SP021,195,100,special,10,grass_herbaceous,9.9,0.66,8.22,False,8.22,6,simulated,algorithmically_generated_scenario,False,False,False,False
ef4d8393-2486-5d1e-aebf-9d590f8ba204,2026-11-08,SP021,195,100,special,10,grass_herbaceous,0.0,0.64,8.86,False,8.86,7,simulated,algorithmically_generated_scenario,False,False,False,False
518393e6-e903-53d2-b4fe-045479c00783,2026-11-09,SP021,195,100,special,10,grass_herbaceous,0.4,0.6,9.46,False,9.46,8,simulated,algorithmically_generated_scenario,False,False,False,False
86a4bb05-95b7-5bff-8c30-4811cc07d56e,2026-11-10,SP021,195,100,special,10,grass_herbaceous,0.0,0.55,10.01,False,10.01,9,simulated,algorithmically_generated_scenario,False,False,False,False
fcade8a7-d11e-5c61-b007-e74d6d57ddef,2026-11-11,SP021,195,100,special,10,grass_herbaceous,7.7,0.67,10.68,False,10.68,10,simulated,algorithmically_generated_scenario,False,False,False,False
fe691c6f-d128-5ef5-b81b-f8ba8571016e,2026-11-12,SP021,195,100,special,10,grass_herbaceous,0.0,0.33,11.01,False,11.01,11,simulated,algorithmically_generated_scenario,False,False,False,False
1866dfa2-f2dc-5316-a3e5-f9779d44190f,2026-11-13,SP021,195,100,special,10,grass_herbaceous,0.0,0.56,11.57,False,11.57,12,simulated,algorithmically_generated_scenario,False,False,False,False
4834a9b3-175e-578f-b88f-06030a9775b8,2026-11-14,SP021,195,100,special,10,grass_herbaceous,3.4,0.6,12.17,False,12.17,13,simulated,algorithmically_generated_scenario,False,False,False,False
570e0e35-be10-58df-9d61-97f40cb9a19f,2026-11-15,SP021,195,100,special,10,grass_herbaceous,3.5,0.53,12.7,True,5.0,0,simulated,algorithmically_generated_scenario,False,False,False,False
4c1a9ff4-9911-5052-9eed-4bd87f350b51,2026-11-16,SP021,195,100,special,10,grass_herbaceous,10.8,0.81,5.81,False,5.81,1,simulated,algorithmically_generated_scenario,False,False,False,False
c168518f-d625-541c-8928-3e2936f6484b,2026-11-17,SP021,195,100,special,10,grass_herbaceous,2.1,0.51,6.32,False,6.32,2,simulated,algorithmically_generated_scenario,False,False,False,False
933098d2-e25f-549f-b10d-28f0d3a78b88,2026-11-18,SP021,195,100,special,10,grass_herbaceous,1.1,0.4,6.72,False,6.72,3,simulated,algorithmically_generated_scenario,False,False,False,False
b821de51-e0b8-539b-8622-70ae641cb071,2026-11-19,SP021,195,100,special,10,grass_herbaceous,0.0,0.42,7.14,False,7.14,4,simulated,algorithmically_generated_scenario,False,False,False,False
6f17db17-3e2e-591d-9120-f1316538ce06,2026-11-20,SP021,195,100,special,10,grass_herbaceous,0.0,0.51,7.65,False,7.65,5,simulated,algorithmically_generated_scenario,False,False,False,False
e70c524c-0e68-5b71-a628-218a1c4ada10,2026-11-21,SP021,195,100,special,10,grass_herbaceous,1.3,0.44,8.09,False,8.09,6,simulated,algorithmically_generated_scenario,False,False,False,False
6560e210-c64c-5aa5-b803-064597c5e769,2026-11-22,SP021,195,100,special,10,grass_herbaceous,4.6,0.74,8.83,False,8.83,7,simulated,algorithmically_generated_scenario,False,False,False,False
b71a38f4-cfe5-55bc-a163-f440db851e1a,2026-11-23,SP021,195,100,special,10,grass_herbaceous,5.1,0.64,9.47,False,9.47,8,simulated,algorithmically_generated_scenario,False,False,False,False
d9c75bcf-11c2-56ff-ad3a-29a225ac57d9,2026-11-24,SP021,195,100,special,10,grass_herbaceous,12.6,0.67,10.14,False,10.14,9,simulated,algorithmically_generated_scenario,False,False,False,False
70f693ea-36a9-58cd-91c2-edb7456c1c07,2026-11-25,SP021,195,100,special,10,grass_herbaceous,10.7,0.69,10.83,False,10.83,10,simulated,algorithmically_generated_scenario,False,False,False,False
10bf60b8-7ea4-5f04-89af-64d30542bd8f,2026-11-26,SP021,195,100,special,10,grass_herbaceous,1.4,0.49,11.32,False,11.32,11,simulated,algorithmically_generated_scenario,False,False,False,False
9c1837ed-9ca1-58fe-8c54-052587d58ed4,2026-11-27,SP021,195,100,special,10,grass_herbaceous,0.0,0.34,11.66,False,11.66,12,simulated,algorithmically_generated_scenario,False,False,False,False
da30c0c5-3b33-5ce5-81cd-4dff6b4d6416,2026-11-28,SP021,195,100,special,10,grass_herbaceous,2.1,0.5,12.16,False,12.16,13,simulated,algorithmically_generated_scenario,False,False,False,False
7b58d38c-52de-54af-99a0-395a68bf8aee,2026-11-29,SP021,195,100,special,10,grass_herbaceous,0.0,0.45,12.61,True,5.0,0,simulated,algorithmically_generated_scenario,False,False,False,False
ecb9033d-7d63-572b-aad5-cc7511700799,2026-11-30,SP021,195,100,special,10,grass_herbaceous,2.4,0.41,5.41,False,5.41,1,simulated,algorithmically_generated_scenario,False,False,False,False
b1cc16d4-95e8-5c5f-8868-0d31a773b08e,2026-12-01,SP021,195,100,special,10,grass_herbaceous,2.6,0.54,5.95,False,5.95,2,simulated,algorithmically_generated_scenario,False,False,False,False
481e4ab4-02bd-5712-b691-557943b2be2d,2026-12-02,SP021,195,100,special,10,grass_herbaceous,13.0,0.89,6.84,False,6.84,3,simulated,algorithmically_generated_scenario,False,False,False,False
f2f895d7-08ce-597d-9352-58058f7ed42f,2026-12-03,SP021,195,100,special,10,grass_herbaceous,4.5,0.64,7.48,False,7.48,4,simulated,algorithmically_generated_scenario,False,False,False,False
e5adda40-7bf2-520b-9d51-5268d90cb6ba,2026-12-04,SP021,195,100,special,10,grass_herbaceous,6.1,0.79,8.27,False,8.27,5,simulated,algorithmically_generated_scenario,False,False,False,False
521b567a-d5d4-5ebc-a660-8468e9eba3ac,2026-12-05,SP021,195,100,special,10,grass_herbaceous,4.2,0.55,8.82,False,8.82,6,simulated,algorithmically_generated_scenario,False,False,False,False
efbf2f1a-4101-55f5-9c3c-8eebc9662dad,2026-12-06,SP021,195,100,special,10,grass_herbaceous,9.2,0.84,9.66,False,9.66,7,simulated,algorithmically_generated_scenario,False,False,False,False
add89d24-45e6-5e9c-b12f-97d32402ee65,2026-12-07,SP021,195,100,special,10,grass_herbaceous,2.9,0.47,10.13,False,10.13,8,simulated,algorithmically_generated_scenario,False,False,False,False
99ccd52a-6dc7-5a6e-a656-d70ee4229f0b,2026-12-08,SP021,195,100,special,10,grass_herbaceous,0.9,0.63,10.76,False,10.76,9,simulated,algorithmically_generated_scenario,False,False,False,False
eabcb4a1-ceae-5ead-81ea-351583f1c047,2026-12-09,SP021,195,100,special,10,grass_herbaceous,5.7,0.66,11.42,False,11.42,10,simulated,algorithmically_generated_scenario,False,False,False,False
c56c5827-bb73-5f4b-ada7-c7d26fcff25f,2026-12-10,SP021,195,100,special,10,grass_herbaceous,0.0,0.39,11.81,False,11.81,11,simulated,algorithmically_generated_scenario,False,False,False,False
69a36a4f-5078-561e-9e71-ea2df6ae6f44,2026-12-11,SP021,195,100,special,10,grass_herbaceous,0.0,0.4,12.21,False,12.21,12,simulated,algorithmically_generated_scenario,False,False,False,False
d56f0ab7-1fb3-5526-a1c8-c8d24fcd3988,2026-12-12,SP021,195,100,special,10,grass_herbaceous,4.3,0.58,12.79,False,12.79,13,simulated,algorithmically_generated_scenario,False,False,False,False
daeb2e0e-177a-580c-9665-11e33cb2d188,2026-12-13,SP021,195,100,special,10,grass_herbaceous,0.0,0.59,13.38,True,5.0,0,simulated,algorithmically_generated_scenario,False,False,False,False
f2d6fdc9-0ce3-50e7-ab7e-399435b8f358,2026-12-14,SP021,195,100,special,10,grass_herbaceous,5.9,0.61,5.61,False,5.61,1,simulated,algorithmically_generated_scenario,False,False,False,False
8d84ff83-6381-5fb0-b98a-af8288fe1f62,2026-12-15,SP021,195,100,special,10,grass_herbaceous,0.0,0.54,6.15,False,6.15,2,simulated,algorithmically_generated_scenario,False,False,False,False
90cc0281-ee03-5fd6-a31b-2b90189ece6b,2026-12-16,SP021,195,100,special,10,grass_herbaceous,0.0,0.35,6.5,False,6.5,3,simulated,algorithmically_generated_scenario,False,False,False,False
f2f7d7da-34c1-5fef-923d-4541c1d9c81d,2026-12-17,SP021,195,100,special,10,grass_herbaceous,1.1,0.38,6.88,False,6.88,4,simulated,algorithmically_generated_scenario,False,False,False,False
f66e0189-d9f6-5c2c-90b3-aaf154819290,2026-12-18,SP021,195,100,special,10,grass_herbaceous,6.2,0.7,7.58,False,7.58,5,simulated,algorithmically_generated_scenario,False,False,False,False
fddaa194-775b-52b0-ba68-ca051fbc9d0d,2026-12-19,SP021,195,100,special,10,grass_herbaceous,0.0,0.43,8.01,False,8.01,6,simulated,algorithmically_generated_scenario,False,False,False,False
3eb4bc0c-3dd7-56b6-8c8b-fbf843fc38e0,2026-12-20,SP021,195,100,special,10,grass_herbaceous,1.8,0.58,8.59,False,8.59,7,simulated,algorithmically_generated_scenario,False,False,False,False
1bfa803c-68d7-5fbf-828f-9fc3b3621bea,2026-12-21,SP021,195,100,special,10,grass_herbaceous,0.0,0.42,9.01,False,9.01,8,simulated,algorithmically_generated_scenario,False,False,False,False
32b4702e-c748-592d-934c-9685f031ddb8,2026-12-22,SP021,195,100,special,10,grass_herbaceous,0.0,0.33,9.34,False,9.34,9,simulated,algorithmically_generated_scenario,False,False,False,False
97dfafb5-64d3-5755-94ad-239df6930193,2026-12-23,SP021,195,100,special,10,grass_herbaceous,6.3,0.48,9.82,False,9.82,10,simulated,algorithmically_generated_scenario,False,False,False,False
cab8bf65-81af-5316-ab93-b8473d644880,2026-12-24,SP021,195,100,special,10,grass_herbaceous,7.1,0.62,10.44,False,10.44,11,simulated,algorithmically_generated_scenario,False,False,False,False
b5c54771-4ac4-5cc4-aeb7-c656c45f5b54,2026-12-25,SP021,195,100,special,10,grass_herbaceous,11.0,0.65,11.09,False,11.09,12,simulated,algorithmically_generated_scenario,False,False,False,False
baa9fc46-1f70-559c-8f5b-24ef678d767c,2026-12-26,SP021,195,100,special,10,grass_herbaceous,7.4,0.64,11.73,False,11.73,13,simulated,algorithmically_generated_scenario,False,False,False,False
f33a8b74-df93-5c83-8644-46cd9b7127b9,2026-12-27,SP021,195,100,special,10,grass_herbaceous,9.3,0.74,12.47,True,5.0,0,simulated,algorithmically_generated_scenario,False,False,False,False
0590b975-b4ce-5108-b37d-a925c89c0c07,2026-12-28,SP021,195,100,special,10,grass_herbaceous,4.5,0.49,5.49,False,5.49,1,simulated,algorithmically_generated_scenario,False,False,False,False
a882fea9-54d2-53b3-a81e-4bcfab2da2de,2026-12-29,SP021,195,100,special,10,grass_herbaceous,10.2,0.67,6.16,False,6.16,2,simulated,algorithmically_generated_scenario,False,False,False,False
fd0de9c8-80f9-54d3-bbc6-50e1e4bbcbf2,2026-12-30,SP021,195,100,special,10,grass_herbaceous,10.8,0.73,6.89,False,6.89,3,simulated,algorithmically_generated_scenario,False,False,False,False
e7e0bbfe-cf9c-505b-9628-454faed2438b,2026-12-31,SP021,195,100,special,10,grass_herbaceous,4.9,0.75,7.64,False,7.64,4,simulated,algorithmically_generated_scenario,False,False,False,False
26b2b562-be96-53aa-b689-503da46074af,2027-01-01,SP021,195,100,special,10,grass_herbaceous,8.7,0.69,8.33,False,8.33,5,simulated,algorithmically_generated_scenario,False,False,False,False
0cdb035a-4c85-527f-91a1-f17b70481b3e,2027-01-02,SP021,195,100,special,10,grass_herbaceous,10.2,0.66,8.99,False,8.99,6,simulated,algorithmically_generated_scenario,False,False,False,False
0c3bf132-b260-53ae-828f-1c90b87f7d3c,2027-01-03,SP021,195,100,special,10,grass_herbaceous,11.5,0.63,9.62,False,9.62,7,simulated,algorithmically_generated_scenario,False,False,False,False
35c5f486-867f-5dae-a626-12b4c39f10e0,2027-01-04,SP021,195,100,special,10,grass_herbaceous,5.2,0.48,10.1,False,10.1,8,simulated,algorithmically_generated_scenario,False,False,False,False
a6755609-ee0a-51cf-9dbb-6526e3ae125f,2027-01-05,SP021,195,100,special,10,grass_herbaceous,7.0,0.51,10.61,False,10.61,9,simulated,algorithmically_generated_scenario,False,False,False,False
37ab53c6-e34e-50b1-9e82-d208b5da55b6,2027-01-06,SP021,195,100,special,10,grass_herbaceous,5.6,0.63,11.24,False,11.24,10,simulated,algorithmically_generated_scenario,False,False,False,False
a38218e5-e450-534f-bb36-70956a860ccf,2027-01-07,SP021,195,100,special,10,grass_herbaceous,5.1,0.74,11.98,False,11.98,11,simulated,algorithmically_generated_scenario,False,False,False,False
78fb1530-3fa3-5302-8081-984169405ad9,2027-01-08,SP021,195,100,special,10,grass_herbaceous,2.6,0.52,12.5,False,12.5,12,simulated,algorithmically_generated_scenario,False,False,False,False
a0a1be76-1730-5218-8236-7ac4cc4923b9,2027-01-09,SP021,195,100,special,10,grass_herbaceous,2.2,0.68,13.18,False,13.18,13,simulated,algorithmically_generated_scenario,False,False,False,False
67478877-da1c-50ce-bb9f-6bd9febc7772,2027-01-10,SP021,195,100,special,10,grass_herbaceous,0.0,0.64,13.82,True,5.0,0,simulated,algorithmically_generated_scenario,False,False,False,False
8e0ed8c4-6e6d-5320-b066-3f135e669a5e,2027-01-11,SP021,195,100,special,10,grass_herbaceous,2.0,0.58,5.58,False,5.58,1,simulated,algorithmically_generated_scenario,False,False,False,False
7ea2702a-3e56-552c-bd49-cca1275256a9,2027-01-12,SP021,195,100,special,10,grass_herbaceous,7.8,0.79,6.37,False,6.37,2,simulated,algorithmically_generated_scenario,False,False,False,False
6aa460b2-0e95-5c70-a7e9-cb001113be82,2027-01-13,SP021,195,100,special,10,grass_herbaceous,6.1,0.77,7.14,False,7.14,3,simulated,algorithmically_generated_scenario,False,False,False,False
5295a322-bc22-5afe-8321-021804230902,2027-01-14,SP021,195,100,special,10,grass_herbaceous,0.4,0.56,7.7,False,7.7,4,simulated,algorithmically_generated_scenario,False,False,False,False
9a53d5f4-43d5-5811-8b06-f56bbf99e428,2027-01-15,SP021,195,100,special,10,grass_herbaceous,10.5,0.72,8.42,False,8.42,5,simulated,algorithmically_generated_scenario,False,False,False,False
1048fe10-d78a-59db-8c42-65833ffbf735,2027-01-16,SP021,195,100,special,10,grass_herbaceous,6.6,0.57,8.99,False,8.99,6,simulated,algorithmically_generated_scenario,False,False,False,False
7ae5d39b-c013-5c97-86af-bb334ccb1241,2027-01-17,SP021,195,100,special,10,grass_herbaceous,4.7,0.64,9.63,False,9.63,7,simulated,algorithmically_generated_scenario,False,False,False,False
ac74eac2-a226-5b22-9def-cfec534f0242,2027-01-18,SP021,195,100,special,10,grass_herbaceous,2.1,0.57,10.2,False,10.2,8,simulated,algorithmically_generated_scenario,False,False,False,False
80fade0c-9437-5391-b0b3-6c00c7db8ee3,2027-01-19,SP021,195,100,special,10,grass_herbaceous,0.0,0.33,10.53,False,10.53,9,simulated,algorithmically_generated_scenario,False,False,False,False
7bcd14e8-55b4-56d4-af68-5be451447e13,2027-01-20,SP021,195,100,special,10,grass_herbaceous,10.1,0.87,11.4,False,11.4,10,simulated,algorithmically_generated_scenario,False,False,False,False
b04ec3e2-8823-53de-9c65-01fd384c6de6,2027-01-21,SP021,195,100,special,10,grass_herbaceous,6.6,0.8,12.2,False,12.2,11,simulated,algorithmically_generated_scenario,False,False,False,False
35c7bd94-4721-53b6-9f60-a5f552b5bd18,2027-01-22,SP021,195,100,special,10,grass_herbaceous,15.7,0.8,13.0,False,13.0,12,simulated,algorithmically_generated_scenario,False,False,False,False
40ed7074-f337-501f-826b-ebecb96afac9,2027-01-23,SP021,195,100,special,10,grass_herbaceous,7.7,0.72,13.72,False,13.72,13,simulated,algorithmically_generated_scenario,False,False,False,False
34eddd5d-4949-5a27-bf38-a92e928a77a4,2027-01-24,SP021,195,100,special,10,grass_herbaceous,1.5,0.48,14.2,True,5.0,0,simulated,algorithmically_generated_scenario,False,False,False,False
a29a8d31-5596-5d20-8bf8-c60a55e5d4c9,2027-01-25,SP021,195,100,special,10,grass_herbaceous,10.4,0.88,5.88,False,5.88,1,simulated,algorithmically_generated_scenario,False,False,False,False
ab69018f-4030-5699-915c-cbc02b25c326,2027-01-26,SP021,195,100,special,10,grass_herbaceous,0.0,0.58,6.46,False,6.46,2,simulated,algorithmically_generated_scenario,False,False,False,False
d0170768-b81a-55fe-a173-85c0a632eaaf,2027-01-27,SP021,195,100,special,10,grass_herbaceous,2.4,0.57,7.03,False,7.03,3,simulated,algorithmically_generated_scenario,False,False,False,False
